respondiente_id,pregunta_id,pregunta,respuesta,genero,edad_rango,localidad_residencia
NNA001,P00,Marca temporal,2025-10-22 10:58:09.220000,Mujer,14 a 18,ESMERALDA
NNA001,P01,Nombre Completo,Trinidad Paola Zanorano Pérez,Mujer,14 a 18,ESMERALDA
NNA001,P02,Género,Mujer,Mujer,14 a 18,ESMERALDA
NNA001,P03,Seleccione su Rango de edad,14 a 18,Mujer,14 a 18,ESMERALDA
NNA001,P04,¿En qué sector o localidad de Rengo resides actualmente?,ESMERALDA,Mujer,14 a 18,ESMERALDA
NNA001,P05,Sector/Barrio/Villa donde vives:  ,"San jorge, parcela 1",Mujer,14 a 18,ESMERALDA
NNA001,P06,¿A qué Colegio/Liceo asiste o asistió en el último periodo?,Liceo Luis Urbina Flores,Mujer,14 a 18,ESMERALDA
NNA001,P07,¿Cómo describirías el sentido de identidad local en Rengo?,Fuerte,Mujer,14 a 18,ESMERALDA
NNA001,P08,"¿Perteneces y/o participas en Agrupaciones Comunitarios, Culturales, Deportivas?",Sí,Mujer,14 a 18,ESMERALDA
NNA001,P09,¿Qué áreas debería priorizar el nuevo Plan de Desarrollo Comunal (PLADECO) 2025–2035? (Selecciona hasta tres),Cultura,Mujer,14 a 18,ESMERALDA
NNA001,P09,¿Qué áreas debería priorizar el nuevo Plan de Desarrollo Comunal (PLADECO) 2025–2035? (Selecciona hasta tres),deporte y recreación,Mujer,14 a 18,ESMERALDA
NNA001,P10,¿Compartes con tus vecinos en actividades recreativas?,No,Mujer,14 a 18,ESMERALDA
NNA001,P11,¿Has visto o vivido situaciones de violencia en tu colegio?,Rara vez,Mujer,14 a 18,ESMERALDA
NNA001,P12,¿Qué tipo de situaciones se presentan con más frecuencia?,Burlas o acoso verbal,Mujer,14 a 18,ESMERALDA
NNA001,P13,¿A quién acudirías si sufres o ves una situación de violencia escolar?,Profesor/a o inspector/a,Mujer,14 a 18,ESMERALDA
NNA001,P14,¿Te sientes seguro/a al caminar por tu barrio?,Muy seguro/a,Mujer,14 a 18,ESMERALDA
NNA001,P15,¿Qué situaciones te hacen sentir inseguro/a en tu barrio?,Nada,Mujer,14 a 18,ESMERALDA
NNA001,P16,¿Cómo llegas al colegio o liceo?,En micro,Mujer,14 a 18,ESMERALDA
NNA001,P17,¿Te sientes seguro/a en tu barrio?,Muy seguro/a,Mujer,14 a 18,ESMERALDA
NNA001,P18,¿Qué lugares visitas más en tu comuna?,Vivo en el campo,Mujer,14 a 18,ESMERALDA
NNA001,P18,¿Qué lugares visitas más en tu comuna?,xd,Mujer,14 a 18,ESMERALDA
NNA001,P19,¿Qué cosas te hacen sentir feliz en tu barrio o comuna?,"La naturaleza, La tranquilidad",Mujer,14 a 18,ESMERALDA
NNA001,P20,¿Qué problemas o cosas negativas notas donde vives?,Nada,Mujer,14 a 18,ESMERALDA
NNA001,P21,¿Cómo calificas la limpieza y orden de tu barrio?,"Aceptable, No lo sé",Mujer,14 a 18,ESMERALDA
NNA001,P22,¿Participas en actividades del municipio o tu colegio?,"Sí, frecuentemente",Mujer,14 a 18,ESMERALDA
NNA001,P23,¿Dónde te gusta pasar tu tiempo libre?,En casa,Mujer,14 a 18,ESMERALDA
NNA001,P24,¿Qué tanto te sientes escuchado/a por los adultos?,Siempre,Mujer,14 a 18,ESMERALDA
NNA001,P25,¿Qué calificación le pondrías a tu comuna como lugar para vivir?,4.0,Mujer,14 a 18,ESMERALDA
NNA001,P26,¿Cómo era tu barrio cuando eras más pequeño/a?,Igual que ahora,Mujer,14 a 18,ESMERALDA
NNA001,P27,¿Dónde jugabas cuando eras pequeño/a?,"En el patio de mi casa, En la escuela",Mujer,14 a 18,ESMERALDA
NNA001,P28,¿Con quién pasabas más tiempo cuando eras niño/a?,Con familia,Mujer,14 a 18,ESMERALDA
NNA001,P29,¿Qué cosas te hacían feliz antes?,"Juegos, Mascotas, Familia, Naturaleza",Mujer,14 a 18,ESMERALDA
NNA001,P30,¿Qué cosas no te gustaban cuando eras pequeño/a?,Falta de actividades,Mujer,14 a 18,ESMERALDA
NNA001,P31,¿Participabas en actividades escolares o municipales?,Sí,Mujer,14 a 18,ESMERALDA
NNA001,P32,¿Qué lugares de Rengo te gustaban más antes?,Feria,Mujer,14 a 18,ESMERALDA
NNA001,P33,¿Qué cambios has notado desde entonces?,Más comercio,Mujer,14 a 18,ESMERALDA
NNA001,P34,¿Crees que tu barrio cambió para mejor o peor?,Igual,Mujer,14 a 18,ESMERALDA
NNA001,P35,¿Qué recuerdos bonitos guardas de antes?,"Juegos con amigos/as, Familia, Naturaleza",Mujer,14 a 18,ESMERALDA
NNA001,P36,¿Qué sientes al ver esta imagen?,Tranquilidad,Mujer,14 a 18,ESMERALDA
NNA001,P37,¿Cómo te gustaría que fuera tu comuna en el futuro?,Con más cultura,Mujer,14 a 18,ESMERALDA
NNA001,P38,¿Qué espacios nuevos te gustaría tener cerca?,Piscinas,Mujer,14 a 18,ESMERALDA
NNA001,P38,¿Qué espacios nuevos te gustaría tener cerca?,Centros juveniles,Mujer,14 a 18,ESMERALDA
NNA001,P38,¿Qué espacios nuevos te gustaría tener cerca?,Cafeterías o cines,Mujer,14 a 18,ESMERALDA
NNA001,P39,¿Qué actividades te gustaría que existieran para jóvenes?,Deportes,Mujer,14 a 18,ESMERALDA
NNA001,P40,¿Qué tipo de transporte te gustaría usar en el futuro?,Tren,Mujer,14 a 18,ESMERALDA
NNA001,P41,¿Cómo imaginas tu barrio ideal?,"Limpio, Seguro",Mujer,14 a 18,ESMERALDA
NNA001,P42,¿En qué temas te gustaría ayudar a mejorar tu comuna?,Deportes,Mujer,14 a 18,ESMERALDA
NNA001,P43,¿Qué mensaje le darías al Alcalde o Concejo Municipal?,Apoyar proyectos escolares,Mujer,14 a 18,ESMERALDA
NNA001,P44,"Si fueras Alcalde/sa, ¿Qué harías primero?",Haría tardes deportivas,Mujer,14 a 18,ESMERALDA
NNA001,P45,¿Te gustaría participar en proyectos comunales?,Sí,Mujer,14 a 18,ESMERALDA
NNA001,P45,¿Te gustaría participar en proyectos comunales?,en mi colegio,Mujer,14 a 18,ESMERALDA
NNA001,P46,¿Qué sueño tienes para Rengo en 10 años?,"Más verde, Más unido, Más feliz",Mujer,14 a 18,ESMERALDA
NNA002,P00,Marca temporal,2025-10-22 11:18:02.031000,Mujer,14 a 18,PORTEZUELO
NNA002,P01,Nombre Completo,Florencia Eloisa Del Barrio Chabrillard,Mujer,14 a 18,PORTEZUELO
NNA002,P02,Género,Mujer,Mujer,14 a 18,PORTEZUELO
NNA002,P03,Seleccione su Rango de edad,14 a 18,Mujer,14 a 18,PORTEZUELO
NNA002,P04,¿En qué sector o localidad de Rengo resides actualmente?,PORTEZUELO,Mujer,14 a 18,PORTEZUELO
NNA002,P05,Sector/Barrio/Villa donde vives:  ,Portezuelo,Mujer,14 a 18,PORTEZUELO
NNA002,P06,¿A qué Colegio/Liceo asiste o asistió en el último periodo?,Colegio Asunción,Mujer,14 a 18,PORTEZUELO
NNA002,P07,¿Cómo describirías el sentido de identidad local en Rengo?,Fuerte,Mujer,14 a 18,PORTEZUELO
NNA002,P08,"¿Perteneces y/o participas en Agrupaciones Comunitarios, Culturales, Deportivas?",Sí,Mujer,14 a 18,PORTEZUELO
NNA002,P09,¿Qué áreas debería priorizar el nuevo Plan de Desarrollo Comunal (PLADECO) 2025–2035? (Selecciona hasta tres),Seguridad pública y orden,Mujer,14 a 18,PORTEZUELO
NNA002,P09,¿Qué áreas debería priorizar el nuevo Plan de Desarrollo Comunal (PLADECO) 2025–2035? (Selecciona hasta tres),Empleo y desarrollo económico,Mujer,14 a 18,PORTEZUELO
NNA002,P09,¿Qué áreas debería priorizar el nuevo Plan de Desarrollo Comunal (PLADECO) 2025–2035? (Selecciona hasta tres),Medio ambiente y sustentabilidad,Mujer,14 a 18,PORTEZUELO
NNA002,P10,¿Compartes con tus vecinos en actividades recreativas?,Rara vez,Mujer,14 a 18,PORTEZUELO
NNA002,P11,¿Has visto o vivido situaciones de violencia en tu colegio?,"Sí, varias veces",Mujer,14 a 18,PORTEZUELO
NNA002,P12,¿Qué tipo de situaciones se presentan con más frecuencia?,Peleas físicas,Mujer,14 a 18,PORTEZUELO
NNA002,P13,¿A quién acudirías si sufres o ves una situación de violencia escolar?,Profesor/a o inspector/a,Mujer,14 a 18,PORTEZUELO
NNA002,P14,¿Te sientes seguro/a al caminar por tu barrio?,Muy seguro/a,Mujer,14 a 18,PORTEZUELO
NNA002,P15,¿Qué situaciones te hacen sentir inseguro/a en tu barrio?,Consumo de alcohol o drogas,Mujer,14 a 18,PORTEZUELO
NNA002,P16,¿Cómo llegas al colegio o liceo?,En auto particular,Mujer,14 a 18,PORTEZUELO
NNA002,P17,¿Te sientes seguro/a en tu barrio?,Muy seguro/a,Mujer,14 a 18,PORTEZUELO
NNA002,P18,¿Qué lugares visitas más en tu comuna?,Plazas o parques,Mujer,14 a 18,PORTEZUELO
NNA002,P19,¿Qué cosas te hacen sentir feliz en tu barrio o comuna?,La naturaleza,Mujer,14 a 18,PORTEZUELO
NNA002,P20,¿Qué problemas o cosas negativas notas donde vives?,Mal estado de calles,Mujer,14 a 18,PORTEZUELO
NNA002,P21,¿Cómo calificas la limpieza y orden de tu barrio?,Aceptable,Mujer,14 a 18,PORTEZUELO
NNA002,P22,¿Participas en actividades del municipio o tu colegio?,"Sí, frecuentemente",Mujer,14 a 18,PORTEZUELO
NNA002,P23,¿Dónde te gusta pasar tu tiempo libre?,En casa,Mujer,14 a 18,PORTEZUELO
NNA002,P24,¿Qué tanto te sientes escuchado/a por los adultos?,A veces,Mujer,14 a 18,PORTEZUELO
NNA002,P25,¿Qué calificación le pondrías a tu comuna como lugar para vivir?,4.0,Mujer,14 a 18,PORTEZUELO
NNA002,P26,¿Cómo era tu barrio cuando eras más pequeño/a?,Más tranquilo,Mujer,14 a 18,PORTEZUELO
NNA002,P27,¿Dónde jugabas cuando eras pequeño/a?,En el patio de mi casa,Mujer,14 a 18,PORTEZUELO
NNA002,P28,¿Con quién pasabas más tiempo cuando eras niño/a?,Con familia,Mujer,14 a 18,PORTEZUELO
NNA002,P29,¿Qué cosas te hacían feliz antes?,Naturaleza,Mujer,14 a 18,PORTEZUELO
NNA002,P30,¿Qué cosas no te gustaban cuando eras pequeño/a?,Peligro o inseguridad,Mujer,14 a 18,PORTEZUELO
NNA002,P31,¿Participabas en actividades escolares o municipales?,Sí,Mujer,14 a 18,PORTEZUELO
NNA002,P32,¿Qué lugares de Rengo te gustaban más antes?,Calles,Mujer,14 a 18,PORTEZUELO
NNA002,P33,¿Qué cambios has notado desde entonces?,Menos áreas verdes,Mujer,14 a 18,PORTEZUELO
NNA002,P34,¿Crees que tu barrio cambió para mejor o peor?,Para mejor,Mujer,14 a 18,PORTEZUELO
NNA002,P35,¿Qué recuerdos bonitos guardas de antes?,Familia,Mujer,14 a 18,PORTEZUELO
NNA002,P36,¿Qué sientes al ver esta imagen?,Tranquilidad,Mujer,14 a 18,PORTEZUELO
NNA002,P37,¿Cómo te gustaría que fuera tu comuna en el futuro?,Más segura,Mujer,14 a 18,PORTEZUELO
NNA002,P38,¿Qué espacios nuevos te gustaría tener cerca?,Centros juveniles,Mujer,14 a 18,PORTEZUELO
NNA002,P39,¿Qué actividades te gustaría que existieran para jóvenes?,Voluntariado,Mujer,14 a 18,PORTEZUELO
NNA002,P40,¿Qué tipo de transporte te gustaría usar en el futuro?,Tren,Mujer,14 a 18,PORTEZUELO
NNA002,P41,¿Cómo imaginas tu barrio ideal?,Limpio,Mujer,14 a 18,PORTEZUELO
NNA002,P42,¿En qué temas te gustaría ayudar a mejorar tu comuna?,Medioambiente,Mujer,14 a 18,PORTEZUELO
NNA002,P43,¿Qué mensaje le darías al Alcalde o Concejo Municipal?,Escuchar a los jóvenes,Mujer,14 a 18,PORTEZUELO
NNA002,P44,"Si fueras Alcalde/sa, ¿Qué harías primero?",Empezar un plan de seguridad y control de violencia física en centros educativos,Mujer,14 a 18,PORTEZUELO
NNA002,P45,¿Te gustaría participar en proyectos comunales?,Sí,Mujer,14 a 18,PORTEZUELO
NNA002,P45,¿Te gustaría participar en proyectos comunales?,en la municipalidad,Mujer,14 a 18,PORTEZUELO
NNA002,P46,¿Qué sueño tienes para Rengo en 10 años?,Más verde,Mujer,14 a 18,PORTEZUELO
NNA003,P00,Marca temporal,2025-10-22 11:31:14.398000,Hombre,14 a 18,CHANQUEAHUE
NNA003,P01,Nombre Completo,Javier Nicolás Hidalgo barrera,Hombre,14 a 18,CHANQUEAHUE
NNA003,P02,Género,Hombre,Hombre,14 a 18,CHANQUEAHUE
NNA003,P03,Seleccione su Rango de edad,14 a 18,Hombre,14 a 18,CHANQUEAHUE
NNA003,P04,¿En qué sector o localidad de Rengo resides actualmente?,CHANQUEAHUE,Hombre,14 a 18,CHANQUEAHUE
NNA003,P05,Sector/Barrio/Villa donde vives:  ,Juan Pablo segundo,Hombre,14 a 18,CHANQUEAHUE
NNA003,P06,¿A qué Colegio/Liceo asiste o asistió en el último periodo?,Liceo Luis Urbina Flores,Hombre,14 a 18,CHANQUEAHUE
NNA003,P07,¿Cómo describirías el sentido de identidad local en Rengo?,Fuerte,Hombre,14 a 18,CHANQUEAHUE
NNA003,P08,"¿Perteneces y/o participas en Agrupaciones Comunitarios, Culturales, Deportivas?",Sí,Hombre,14 a 18,CHANQUEAHUE
NNA003,P09,¿Qué áreas debería priorizar el nuevo Plan de Desarrollo Comunal (PLADECO) 2025–2035? (Selecciona hasta tres),Salud y bienestar,Hombre,14 a 18,CHANQUEAHUE
NNA003,P09,¿Qué áreas debería priorizar el nuevo Plan de Desarrollo Comunal (PLADECO) 2025–2035? (Selecciona hasta tres),Seguridad pública y orden,Hombre,14 a 18,CHANQUEAHUE
NNA003,P09,¿Qué áreas debería priorizar el nuevo Plan de Desarrollo Comunal (PLADECO) 2025–2035? (Selecciona hasta tres),Infraestructura y conectividad,Hombre,14 a 18,CHANQUEAHUE
NNA003,P09,¿Qué áreas debería priorizar el nuevo Plan de Desarrollo Comunal (PLADECO) 2025–2035? (Selecciona hasta tres),Cultura,Hombre,14 a 18,CHANQUEAHUE
NNA003,P09,¿Qué áreas debería priorizar el nuevo Plan de Desarrollo Comunal (PLADECO) 2025–2035? (Selecciona hasta tres),deporte y recreación,Hombre,14 a 18,CHANQUEAHUE
NNA003,P10,¿Compartes con tus vecinos en actividades recreativas?,No,Hombre,14 a 18,CHANQUEAHUE
NNA003,P11,¿Has visto o vivido situaciones de violencia en tu colegio?,Rara vez,Hombre,14 a 18,CHANQUEAHUE
NNA003,P12,¿Qué tipo de situaciones se presentan con más frecuencia?,Burlas o acoso verbal,Hombre,14 a 18,CHANQUEAHUE
NNA003,P13,¿A quién acudirías si sufres o ves una situación de violencia escolar?,Profesor/a o inspector/a,Hombre,14 a 18,CHANQUEAHUE
NNA003,P14,¿Te sientes seguro/a al caminar por tu barrio?,Muy seguro/a,Hombre,14 a 18,CHANQUEAHUE
NNA003,P15,¿Qué situaciones te hacen sentir inseguro/a en tu barrio?,Falta de iluminación,Hombre,14 a 18,CHANQUEAHUE
NNA003,P16,¿Cómo llegas al colegio o liceo?,En transporte escolar,Hombre,14 a 18,CHANQUEAHUE
NNA003,P17,¿Te sientes seguro/a en tu barrio?,Muy seguro/a,Hombre,14 a 18,CHANQUEAHUE
NNA003,P18,¿Qué lugares visitas más en tu comuna?,Plazas o parques,Hombre,14 a 18,CHANQUEAHUE
NNA003,P19,¿Qué cosas te hacen sentir feliz en tu barrio o comuna?,La naturaleza,Hombre,14 a 18,CHANQUEAHUE
NNA003,P20,¿Qué problemas o cosas negativas notas donde vives?,Falta de actividades,Hombre,14 a 18,CHANQUEAHUE
NNA003,P21,¿Cómo calificas la limpieza y orden de tu barrio?,Aceptable,Hombre,14 a 18,CHANQUEAHUE
NNA003,P22,¿Participas en actividades del municipio o tu colegio?,"Sí, frecuentemente",Hombre,14 a 18,CHANQUEAHUE
NNA003,P23,¿Dónde te gusta pasar tu tiempo libre?,En casa,Hombre,14 a 18,CHANQUEAHUE
NNA003,P24,¿Qué tanto te sientes escuchado/a por los adultos?,A veces,Hombre,14 a 18,CHANQUEAHUE
NNA003,P25,¿Qué calificación le pondrías a tu comuna como lugar para vivir?,3.0,Hombre,14 a 18,CHANQUEAHUE
NNA003,P26,¿Cómo era tu barrio cuando eras más pequeño/a?,No lo recuerdo,Hombre,14 a 18,CHANQUEAHUE
NNA003,P27,¿Dónde jugabas cuando eras pequeño/a?,En el patio de mi casa,Hombre,14 a 18,CHANQUEAHUE
NNA003,P28,¿Con quién pasabas más tiempo cuando eras niño/a?,Con familia,Hombre,14 a 18,CHANQUEAHUE
NNA003,P29,¿Qué cosas te hacían feliz antes?,Naturaleza,Hombre,14 a 18,CHANQUEAHUE
NNA003,P30,¿Qué cosas no te gustaban cuando eras pequeño/a?,Basura,Hombre,14 a 18,CHANQUEAHUE
NNA003,P31,¿Participabas en actividades escolares o municipales?,Sí,Hombre,14 a 18,CHANQUEAHUE
NNA003,P32,¿Qué lugares de Rengo te gustaban más antes?,Feria,Hombre,14 a 18,CHANQUEAHUE
NNA003,P33,¿Qué cambios has notado desde entonces?,Más autos,Hombre,14 a 18,CHANQUEAHUE
NNA003,P34,¿Crees que tu barrio cambió para mejor o peor?,Igual,Hombre,14 a 18,CHANQUEAHUE
NNA003,P35,¿Qué recuerdos bonitos guardas de antes?,Naturaleza,Hombre,14 a 18,CHANQUEAHUE
NNA003,P36,¿Qué sientes al ver esta imagen?,Seguridad?,Hombre,14 a 18,CHANQUEAHUE
NNA003,P37,¿Cómo te gustaría que fuera tu comuna en el futuro?,Con más tecnología,Hombre,14 a 18,CHANQUEAHUE
NNA003,P38,¿Qué espacios nuevos te gustaría tener cerca?,Centros juveniles,Hombre,14 a 18,CHANQUEAHUE
NNA003,P39,¿Qué actividades te gustaría que existieran para jóvenes?,Arte,Hombre,14 a 18,CHANQUEAHUE
NNA003,P40,¿Qué tipo de transporte te gustaría usar en el futuro?,Bus gratuito,Hombre,14 a 18,CHANQUEAHUE
NNA003,P41,¿Cómo imaginas tu barrio ideal?,Verde,Hombre,14 a 18,CHANQUEAHUE
NNA003,P42,¿En qué temas te gustaría ayudar a mejorar tu comuna?,Cultura,Hombre,14 a 18,CHANQUEAHUE
NNA003,P43,¿Qué mensaje le darías al Alcalde o Concejo Municipal?,Escuchar a los jóvenes,Hombre,14 a 18,CHANQUEAHUE
NNA003,P44,"Si fueras Alcalde/sa, ¿Qué harías primero?",pongo más lugares recreativos. Patios de comida o cosas asi,Hombre,14 a 18,CHANQUEAHUE
NNA003,P45,¿Te gustaría participar en proyectos comunales?,Sí,Hombre,14 a 18,CHANQUEAHUE
NNA003,P45,¿Te gustaría participar en proyectos comunales?,en la municipalidad,Hombre,14 a 18,CHANQUEAHUE
NNA003,P46,¿Qué sueño tienes para Rengo en 10 años?,Más moderno,Hombre,14 a 18,CHANQUEAHUE
NNA004,P00,Marca temporal,2025-10-22 14:46:06.278000,Mujer,18 a 20,LOS GOMEROS
NNA004,P01,Nombre Completo,Emilia del pilar valenzuela ortiz,Mujer,18 a 20,LOS GOMEROS
NNA004,P02,Género,Mujer,Mujer,18 a 20,LOS GOMEROS
NNA004,P03,Seleccione su Rango de edad,18 a 20,Mujer,18 a 20,LOS GOMEROS
NNA004,P04,¿En qué sector o localidad de Rengo resides actualmente?,LOS GOMEROS,Mujer,18 a 20,LOS GOMEROS
NNA004,P05,Sector/Barrio/Villa donde vives:  ,Ruta H-50 sector apalta,Mujer,18 a 20,LOS GOMEROS
NNA004,P06,¿A qué Colegio/Liceo asiste o asistió en el último periodo?,Escuela Apalta,Mujer,18 a 20,LOS GOMEROS
NNA004,P07,¿Cómo describirías el sentido de identidad local en Rengo?,Fuerte,Mujer,18 a 20,LOS GOMEROS
NNA004,P08,"¿Perteneces y/o participas en Agrupaciones Comunitarios, Culturales, Deportivas?",No,Mujer,18 a 20,LOS GOMEROS
NNA004,P09,¿Qué áreas debería priorizar el nuevo Plan de Desarrollo Comunal (PLADECO) 2025–2035? (Selecciona hasta tres),Seguridad pública y orden,Mujer,18 a 20,LOS GOMEROS
NNA004,P09,¿Qué áreas debería priorizar el nuevo Plan de Desarrollo Comunal (PLADECO) 2025–2035? (Selecciona hasta tres),Empleo y desarrollo económico,Mujer,18 a 20,LOS GOMEROS
NNA004,P09,¿Qué áreas debería priorizar el nuevo Plan de Desarrollo Comunal (PLADECO) 2025–2035? (Selecciona hasta tres),Medio ambiente y sustentabilidad,Mujer,18 a 20,LOS GOMEROS
NNA004,P10,¿Compartes con tus vecinos en actividades recreativas?,Sí,Mujer,18 a 20,LOS GOMEROS
NNA004,P11,¿Has visto o vivido situaciones de violencia en tu colegio?,Rara vez,Mujer,18 a 20,LOS GOMEROS
NNA004,P12,¿Qué tipo de situaciones se presentan con más frecuencia?,Aislamiento o exclusión,Mujer,18 a 20,LOS GOMEROS
NNA004,P13,¿A quién acudirías si sufres o ves una situación de violencia escolar?,Profesor/a o inspector/a,Mujer,18 a 20,LOS GOMEROS
NNA004,P14,¿Te sientes seguro/a al caminar por tu barrio?,Poco seguro/a,Mujer,18 a 20,LOS GOMEROS
NNA004,P15,¿Qué situaciones te hacen sentir inseguro/a en tu barrio?,Falta de iluminación,Mujer,18 a 20,LOS GOMEROS
NNA004,P16,¿Cómo llegas al colegio o liceo?,A pie,Mujer,18 a 20,LOS GOMEROS
NNA004,P17,¿Te sientes seguro/a en tu barrio?,Poco seguro/a,Mujer,18 a 20,LOS GOMEROS
NNA004,P18,¿Qué lugares visitas más en tu comuna?,Plazas o parques,Mujer,18 a 20,LOS GOMEROS
NNA004,P19,¿Qué cosas te hacen sentir feliz en tu barrio o comuna?,Las actividades,Mujer,18 a 20,LOS GOMEROS
NNA004,P20,¿Qué problemas o cosas negativas notas donde vives?,Pocas áreas verdes,Mujer,18 a 20,LOS GOMEROS
NNA004,P21,¿Cómo calificas la limpieza y orden de tu barrio?,Aceptable,Mujer,18 a 20,LOS GOMEROS
NNA004,P22,¿Participas en actividades del municipio o tu colegio?,A veces,Mujer,18 a 20,LOS GOMEROS
NNA004,P23,¿Dónde te gusta pasar tu tiempo libre?,En casa,Mujer,18 a 20,LOS GOMEROS
NNA004,P24,¿Qué tanto te sientes escuchado/a por los adultos?,A veces,Mujer,18 a 20,LOS GOMEROS
NNA004,P25,¿Qué calificación le pondrías a tu comuna como lugar para vivir?,3.0,Mujer,18 a 20,LOS GOMEROS
NNA004,P26,¿Cómo era tu barrio cuando eras más pequeño/a?,Más tranquilo,Mujer,18 a 20,LOS GOMEROS
NNA004,P27,¿Dónde jugabas cuando eras pequeño/a?,En el patio de mi casa,Mujer,18 a 20,LOS GOMEROS
NNA004,P28,¿Con quién pasabas más tiempo cuando eras niño/a?,Con familia,Mujer,18 a 20,LOS GOMEROS
NNA004,P29,¿Qué cosas te hacían feliz antes?,Juegos,Mujer,18 a 20,LOS GOMEROS
NNA004,P30,¿Qué cosas no te gustaban cuando eras pequeño/a?,Pocas plazas,Mujer,18 a 20,LOS GOMEROS
NNA004,P31,¿Participabas en actividades escolares o municipales?,A veces,Mujer,18 a 20,LOS GOMEROS
NNA004,P32,¿Qué lugares de Rengo te gustaban más antes?,Feria,Mujer,18 a 20,LOS GOMEROS
NNA004,P33,¿Qué cambios has notado desde entonces?,Menos áreas verdes,Mujer,18 a 20,LOS GOMEROS
NNA004,P34,¿Crees que tu barrio cambió para mejor o peor?,Igual,Mujer,18 a 20,LOS GOMEROS
NNA004,P35,¿Qué recuerdos bonitos guardas de antes?,Juegos con amigos/as,Mujer,18 a 20,LOS GOMEROS
NNA004,P36,¿Qué sientes al ver esta imagen?,Tranquilidad Alegria,Mujer,18 a 20,LOS GOMEROS
NNA004,P37,¿Cómo te gustaría que fuera tu comuna en el futuro?,Más segura,Mujer,18 a 20,LOS GOMEROS
NNA004,P38,¿Qué espacios nuevos te gustaría tener cerca?,Plazas,Mujer,18 a 20,LOS GOMEROS
NNA004,P39,¿Qué actividades te gustaría que existieran para jóvenes?,Deportes,Mujer,18 a 20,LOS GOMEROS
NNA004,P40,¿Qué tipo de transporte te gustaría usar en el futuro?,Bus gratuito,Mujer,18 a 20,LOS GOMEROS
NNA004,P41,¿Cómo imaginas tu barrio ideal?,Seguro,Mujer,18 a 20,LOS GOMEROS
NNA004,P42,¿En qué temas te gustaría ayudar a mejorar tu comuna?,Medioambiente,Mujer,18 a 20,LOS GOMEROS
NNA004,P43,¿Qué mensaje le darías al Alcalde o Concejo Municipal?,Escuchar a los jóvenes,Mujer,18 a 20,LOS GOMEROS
NNA004,P44,"Si fueras Alcalde/sa, ¿Qué harías primero?",Arreglaria las plazas de los sectores mas rurales colocaria juegos para los niños mas actividades y lo principal mas seguridad,Mujer,18 a 20,LOS GOMEROS
NNA004,P45,¿Te gustaría participar en proyectos comunales?,Sí,Mujer,18 a 20,LOS GOMEROS
NNA004,P45,¿Te gustaría participar en proyectos comunales?,en mi barrio,Mujer,18 a 20,LOS GOMEROS
NNA004,P46,¿Qué sueño tienes para Rengo en 10 años?,Más moderno,Mujer,18 a 20,LOS GOMEROS
NNA005,P00,Marca temporal,2025-10-22 16:23:41.060000,Hombre,6 a 12,ROSARIO
NNA005,P01,Nombre Completo,Benjamín Sepúlveda soto,Hombre,6 a 12,ROSARIO
NNA005,P02,Género,Hombre,Hombre,6 a 12,ROSARIO
NNA005,P03,Seleccione su Rango de edad,6 a 12,Hombre,6 a 12,ROSARIO
NNA005,P04,¿En qué sector o localidad de Rengo resides actualmente?,ROSARIO,Hombre,6 a 12,ROSARIO
NNA005,P05,Sector/Barrio/Villa donde vives:  ,Sector apalta,Hombre,6 a 12,ROSARIO
NNA005,P06,¿A qué Colegio/Liceo asiste o asistió en el último periodo?,Colegio rosario college,Hombre,6 a 12,ROSARIO
NNA005,P07,¿Cómo describirías el sentido de identidad local en Rengo?,Débil,Hombre,6 a 12,ROSARIO
NNA005,P08,"¿Perteneces y/o participas en Agrupaciones Comunitarios, Culturales, Deportivas?",Sí,Hombre,6 a 12,ROSARIO
NNA005,P09,¿Qué áreas debería priorizar el nuevo Plan de Desarrollo Comunal (PLADECO) 2025–2035? (Selecciona hasta tres),Salud y bienestar,Hombre,6 a 12,ROSARIO
NNA005,P09,¿Qué áreas debería priorizar el nuevo Plan de Desarrollo Comunal (PLADECO) 2025–2035? (Selecciona hasta tres),Educación y capacitación,Hombre,6 a 12,ROSARIO
NNA005,P09,¿Qué áreas debería priorizar el nuevo Plan de Desarrollo Comunal (PLADECO) 2025–2035? (Selecciona hasta tres),Cultura,Hombre,6 a 12,ROSARIO
NNA005,P09,¿Qué áreas debería priorizar el nuevo Plan de Desarrollo Comunal (PLADECO) 2025–2035? (Selecciona hasta tres),deporte y recreación,Hombre,6 a 12,ROSARIO
NNA005,P10,¿Compartes con tus vecinos en actividades recreativas?,Sí,Hombre,6 a 12,ROSARIO
NNA005,P11,¿Has visto o vivido situaciones de violencia en tu colegio?,Rara vez,Hombre,6 a 12,ROSARIO
NNA005,P12,¿Qué tipo de situaciones se presentan con más frecuencia?,Ciberacoso (por redes sociales),Hombre,6 a 12,ROSARIO
NNA005,P13,¿A quién acudirías si sufres o ves una situación de violencia escolar?,Profesor/a o inspector/a,Hombre,6 a 12,ROSARIO
NNA005,P14,¿Te sientes seguro/a al caminar por tu barrio?,Poco seguro/a,Hombre,6 a 12,ROSARIO
NNA005,P15,¿Qué situaciones te hacen sentir inseguro/a en tu barrio?,Presencia de pandillas o delincuencia,Hombre,6 a 12,ROSARIO
NNA005,P16,¿Cómo llegas al colegio o liceo?,En transporte escolar,Hombre,6 a 12,ROSARIO
NNA005,P17,¿Te sientes seguro/a en tu barrio?,Poco seguro/a,Hombre,6 a 12,ROSARIO
NNA005,P18,¿Qué lugares visitas más en tu comuna?,Canchas,Hombre,6 a 12,ROSARIO
NNA005,P19,¿Qué cosas te hacen sentir feliz en tu barrio o comuna?,Las actividades,Hombre,6 a 12,ROSARIO
NNA005,P20,¿Qué problemas o cosas negativas notas donde vives?,Mal estado de calles,Hombre,6 a 12,ROSARIO
NNA005,P21,¿Cómo calificas la limpieza y orden de tu barrio?,Aceptable,Hombre,6 a 12,ROSARIO
NNA005,P22,¿Participas en actividades del municipio o tu colegio?,A veces,Hombre,6 a 12,ROSARIO
NNA005,P23,¿Dónde te gusta pasar tu tiempo libre?,En la plaza o parque,Hombre,6 a 12,ROSARIO
NNA005,P24,¿Qué tanto te sientes escuchado/a por los adultos?,A veces,Hombre,6 a 12,ROSARIO
NNA005,P25,¿Qué calificación le pondrías a tu comuna como lugar para vivir?,3.0,Hombre,6 a 12,ROSARIO
NNA005,P26,¿Cómo era tu barrio cuando eras más pequeño/a?,Con menos gente,Hombre,6 a 12,ROSARIO
NNA005,P27,¿Dónde jugabas cuando eras pequeño/a?,En el patio de mi casa,Hombre,6 a 12,ROSARIO
NNA005,P28,¿Con quién pasabas más tiempo cuando eras niño/a?,Mama,Hombre,6 a 12,ROSARIO
NNA005,P29,¿Qué cosas te hacían feliz antes?,Juegos,Hombre,6 a 12,ROSARIO
NNA005,P30,¿Qué cosas no te gustaban cuando eras pequeño/a?,Basura,Hombre,6 a 12,ROSARIO
NNA005,P31,¿Participabas en actividades escolares o municipales?,A veces,Hombre,6 a 12,ROSARIO
NNA005,P32,¿Qué lugares de Rengo te gustaban más antes?,Plazas,Hombre,6 a 12,ROSARIO
NNA005,P33,¿Qué cambios has notado desde entonces?,Menos áreas verdes,Hombre,6 a 12,ROSARIO
NNA005,P34,¿Crees que tu barrio cambió para mejor o peor?,Igual,Hombre,6 a 12,ROSARIO
NNA005,P35,¿Qué recuerdos bonitos guardas de antes?,Juegos con amigos/as,Hombre,6 a 12,ROSARIO
NNA005,P36,¿Qué sientes al ver esta imagen?,"Sería bonito, si fuese real.",Hombre,6 a 12,ROSARIO
NNA005,P37,¿Cómo te gustaría que fuera tu comuna en el futuro?,Con más cultura,Hombre,6 a 12,ROSARIO
NNA005,P38,¿Qué espacios nuevos te gustaría tener cerca?,Centros juveniles,Hombre,6 a 12,ROSARIO
NNA005,P39,¿Qué actividades te gustaría que existieran para jóvenes?,Deportes,Hombre,6 a 12,ROSARIO
NNA005,P40,¿Qué tipo de transporte te gustaría usar en el futuro?,Bicicleta eléctrica,Hombre,6 a 12,ROSARIO
NNA005,P41,¿Cómo imaginas tu barrio ideal?,Amigable,Hombre,6 a 12,ROSARIO
NNA005,P42,¿En qué temas te gustaría ayudar a mejorar tu comuna?,Cultura,Hombre,6 a 12,ROSARIO
NNA005,P43,¿Qué mensaje le darías al Alcalde o Concejo Municipal?,Apoyar proyectos escolares,Hombre,6 a 12,ROSARIO
NNA005,P44,"Si fueras Alcalde/sa, ¿Qué harías primero?","Crear instancias de talleres para llegar a los jóvenes, para potenciar sus talentos y sea artístico, deporte, ciencias entre otros . crer becas o ayud",Hombre,6 a 12,ROSARIO
NNA005,P45,¿Te gustaría participar en proyectos comunales?,Sí,Hombre,6 a 12,ROSARIO
NNA005,P45,¿Te gustaría participar en proyectos comunales?,en mi colegio,Hombre,6 a 12,ROSARIO
NNA005,P46,¿Qué sueño tienes para Rengo en 10 años?,Más participativo,Hombre,6 a 12,ROSARIO
NNA006,P00,Marca temporal,2025-10-23 13:17:56.730000,Hombre,18 a 20,RINCONADA DE MALAMBO
NNA006,P01,Nombre Completo,Dylan Eduardo Enrique Castro Guerrero,Hombre,18 a 20,RINCONADA DE MALAMBO
NNA006,P02,Género,Hombre,Hombre,18 a 20,RINCONADA DE MALAMBO
NNA006,P03,Seleccione su Rango de edad,18 a 20,Hombre,18 a 20,RINCONADA DE MALAMBO
NNA006,P04,¿En qué sector o localidad de Rengo resides actualmente?,RINCONADA DE MALAMBO,Hombre,18 a 20,RINCONADA DE MALAMBO
NNA006,P05,Sector/Barrio/Villa donde vives:  ,Villa Alto San martín,Hombre,18 a 20,RINCONADA DE MALAMBO
NNA006,P06,¿A qué Colegio/Liceo asiste o asistió en el último periodo?,Liceo Industrial de Rengo,Hombre,18 a 20,RINCONADA DE MALAMBO
NNA006,P07,¿Cómo describirías el sentido de identidad local en Rengo?,Débil,Hombre,18 a 20,RINCONADA DE MALAMBO
NNA006,P08,"¿Perteneces y/o participas en Agrupaciones Comunitarios, Culturales, Deportivas?",Rara Vez,Hombre,18 a 20,RINCONADA DE MALAMBO
NNA006,P09,¿Qué áreas debería priorizar el nuevo Plan de Desarrollo Comunal (PLADECO) 2025–2035? (Selecciona hasta tres),Salud y bienestar,Hombre,18 a 20,RINCONADA DE MALAMBO
NNA006,P09,¿Qué áreas debería priorizar el nuevo Plan de Desarrollo Comunal (PLADECO) 2025–2035? (Selecciona hasta tres),Cultura,Hombre,18 a 20,RINCONADA DE MALAMBO
NNA006,P09,¿Qué áreas debería priorizar el nuevo Plan de Desarrollo Comunal (PLADECO) 2025–2035? (Selecciona hasta tres),deporte y recreación,Hombre,18 a 20,RINCONADA DE MALAMBO
NNA006,P09,¿Qué áreas debería priorizar el nuevo Plan de Desarrollo Comunal (PLADECO) 2025–2035? (Selecciona hasta tres),Innovación y transformación digital,Hombre,18 a 20,RINCONADA DE MALAMBO
NNA006,P10,¿Compartes con tus vecinos en actividades recreativas?,Sí,Hombre,18 a 20,RINCONADA DE MALAMBO
NNA006,P11,¿Has visto o vivido situaciones de violencia en tu colegio?,"Sí, varias veces",Hombre,18 a 20,RINCONADA DE MALAMBO
NNA006,P12,¿Qué tipo de situaciones se presentan con más frecuencia?,Peleas físicas,Hombre,18 a 20,RINCONADA DE MALAMBO
NNA006,P13,¿A quién acudirías si sufres o ves una situación de violencia escolar?,Profesor/a o inspector/a,Hombre,18 a 20,RINCONADA DE MALAMBO
NNA006,P14,¿Te sientes seguro/a al caminar por tu barrio?,Nada seguro/a,Hombre,18 a 20,RINCONADA DE MALAMBO
NNA006,P15,¿Qué situaciones te hacen sentir inseguro/a en tu barrio?,Consumo de alcohol o drogas,Hombre,18 a 20,RINCONADA DE MALAMBO
NNA006,P16,¿Cómo llegas al colegio o liceo?,A pie,Hombre,18 a 20,RINCONADA DE MALAMBO
NNA006,P17,¿Te sientes seguro/a en tu barrio?,Poco seguro/a,Hombre,18 a 20,RINCONADA DE MALAMBO
NNA006,P18,¿Qué lugares visitas más en tu comuna?,Plazas o parques,Hombre,18 a 20,RINCONADA DE MALAMBO
NNA006,P19,¿Qué cosas te hacen sentir feliz en tu barrio o comuna?,Mis amigos/as,Hombre,18 a 20,RINCONADA DE MALAMBO
NNA006,P20,¿Qué problemas o cosas negativas notas donde vives?,Ruido o peleas,Hombre,18 a 20,RINCONADA DE MALAMBO
NNA006,P21,¿Cómo calificas la limpieza y orden de tu barrio?,Aceptable,Hombre,18 a 20,RINCONADA DE MALAMBO
NNA006,P22,¿Participas en actividades del municipio o tu colegio?,A veces,Hombre,18 a 20,RINCONADA DE MALAMBO
NNA006,P23,¿Dónde te gusta pasar tu tiempo libre?,En la plaza o parque,Hombre,18 a 20,RINCONADA DE MALAMBO
NNA006,P24,¿Qué tanto te sientes escuchado/a por los adultos?,A veces,Hombre,18 a 20,RINCONADA DE MALAMBO
NNA006,P25,¿Qué calificación le pondrías a tu comuna como lugar para vivir?,2.0,Hombre,18 a 20,RINCONADA DE MALAMBO
NNA006,P26,¿Cómo era tu barrio cuando eras más pequeño/a?,Más tranquilo,Hombre,18 a 20,RINCONADA DE MALAMBO
NNA006,P27,¿Dónde jugabas cuando eras pequeño/a?,En la calle,Hombre,18 a 20,RINCONADA DE MALAMBO
NNA006,P28,¿Con quién pasabas más tiempo cuando eras niño/a?,Con amigos/as,Hombre,18 a 20,RINCONADA DE MALAMBO
NNA006,P29,¿Qué cosas te hacían feliz antes?,Juegos,Hombre,18 a 20,RINCONADA DE MALAMBO
NNA006,P30,¿Qué cosas no te gustaban cuando eras pequeño/a?,Pocas plazas,Hombre,18 a 20,RINCONADA DE MALAMBO
NNA006,P31,¿Participabas en actividades escolares o municipales?,A veces,Hombre,18 a 20,RINCONADA DE MALAMBO
NNA006,P32,¿Qué lugares de Rengo te gustaban más antes?,Parques,Hombre,18 a 20,RINCONADA DE MALAMBO
NNA006,P33,¿Qué cambios has notado desde entonces?,Más casas,Hombre,18 a 20,RINCONADA DE MALAMBO
NNA006,P34,¿Crees que tu barrio cambió para mejor o peor?,Para peor,Hombre,18 a 20,RINCONADA DE MALAMBO
NNA006,P35,¿Qué recuerdos bonitos guardas de antes?,Juegos con amigos/as,Hombre,18 a 20,RINCONADA DE MALAMBO
NNA006,P36,¿Qué sientes al ver esta imagen?,Una gran mejora,Hombre,18 a 20,RINCONADA DE MALAMBO
NNA006,P37,¿Cómo te gustaría que fuera tu comuna en el futuro?,Más segura,Hombre,18 a 20,RINCONADA DE MALAMBO
NNA006,P38,¿Qué espacios nuevos te gustaría tener cerca?,Canchas,Hombre,18 a 20,RINCONADA DE MALAMBO
NNA006,P39,¿Qué actividades te gustaría que existieran para jóvenes?,Deportes,Hombre,18 a 20,RINCONADA DE MALAMBO
NNA006,P40,¿Qué tipo de transporte te gustaría usar en el futuro?,Bicicleta eléctrica,Hombre,18 a 20,RINCONADA DE MALAMBO
NNA006,P41,¿Cómo imaginas tu barrio ideal?,Seguro,Hombre,18 a 20,RINCONADA DE MALAMBO
NNA006,P42,¿En qué temas te gustaría ayudar a mejorar tu comuna?,Deportes,Hombre,18 a 20,RINCONADA DE MALAMBO
NNA006,P43,¿Qué mensaje le darías al Alcalde o Concejo Municipal?,Escuchar a los jóvenes,Hombre,18 a 20,RINCONADA DE MALAMBO
NNA006,P44,"Si fueras Alcalde/sa, ¿Qué harías primero?",ESCUCHAR A LOS JOVENES Y SEGUIR MEJORANDO RENGO,Hombre,18 a 20,RINCONADA DE MALAMBO
NNA006,P45,¿Te gustaría participar en proyectos comunales?,Sí,Hombre,18 a 20,RINCONADA DE MALAMBO
NNA006,P45,¿Te gustaría participar en proyectos comunales?,en la municipalidad,Hombre,18 a 20,RINCONADA DE MALAMBO
NNA006,P46,¿Qué sueño tienes para Rengo en 10 años?,Más moderno,Hombre,18 a 20,RINCONADA DE MALAMBO
NNA007,P00,Marca temporal,2025-10-23 13:56:25.183000,Mujer,14 a 18,RENGO URBANO
NNA007,P01,Nombre Completo,Pascale Isabella Rojo Quezada,Mujer,14 a 18,RENGO URBANO
NNA007,P02,Género,Mujer,Mujer,14 a 18,RENGO URBANO
NNA007,P03,Seleccione su Rango de edad,14 a 18,Mujer,14 a 18,RENGO URBANO
NNA007,P04,¿En qué sector o localidad de Rengo resides actualmente?,RENGO URBANO,Mujer,14 a 18,RENGO URBANO
NNA007,P05,Sector/Barrio/Villa donde vives:  ,Hacienda Los Montes,Mujer,14 a 18,RENGO URBANO
NNA007,P06,¿A qué Colegio/Liceo asiste o asistió en el último periodo?,Colegio Antilen,Mujer,14 a 18,RENGO URBANO
NNA007,P07,¿Cómo describirías el sentido de identidad local en Rengo?,Débil,Mujer,14 a 18,RENGO URBANO
NNA007,P08,"¿Perteneces y/o participas en Agrupaciones Comunitarios, Culturales, Deportivas?",Rara Vez,Mujer,14 a 18,RENGO URBANO
NNA007,P09,¿Qué áreas debería priorizar el nuevo Plan de Desarrollo Comunal (PLADECO) 2025–2035? (Selecciona hasta tres),Medio ambiente y sustentabilidad,Mujer,14 a 18,RENGO URBANO
NNA007,P09,¿Qué áreas debería priorizar el nuevo Plan de Desarrollo Comunal (PLADECO) 2025–2035? (Selecciona hasta tres),Participación ciudadana y transparencia,Mujer,14 a 18,RENGO URBANO
NNA007,P10,¿Compartes con tus vecinos en actividades recreativas?,No,Mujer,14 a 18,RENGO URBANO
NNA007,P11,¿Has visto o vivido situaciones de violencia en tu colegio?,Rara vez,Mujer,14 a 18,RENGO URBANO
NNA007,P12,¿Qué tipo de situaciones se presentan con más frecuencia?,Aislamiento o exclusión,Mujer,14 a 18,RENGO URBANO
NNA007,P13,¿A quién acudirías si sufres o ves una situación de violencia escolar?,Profesor/a o inspector/a,Mujer,14 a 18,RENGO URBANO
NNA007,P14,¿Te sientes seguro/a al caminar por tu barrio?,Muy seguro/a,Mujer,14 a 18,RENGO URBANO
NNA007,P15,¿Qué situaciones te hacen sentir inseguro/a en tu barrio?,En mi barrio todos vivimos muy calmados,Mujer,14 a 18,RENGO URBANO
NNA007,P15,¿Qué situaciones te hacen sentir inseguro/a en tu barrio?,por lo que nunca suelo ver estos problemas al salir.,Mujer,14 a 18,RENGO URBANO
NNA007,P16,¿Cómo llegas al colegio o liceo?,En auto particular,Mujer,14 a 18,RENGO URBANO
NNA007,P17,¿Te sientes seguro/a en tu barrio?,No lo sé / No salgo mucho,Mujer,14 a 18,RENGO URBANO
NNA007,P18,¿Qué lugares visitas más en tu comuna?,Plazas o parques,Mujer,14 a 18,RENGO URBANO
NNA007,P19,¿Qué cosas te hacen sentir feliz en tu barrio o comuna?,La tranquilidad,Mujer,14 a 18,RENGO URBANO
NNA007,P20,¿Qué problemas o cosas negativas notas donde vives?,Pocas áreas verdes,Mujer,14 a 18,RENGO URBANO
NNA007,P21,¿Cómo calificas la limpieza y orden de tu barrio?,Aceptable,Mujer,14 a 18,RENGO URBANO
NNA007,P22,¿Participas en actividades del municipio o tu colegio?,A veces,Mujer,14 a 18,RENGO URBANO
NNA007,P23,¿Dónde te gusta pasar tu tiempo libre?,En casa,Mujer,14 a 18,RENGO URBANO
NNA007,P24,¿Qué tanto te sientes escuchado/a por los adultos?,Casi nunca,Mujer,14 a 18,RENGO URBANO
NNA007,P25,¿Qué calificación le pondrías a tu comuna como lugar para vivir?,4.0,Mujer,14 a 18,RENGO URBANO
NNA007,P26,¿Cómo era tu barrio cuando eras más pequeño/a?,No lo recuerdo,Mujer,14 a 18,RENGO URBANO
NNA007,P27,¿Dónde jugabas cuando eras pequeño/a?,En la plaza,Mujer,14 a 18,RENGO URBANO
NNA007,P28,¿Con quién pasabas más tiempo cuando eras niño/a?,Con familia,Mujer,14 a 18,RENGO URBANO
NNA007,P29,¿Qué cosas te hacían feliz antes?,Juegos,Mujer,14 a 18,RENGO URBANO
NNA007,P30,¿Qué cosas no te gustaban cuando eras pequeño/a?,Falta de actividades,Mujer,14 a 18,RENGO URBANO
NNA007,P31,¿Participabas en actividades escolares o municipales?,A veces,Mujer,14 a 18,RENGO URBANO
NNA007,P32,¿Qué lugares de Rengo te gustaban más antes?,Parques,Mujer,14 a 18,RENGO URBANO
NNA007,P33,¿Qué cambios has notado desde entonces?,Menos áreas verdes,Mujer,14 a 18,RENGO URBANO
NNA007,P34,¿Crees que tu barrio cambió para mejor o peor?,Para mejor,Mujer,14 a 18,RENGO URBANO
NNA007,P35,¿Qué recuerdos bonitos guardas de antes?,Familia,Mujer,14 a 18,RENGO URBANO
NNA007,P37,¿Cómo te gustaría que fuera tu comuna en el futuro?,Más verde y ecológica,Mujer,14 a 18,RENGO URBANO
NNA007,P38,¿Qué espacios nuevos te gustaría tener cerca?,Cafeterías o cines,Mujer,14 a 18,RENGO URBANO
NNA007,P39,¿Qué actividades te gustaría que existieran para jóvenes?,Arte,Mujer,14 a 18,RENGO URBANO
NNA007,P40,¿Qué tipo de transporte te gustaría usar en el futuro?,Tren,Mujer,14 a 18,RENGO URBANO
NNA007,P41,¿Cómo imaginas tu barrio ideal?,Verde,Mujer,14 a 18,RENGO URBANO
NNA007,P42,¿En qué temas te gustaría ayudar a mejorar tu comuna?,Medioambiente,Mujer,14 a 18,RENGO URBANO
NNA007,P43,¿Qué mensaje le darías al Alcalde o Concejo Municipal?,Apoyar proyectos escolares,Mujer,14 a 18,RENGO URBANO
NNA007,P44,"Si fueras Alcalde/sa, ¿Qué harías primero?","Crearía más ciclovías en ciertas calles más habitadas/públicas, y construiría más sedes donde se puedan realizar actividades.",Mujer,14 a 18,RENGO URBANO
NNA007,P45,¿Te gustaría participar en proyectos comunales?,Sí,Mujer,14 a 18,RENGO URBANO
NNA007,P45,¿Te gustaría participar en proyectos comunales?,en mi barrio,Mujer,14 a 18,RENGO URBANO
NNA007,P46,¿Qué sueño tienes para Rengo en 10 años?,Más moderno,Mujer,14 a 18,RENGO URBANO
NNA008,P00,Marca temporal,2025-10-23 15:37:54.927000,Hombre,12 a 14,RENGO URBANO
NNA008,P01,Nombre Completo,Benjamin Andrés fuenzalida Mora,Hombre,12 a 14,RENGO URBANO
NNA008,P02,Género,Hombre,Hombre,12 a 14,RENGO URBANO
NNA008,P03,Seleccione su Rango de edad,12 a 14,Hombre,12 a 14,RENGO URBANO
NNA008,P04,¿En qué sector o localidad de Rengo resides actualmente?,RENGO URBANO,Hombre,12 a 14,RENGO URBANO
NNA008,P05,Sector/Barrio/Villa donde vives:  ,Las torres,Hombre,12 a 14,RENGO URBANO
NNA008,P06,¿A qué Colegio/Liceo asiste o asistió en el último periodo?,Escuela Vicente Huidobro,Hombre,12 a 14,RENGO URBANO
NNA008,P07,¿Cómo describirías el sentido de identidad local en Rengo?,Fuerte,Hombre,12 a 14,RENGO URBANO
NNA008,P08,"¿Perteneces y/o participas en Agrupaciones Comunitarios, Culturales, Deportivas?",Rara Vez,Hombre,12 a 14,RENGO URBANO
NNA008,P09,¿Qué áreas debería priorizar el nuevo Plan de Desarrollo Comunal (PLADECO) 2025–2035? (Selecciona hasta tres),Seguridad pública y orden,Hombre,12 a 14,RENGO URBANO
NNA008,P09,¿Qué áreas debería priorizar el nuevo Plan de Desarrollo Comunal (PLADECO) 2025–2035? (Selecciona hasta tres),Cultura,Hombre,12 a 14,RENGO URBANO
NNA008,P09,¿Qué áreas debería priorizar el nuevo Plan de Desarrollo Comunal (PLADECO) 2025–2035? (Selecciona hasta tres),deporte y recreación,Hombre,12 a 14,RENGO URBANO
NNA008,P09,¿Qué áreas debería priorizar el nuevo Plan de Desarrollo Comunal (PLADECO) 2025–2035? (Selecciona hasta tres),Medio ambiente y sustentabilidad,Hombre,12 a 14,RENGO URBANO
NNA008,P10,¿Compartes con tus vecinos en actividades recreativas?,No,Hombre,12 a 14,RENGO URBANO
NNA008,P11,¿Has visto o vivido situaciones de violencia en tu colegio?,Nunca,Hombre,12 a 14,RENGO URBANO
NNA008,P12,¿Qué tipo de situaciones se presentan con más frecuencia?,Aislamiento o exclusión,Hombre,12 a 14,RENGO URBANO
NNA008,P13,¿A quién acudirías si sufres o ves una situación de violencia escolar?,Profesor/a o inspector/a,Hombre,12 a 14,RENGO URBANO
NNA008,P14,¿Te sientes seguro/a al caminar por tu barrio?,Algo seguro/a,Hombre,12 a 14,RENGO URBANO
NNA008,P15,¿Qué situaciones te hacen sentir inseguro/a en tu barrio?,Presencia de pandillas o delincuencia,Hombre,12 a 14,RENGO URBANO
NNA008,P16,¿Cómo llegas al colegio o liceo?,A pie,Hombre,12 a 14,RENGO URBANO
NNA008,P17,¿Te sientes seguro/a en tu barrio?,Algo seguro/a,Hombre,12 a 14,RENGO URBANO
NNA008,P18,¿Qué lugares visitas más en tu comuna?,Canchas,Hombre,12 a 14,RENGO URBANO
NNA008,P19,¿Qué cosas te hacen sentir feliz en tu barrio o comuna?,Mis amigos/as,Hombre,12 a 14,RENGO URBANO
NNA008,P20,¿Qué problemas o cosas negativas notas donde vives?,Inseguridad,Hombre,12 a 14,RENGO URBANO
NNA008,P21,¿Cómo calificas la limpieza y orden de tu barrio?,Sucio,Hombre,12 a 14,RENGO URBANO
NNA008,P22,¿Participas en actividades del municipio o tu colegio?,"Sí, frecuentemente",Hombre,12 a 14,RENGO URBANO
NNA008,P23,¿Dónde te gusta pasar tu tiempo libre?,En casa,Hombre,12 a 14,RENGO URBANO
NNA008,P24,¿Qué tanto te sientes escuchado/a por los adultos?,Siempre,Hombre,12 a 14,RENGO URBANO
NNA008,P25,¿Qué calificación le pondrías a tu comuna como lugar para vivir?,3.0,Hombre,12 a 14,RENGO URBANO
NNA008,P26,¿Cómo era tu barrio cuando eras más pequeño/a?,Más tranquilo,Hombre,12 a 14,RENGO URBANO
NNA008,P27,¿Dónde jugabas cuando eras pequeño/a?,En el patio de mi casa,Hombre,12 a 14,RENGO URBANO
NNA008,P28,¿Con quién pasabas más tiempo cuando eras niño/a?,Con amigos/as,Hombre,12 a 14,RENGO URBANO
NNA008,P29,¿Qué cosas te hacían feliz antes?,Naturaleza,Hombre,12 a 14,RENGO URBANO
NNA008,P30,¿Qué cosas no te gustaban cuando eras pequeño/a?,Peligro o inseguridad,Hombre,12 a 14,RENGO URBANO
NNA008,P31,¿Participabas en actividades escolares o municipales?,Sí,Hombre,12 a 14,RENGO URBANO
NNA008,P32,¿Qué lugares de Rengo te gustaban más antes?,Canchas,Hombre,12 a 14,RENGO URBANO
NNA008,P33,¿Qué cambios has notado desde entonces?,Más autos,Hombre,12 a 14,RENGO URBANO
NNA008,P34,¿Crees que tu barrio cambió para mejor o peor?,Igual,Hombre,12 a 14,RENGO URBANO
NNA008,P35,¿Qué recuerdos bonitos guardas de antes?,Familia,Hombre,12 a 14,RENGO URBANO
NNA008,P36,¿Qué sientes al ver esta imagen?,Alegría y tranquilidad por las cosas positivas,Hombre,12 a 14,RENGO URBANO
NNA008,P37,¿Cómo te gustaría que fuera tu comuna en el futuro?,Más segura,Hombre,12 a 14,RENGO URBANO
NNA008,P38,¿Qué espacios nuevos te gustaría tener cerca?,Ciclovías,Hombre,12 a 14,RENGO URBANO
NNA008,P39,¿Qué actividades te gustaría que existieran para jóvenes?,Deportes,Hombre,12 a 14,RENGO URBANO
NNA008,P40,¿Qué tipo de transporte te gustaría usar en el futuro?,Bus gratuito,Hombre,12 a 14,RENGO URBANO
NNA008,P41,¿Cómo imaginas tu barrio ideal?,Seguro,Hombre,12 a 14,RENGO URBANO
NNA008,P42,¿En qué temas te gustaría ayudar a mejorar tu comuna?,Seguridad,Hombre,12 a 14,RENGO URBANO
NNA008,P43,¿Qué mensaje le darías al Alcalde o Concejo Municipal?,Escuchar a los jóvenes,Hombre,12 a 14,RENGO URBANO
NNA008,P44,"Si fueras Alcalde/sa, ¿Qué harías primero?",Mejorar la seguridad,Hombre,12 a 14,RENGO URBANO
NNA008,P45,¿Te gustaría participar en proyectos comunales?,Sí,Hombre,12 a 14,RENGO URBANO
NNA008,P45,¿Te gustaría participar en proyectos comunales?,en mi colegio,Hombre,12 a 14,RENGO URBANO
NNA008,P46,¿Qué sueño tienes para Rengo en 10 años?,Más unido,Hombre,12 a 14,RENGO URBANO
NNA009,P00,Marca temporal,2025-10-23 15:57:36.691000,Mujer,12 a 14,RENGO URBANO
NNA009,P01,Nombre Completo,Katherin Alessandra Jara Pizarro,Mujer,12 a 14,RENGO URBANO
NNA009,P02,Género,Mujer,Mujer,12 a 14,RENGO URBANO
NNA009,P03,Seleccione su Rango de edad,12 a 14,Mujer,12 a 14,RENGO URBANO
NNA009,P04,¿En qué sector o localidad de Rengo resides actualmente?,RENGO URBANO,Mujer,12 a 14,RENGO URBANO
NNA009,P05,Sector/Barrio/Villa donde vives:  ,Villa los abedules,Mujer,12 a 14,RENGO URBANO
NNA009,P06,¿A qué Colegio/Liceo asiste o asistió en el último periodo?,Escuela Vicente Huidobro,Mujer,12 a 14,RENGO URBANO
NNA009,P07,¿Cómo describirías el sentido de identidad local en Rengo?,No lo sé,Mujer,12 a 14,RENGO URBANO
NNA009,P08,"¿Perteneces y/o participas en Agrupaciones Comunitarios, Culturales, Deportivas?",Rara Vez,Mujer,12 a 14,RENGO URBANO
NNA009,P09,¿Qué áreas debería priorizar el nuevo Plan de Desarrollo Comunal (PLADECO) 2025–2035? (Selecciona hasta tres),Seguridad pública y orden,Mujer,12 a 14,RENGO URBANO
NNA009,P09,¿Qué áreas debería priorizar el nuevo Plan de Desarrollo Comunal (PLADECO) 2025–2035? (Selecciona hasta tres),Participación ciudadana y transparencia,Mujer,12 a 14,RENGO URBANO
NNA009,P09,¿Qué áreas debería priorizar el nuevo Plan de Desarrollo Comunal (PLADECO) 2025–2035? (Selecciona hasta tres),Inclusión social y equidad de género,Mujer,12 a 14,RENGO URBANO
NNA009,P10,¿Compartes con tus vecinos en actividades recreativas?,Rara vez,Mujer,12 a 14,RENGO URBANO
NNA009,P11,¿Has visto o vivido situaciones de violencia en tu colegio?,Nunca,Mujer,12 a 14,RENGO URBANO
NNA009,P12,¿Qué tipo de situaciones se presentan con más frecuencia?,Aislamiento o exclusión,Mujer,12 a 14,RENGO URBANO
NNA009,P13,¿A quién acudirías si sufres o ves una situación de violencia escolar?,No sabría a quién acudir,Mujer,12 a 14,RENGO URBANO
NNA009,P14,¿Te sientes seguro/a al caminar por tu barrio?,Algo seguro/a,Mujer,12 a 14,RENGO URBANO
NNA009,P15,¿Qué situaciones te hacen sentir inseguro/a en tu barrio?,Presencia de pandillas o delincuencia,Mujer,12 a 14,RENGO URBANO
NNA009,P16,¿Cómo llegas al colegio o liceo?,En micro,Mujer,12 a 14,RENGO URBANO
NNA009,P17,¿Te sientes seguro/a en tu barrio?,Algo seguro/a,Mujer,12 a 14,RENGO URBANO
NNA009,P18,¿Qué lugares visitas más en tu comuna?,Plazas o parques,Mujer,12 a 14,RENGO URBANO
NNA009,P19,¿Qué cosas te hacen sentir feliz en tu barrio o comuna?,La tranquilidad,Mujer,12 a 14,RENGO URBANO
NNA009,P20,¿Qué problemas o cosas negativas notas donde vives?,Falta de actividades,Mujer,12 a 14,RENGO URBANO
NNA009,P21,¿Cómo calificas la limpieza y orden de tu barrio?,Aceptable,Mujer,12 a 14,RENGO URBANO
NNA009,P22,¿Participas en actividades del municipio o tu colegio?,A veces,Mujer,12 a 14,RENGO URBANO
NNA009,P23,¿Dónde te gusta pasar tu tiempo libre?,En casa,Mujer,12 a 14,RENGO URBANO
NNA009,P24,¿Qué tanto te sientes escuchado/a por los adultos?,A veces,Mujer,12 a 14,RENGO URBANO
NNA009,P25,¿Qué calificación le pondrías a tu comuna como lugar para vivir?,2.0,Mujer,12 a 14,RENGO URBANO
NNA009,P26,¿Cómo era tu barrio cuando eras más pequeño/a?,Más tranquilo,Mujer,12 a 14,RENGO URBANO
NNA009,P27,¿Dónde jugabas cuando eras pequeño/a?,En la calle,Mujer,12 a 14,RENGO URBANO
NNA009,P28,¿Con quién pasabas más tiempo cuando eras niño/a?,Con amigos/as,Mujer,12 a 14,RENGO URBANO
NNA009,P29,¿Qué cosas te hacían feliz antes?,Juegos,Mujer,12 a 14,RENGO URBANO
NNA009,P30,¿Qué cosas no te gustaban cuando eras pequeño/a?,Falta de actividades,Mujer,12 a 14,RENGO URBANO
NNA009,P31,¿Participabas en actividades escolares o municipales?,A veces,Mujer,12 a 14,RENGO URBANO
NNA009,P32,¿Qué lugares de Rengo te gustaban más antes?,Parques,Mujer,12 a 14,RENGO URBANO
NNA009,P33,¿Qué cambios has notado desde entonces?,Más contaminación,Mujer,12 a 14,RENGO URBANO
NNA009,P34,¿Crees que tu barrio cambió para mejor o peor?,Para mejor,Mujer,12 a 14,RENGO URBANO
NNA009,P35,¿Qué recuerdos bonitos guardas de antes?,Juegos con amigos/as,Mujer,12 a 14,RENGO URBANO
NNA009,P36,¿Qué sientes al ver esta imagen?,Que es un lugar tranquilo,Mujer,12 a 14,RENGO URBANO
NNA009,P37,¿Cómo te gustaría que fuera tu comuna en el futuro?,Con más cultura,Mujer,12 a 14,RENGO URBANO
NNA009,P38,¿Qué espacios nuevos te gustaría tener cerca?,Cafeterías o cines,Mujer,12 a 14,RENGO URBANO
NNA009,P39,¿Qué actividades te gustaría que existieran para jóvenes?,Voluntariado,Mujer,12 a 14,RENGO URBANO
NNA009,P40,¿Qué tipo de transporte te gustaría usar en el futuro?,Bus gratuito,Mujer,12 a 14,RENGO URBANO
NNA009,P41,¿Cómo imaginas tu barrio ideal?,Moderno,Mujer,12 a 14,RENGO URBANO
NNA009,P42,¿En qué temas te gustaría ayudar a mejorar tu comuna?,Medioambiente,Mujer,12 a 14,RENGO URBANO
NNA009,P43,¿Qué mensaje le darías al Alcalde o Concejo Municipal?,Apoyar proyectos escolares,Mujer,12 a 14,RENGO URBANO
NNA009,P45,¿Te gustaría participar en proyectos comunales?,Sí,Mujer,12 a 14,RENGO URBANO
NNA009,P45,¿Te gustaría participar en proyectos comunales?,en mi barrio,Mujer,12 a 14,RENGO URBANO
NNA009,P46,¿Qué sueño tienes para Rengo en 10 años?,Más moderno,Mujer,12 a 14,RENGO URBANO
NNA010,P00,Marca temporal,2025-10-23 18:51:33.872000,Hombre,14 a 18,CHANQUEAHUE
NNA010,P01,Nombre Completo,Maximo Andrez Guerra Mendez,Hombre,14 a 18,CHANQUEAHUE
NNA010,P02,Género,Hombre,Hombre,14 a 18,CHANQUEAHUE
NNA010,P03,Seleccione su Rango de edad,14 a 18,Hombre,14 a 18,CHANQUEAHUE
NNA010,P04,¿En qué sector o localidad de Rengo resides actualmente?,CHANQUEAHUE,Hombre,14 a 18,CHANQUEAHUE
NNA010,P05,Sector/Barrio/Villa donde vives:  ,San Pablo segundo,Hombre,14 a 18,CHANQUEAHUE
NNA010,P06,¿A qué Colegio/Liceo asiste o asistió en el último periodo?,Liceo Bicentenario Oriente,Hombre,14 a 18,CHANQUEAHUE
NNA010,P07,¿Cómo describirías el sentido de identidad local en Rengo?,No lo sé,Hombre,14 a 18,CHANQUEAHUE
NNA010,P08,"¿Perteneces y/o participas en Agrupaciones Comunitarios, Culturales, Deportivas?",No,Hombre,14 a 18,CHANQUEAHUE
NNA010,P09,¿Qué áreas debería priorizar el nuevo Plan de Desarrollo Comunal (PLADECO) 2025–2035? (Selecciona hasta tres),Salud y bienestar,Hombre,14 a 18,CHANQUEAHUE
NNA010,P09,¿Qué áreas debería priorizar el nuevo Plan de Desarrollo Comunal (PLADECO) 2025–2035? (Selecciona hasta tres),Cultura,Hombre,14 a 18,CHANQUEAHUE
NNA010,P09,¿Qué áreas debería priorizar el nuevo Plan de Desarrollo Comunal (PLADECO) 2025–2035? (Selecciona hasta tres),deporte y recreación,Hombre,14 a 18,CHANQUEAHUE
NNA010,P09,¿Qué áreas debería priorizar el nuevo Plan de Desarrollo Comunal (PLADECO) 2025–2035? (Selecciona hasta tres),Medio ambiente y sustentabilidad,Hombre,14 a 18,CHANQUEAHUE
NNA010,P10,¿Compartes con tus vecinos en actividades recreativas?,No,Hombre,14 a 18,CHANQUEAHUE
NNA010,P11,¿Has visto o vivido situaciones de violencia en tu colegio?,"Sí, varias veces",Hombre,14 a 18,CHANQUEAHUE
NNA010,P12,¿Qué tipo de situaciones se presentan con más frecuencia?,Peleas físicas,Hombre,14 a 18,CHANQUEAHUE
NNA010,P13,¿A quién acudirías si sufres o ves una situación de violencia escolar?,No sabría a quién acudir,Hombre,14 a 18,CHANQUEAHUE
NNA010,P14,¿Te sientes seguro/a al caminar por tu barrio?,Muy seguro/a,Hombre,14 a 18,CHANQUEAHUE
NNA010,P15,¿Qué situaciones te hacen sentir inseguro/a en tu barrio?,Nada,Hombre,14 a 18,CHANQUEAHUE
NNA010,P16,¿Cómo llegas al colegio o liceo?,En transporte escolar,Hombre,14 a 18,CHANQUEAHUE
NNA010,P17,¿Te sientes seguro/a en tu barrio?,Muy seguro/a,Hombre,14 a 18,CHANQUEAHUE
NNA010,P18,¿Qué lugares visitas más en tu comuna?,Casa de amigos/as,Hombre,14 a 18,CHANQUEAHUE
NNA010,P19,¿Qué cosas te hacen sentir feliz en tu barrio o comuna?,Mis amigos/as,Hombre,14 a 18,CHANQUEAHUE
NNA010,P20,¿Qué problemas o cosas negativas notas donde vives?,Basura o contaminación,Hombre,14 a 18,CHANQUEAHUE
NNA010,P21,¿Cómo calificas la limpieza y orden de tu barrio?,Sucio,Hombre,14 a 18,CHANQUEAHUE
NNA010,P22,¿Participas en actividades del municipio o tu colegio?,Rara vez,Hombre,14 a 18,CHANQUEAHUE
NNA010,P23,¿Dónde te gusta pasar tu tiempo libre?,En la plaza o parque,Hombre,14 a 18,CHANQUEAHUE
NNA010,P24,¿Qué tanto te sientes escuchado/a por los adultos?,A veces,Hombre,14 a 18,CHANQUEAHUE
NNA010,P25,¿Qué calificación le pondrías a tu comuna como lugar para vivir?,3.0,Hombre,14 a 18,CHANQUEAHUE
NNA010,P26,¿Cómo era tu barrio cuando eras más pequeño/a?,No lo recuerdo,Hombre,14 a 18,CHANQUEAHUE
NNA010,P27,¿Dónde jugabas cuando eras pequeño/a?,En la calle,Hombre,14 a 18,CHANQUEAHUE
NNA010,P28,¿Con quién pasabas más tiempo cuando eras niño/a?,Con amigos/as,Hombre,14 a 18,CHANQUEAHUE
NNA010,P29,¿Qué cosas te hacían feliz antes?,Juegos,Hombre,14 a 18,CHANQUEAHUE
NNA010,P30,¿Qué cosas no te gustaban cuando eras pequeño/a?,Basura,Hombre,14 a 18,CHANQUEAHUE
NNA010,P31,¿Participabas en actividades escolares o municipales?,A veces,Hombre,14 a 18,CHANQUEAHUE
NNA010,P32,¿Qué lugares de Rengo te gustaban más antes?,Plazas,Hombre,14 a 18,CHANQUEAHUE
NNA010,P33,¿Qué cambios has notado desde entonces?,Menos áreas verdes,Hombre,14 a 18,CHANQUEAHUE
NNA010,P34,¿Crees que tu barrio cambió para mejor o peor?,Igual,Hombre,14 a 18,CHANQUEAHUE
NNA010,P35,¿Qué recuerdos bonitos guardas de antes?,Juegos con amigos/as,Hombre,14 a 18,CHANQUEAHUE
NNA010,P36,¿Qué sientes al ver esta imagen?,"La seguridad, más actividades y áreas verdes",Hombre,14 a 18,CHANQUEAHUE
NNA010,P37,¿Cómo te gustaría que fuera tu comuna en el futuro?,Más verde y ecológica,Hombre,14 a 18,CHANQUEAHUE
NNA010,P38,¿Qué espacios nuevos te gustaría tener cerca?,Cafeterías o cines,Hombre,14 a 18,CHANQUEAHUE
NNA010,P39,¿Qué actividades te gustaría que existieran para jóvenes?,Deportes,Hombre,14 a 18,CHANQUEAHUE
NNA010,P40,¿Qué tipo de transporte te gustaría usar en el futuro?,Bus gratuito,Hombre,14 a 18,CHANQUEAHUE
NNA010,P41,¿Cómo imaginas tu barrio ideal?,Moderno,Hombre,14 a 18,CHANQUEAHUE
NNA010,P42,¿En qué temas te gustaría ayudar a mejorar tu comuna?,Deportes,Hombre,14 a 18,CHANQUEAHUE
NNA010,P43,¿Qué mensaje le darías al Alcalde o Concejo Municipal?,Escuchar a los jóvenes,Hombre,14 a 18,CHANQUEAHUE
NNA010,P44,"Si fueras Alcalde/sa, ¿Qué harías primero?",No sabría responder,Hombre,14 a 18,CHANQUEAHUE
NNA010,P45,¿Te gustaría participar en proyectos comunales?,Sí,Hombre,14 a 18,CHANQUEAHUE
NNA010,P45,¿Te gustaría participar en proyectos comunales?,en mi barrio,Hombre,14 a 18,CHANQUEAHUE
NNA010,P46,¿Qué sueño tienes para Rengo en 10 años?,Más moderno,Hombre,14 a 18,CHANQUEAHUE
NNA011,P00,Marca temporal,2025-10-27 17:51:24.326000,Hombre,14 a 18,CHANQUEAHUE
NNA011,P01,Nombre Completo,Javier Hidalgo barrera,Hombre,14 a 18,CHANQUEAHUE
NNA011,P02,Género,Hombre,Hombre,14 a 18,CHANQUEAHUE
NNA011,P03,Seleccione su Rango de edad,14 a 18,Hombre,14 a 18,CHANQUEAHUE
NNA011,P04,¿En qué sector o localidad de Rengo resides actualmente?,CHANQUEAHUE,Hombre,14 a 18,CHANQUEAHUE
NNA011,P05,Sector/Barrio/Villa donde vives:  ,Pablo segundo,Hombre,14 a 18,CHANQUEAHUE
NNA011,P06,¿A qué Colegio/Liceo asiste o asistió en el último periodo?,Liceo Luis Urbina Flores,Hombre,14 a 18,CHANQUEAHUE
NNA011,P07,¿Cómo describirías el sentido de identidad local en Rengo?,Débil,Hombre,14 a 18,CHANQUEAHUE
NNA011,P08,"¿Perteneces y/o participas en Agrupaciones Comunitarios, Culturales, Deportivas?",Sí,Hombre,14 a 18,CHANQUEAHUE
NNA011,P09,¿Qué áreas debería priorizar el nuevo Plan de Desarrollo Comunal (PLADECO) 2025–2035? (Selecciona hasta tres),Salud y bienestar,Hombre,14 a 18,CHANQUEAHUE
NNA011,P09,¿Qué áreas debería priorizar el nuevo Plan de Desarrollo Comunal (PLADECO) 2025–2035? (Selecciona hasta tres),Infraestructura y conectividad,Hombre,14 a 18,CHANQUEAHUE
NNA011,P10,¿Compartes con tus vecinos en actividades recreativas?,Rara vez,Hombre,14 a 18,CHANQUEAHUE
NNA011,P11,¿Has visto o vivido situaciones de violencia en tu colegio?,Rara vez,Hombre,14 a 18,CHANQUEAHUE
NNA011,P12,¿Qué tipo de situaciones se presentan con más frecuencia?,Burlas o acoso verbal,Hombre,14 a 18,CHANQUEAHUE
NNA011,P13,¿A quién acudirías si sufres o ves una situación de violencia escolar?,Profesor/a o inspector/a,Hombre,14 a 18,CHANQUEAHUE
NNA011,P14,¿Te sientes seguro/a al caminar por tu barrio?,Muy seguro/a,Hombre,14 a 18,CHANQUEAHUE
NNA011,P15,¿Qué situaciones te hacen sentir inseguro/a en tu barrio?,Falta de iluminación,Hombre,14 a 18,CHANQUEAHUE
NNA011,P16,¿Cómo llegas al colegio o liceo?,En micro,Hombre,14 a 18,CHANQUEAHUE
NNA011,P17,¿Te sientes seguro/a en tu barrio?,Muy seguro/a,Hombre,14 a 18,CHANQUEAHUE
NNA011,P18,¿Qué lugares visitas más en tu comuna?,Plazas o parques,Hombre,14 a 18,CHANQUEAHUE
NNA011,P19,¿Qué cosas te hacen sentir feliz en tu barrio o comuna?,La naturaleza,Hombre,14 a 18,CHANQUEAHUE
NNA011,P20,¿Qué problemas o cosas negativas notas donde vives?,Falta de actividades,Hombre,14 a 18,CHANQUEAHUE
NNA011,P21,¿Cómo calificas la limpieza y orden de tu barrio?,Aceptable,Hombre,14 a 18,CHANQUEAHUE
NNA011,P22,¿Participas en actividades del municipio o tu colegio?,A veces,Hombre,14 a 18,CHANQUEAHUE
NNA011,P23,¿Dónde te gusta pasar tu tiempo libre?,En casa,Hombre,14 a 18,CHANQUEAHUE
NNA011,P24,¿Qué tanto te sientes escuchado/a por los adultos?,A veces,Hombre,14 a 18,CHANQUEAHUE
NNA011,P25,¿Qué calificación le pondrías a tu comuna como lugar para vivir?,2.0,Hombre,14 a 18,CHANQUEAHUE
NNA011,P26,¿Cómo era tu barrio cuando eras más pequeño/a?,Más tranquilo,Hombre,14 a 18,CHANQUEAHUE
NNA011,P27,¿Dónde jugabas cuando eras pequeño/a?,En la calle,Hombre,14 a 18,CHANQUEAHUE
NNA011,P28,¿Con quién pasabas más tiempo cuando eras niño/a?,Con familia,Hombre,14 a 18,CHANQUEAHUE
NNA011,P29,¿Qué cosas te hacían feliz antes?,Familia,Hombre,14 a 18,CHANQUEAHUE
NNA011,P30,¿Qué cosas no te gustaban cuando eras pequeño/a?,Basura,Hombre,14 a 18,CHANQUEAHUE
NNA011,P31,¿Participabas en actividades escolares o municipales?,A veces,Hombre,14 a 18,CHANQUEAHUE
NNA011,P32,¿Qué lugares de Rengo te gustaban más antes?,Parques,Hombre,14 a 18,CHANQUEAHUE
NNA011,P33,¿Qué cambios has notado desde entonces?,Más casas,Hombre,14 a 18,CHANQUEAHUE
NNA011,P34,¿Crees que tu barrio cambió para mejor o peor?,Para peor,Hombre,14 a 18,CHANQUEAHUE
NNA011,P35,¿Qué recuerdos bonitos guardas de antes?,Familia,Hombre,14 a 18,CHANQUEAHUE
NNA011,P37,¿Cómo te gustaría que fuera tu comuna en el futuro?,Con más tecnología,Hombre,14 a 18,CHANQUEAHUE
NNA011,P38,¿Qué espacios nuevos te gustaría tener cerca?,Plazas,Hombre,14 a 18,CHANQUEAHUE
NNA011,P39,¿Qué actividades te gustaría que existieran para jóvenes?,Medioambiente,Hombre,14 a 18,CHANQUEAHUE
NNA011,P40,¿Qué tipo de transporte te gustaría usar en el futuro?,Bus gratuito,Hombre,14 a 18,CHANQUEAHUE
NNA011,P41,¿Cómo imaginas tu barrio ideal?,Moderno,Hombre,14 a 18,CHANQUEAHUE
NNA011,P42,¿En qué temas te gustaría ayudar a mejorar tu comuna?,Deportes,Hombre,14 a 18,CHANQUEAHUE
NNA011,P43,¿Qué mensaje le darías al Alcalde o Concejo Municipal?,Escuchar a los jóvenes,Hombre,14 a 18,CHANQUEAHUE
NNA011,P44,"Si fueras Alcalde/sa, ¿Qué harías primero?",Modernizar,Hombre,14 a 18,CHANQUEAHUE
NNA011,P45,¿Te gustaría participar en proyectos comunales?,Sí,Hombre,14 a 18,CHANQUEAHUE
NNA011,P45,¿Te gustaría participar en proyectos comunales?,en mi colegio,Hombre,14 a 18,CHANQUEAHUE
NNA011,P46,¿Qué sueño tienes para Rengo en 10 años?,Más verde,Hombre,14 a 18,CHANQUEAHUE
NNA012,P00,Marca temporal,2025-10-28 09:40:47.798000,Mujer,14 a 18,RENGO URBANO
NNA012,P01,Nombre Completo,Maura becerra,Mujer,14 a 18,RENGO URBANO
NNA012,P02,Género,Mujer,Mujer,14 a 18,RENGO URBANO
NNA012,P03,Seleccione su Rango de edad,14 a 18,Mujer,14 a 18,RENGO URBANO
NNA012,P04,¿En qué sector o localidad de Rengo resides actualmente?,RENGO URBANO,Mujer,14 a 18,RENGO URBANO
NNA012,P05,Sector/Barrio/Villa donde vives:  ,Santa Ana,Mujer,14 a 18,RENGO URBANO
NNA012,P06,¿A qué Colegio/Liceo asiste o asistió en el último periodo?,Liceo Luis Urbina Flores,Mujer,14 a 18,RENGO URBANO
NNA012,P07,¿Cómo describirías el sentido de identidad local en Rengo?,No lo sé,Mujer,14 a 18,RENGO URBANO
NNA012,P08,"¿Perteneces y/o participas en Agrupaciones Comunitarios, Culturales, Deportivas?",Rara Vez,Mujer,14 a 18,RENGO URBANO
NNA012,P09,¿Qué áreas debería priorizar el nuevo Plan de Desarrollo Comunal (PLADECO) 2025–2035? (Selecciona hasta tres),Salud y bienestar,Mujer,14 a 18,RENGO URBANO
NNA012,P09,¿Qué áreas debería priorizar el nuevo Plan de Desarrollo Comunal (PLADECO) 2025–2035? (Selecciona hasta tres),Seguridad pública y orden,Mujer,14 a 18,RENGO URBANO
NNA012,P09,¿Qué áreas debería priorizar el nuevo Plan de Desarrollo Comunal (PLADECO) 2025–2035? (Selecciona hasta tres),Empleo y desarrollo económico,Mujer,14 a 18,RENGO URBANO
NNA012,P09,¿Qué áreas debería priorizar el nuevo Plan de Desarrollo Comunal (PLADECO) 2025–2035? (Selecciona hasta tres),Inclusión social y equidad de género,Mujer,14 a 18,RENGO URBANO
NNA012,P10,¿Compartes con tus vecinos en actividades recreativas?,No,Mujer,14 a 18,RENGO URBANO
NNA012,P11,¿Has visto o vivido situaciones de violencia en tu colegio?,Rara vez,Mujer,14 a 18,RENGO URBANO
NNA012,P12,¿Qué tipo de situaciones se presentan con más frecuencia?,Aislamiento o exclusión,Mujer,14 a 18,RENGO URBANO
NNA012,P13,¿A quién acudirías si sufres o ves una situación de violencia escolar?,Amigos/as,Mujer,14 a 18,RENGO URBANO
NNA012,P14,¿Te sientes seguro/a al caminar por tu barrio?,Muy seguro/a,Mujer,14 a 18,RENGO URBANO
NNA012,P15,¿Qué situaciones te hacen sentir inseguro/a en tu barrio?,Consumo de alcohol o drogas,Mujer,14 a 18,RENGO URBANO
NNA012,P16,¿Cómo llegas al colegio o liceo?,A pie,Mujer,14 a 18,RENGO URBANO
NNA012,P17,¿Te sientes seguro/a en tu barrio?,Muy seguro/a,Mujer,14 a 18,RENGO URBANO
NNA012,P18,¿Qué lugares visitas más en tu comuna?,Plazas o parques,Mujer,14 a 18,RENGO URBANO
NNA012,P19,¿Qué cosas te hacen sentir feliz en tu barrio o comuna?,Mis amigos/as,Mujer,14 a 18,RENGO URBANO
NNA012,P20,¿Qué problemas o cosas negativas notas donde vives?,Pocas áreas verdes,Mujer,14 a 18,RENGO URBANO
NNA012,P21,¿Cómo calificas la limpieza y orden de tu barrio?,Aceptable,Mujer,14 a 18,RENGO URBANO
NNA012,P22,¿Participas en actividades del municipio o tu colegio?,"Sí, frecuentemente",Mujer,14 a 18,RENGO URBANO
NNA012,P23,¿Dónde te gusta pasar tu tiempo libre?,En la casa de amigos/as,Mujer,14 a 18,RENGO URBANO
NNA012,P24,¿Qué tanto te sientes escuchado/a por los adultos?,A veces,Mujer,14 a 18,RENGO URBANO
NNA012,P25,¿Qué calificación le pondrías a tu comuna como lugar para vivir?,2.0,Mujer,14 a 18,RENGO URBANO
NNA012,P26,¿Cómo era tu barrio cuando eras más pequeño/a?,Más tranquilo,Mujer,14 a 18,RENGO URBANO
NNA012,P27,¿Dónde jugabas cuando eras pequeño/a?,En la plaza,Mujer,14 a 18,RENGO URBANO
NNA012,P28,¿Con quién pasabas más tiempo cuando eras niño/a?,Con familia,Mujer,14 a 18,RENGO URBANO
NNA012,P29,¿Qué cosas te hacían feliz antes?,Mascotas,Mujer,14 a 18,RENGO URBANO
NNA012,P30,¿Qué cosas no te gustaban cuando eras pequeño/a?,Peleas o discusiones,Mujer,14 a 18,RENGO URBANO
NNA012,P31,¿Participabas en actividades escolares o municipales?,A veces,Mujer,14 a 18,RENGO URBANO
NNA012,P32,¿Qué lugares de Rengo te gustaban más antes?,Escuela,Mujer,14 a 18,RENGO URBANO
NNA012,P33,¿Qué cambios has notado desde entonces?,Más casas,Mujer,14 a 18,RENGO URBANO
NNA012,P34,¿Crees que tu barrio cambió para mejor o peor?,Igual,Mujer,14 a 18,RENGO URBANO
NNA012,P35,¿Qué recuerdos bonitos guardas de antes?,Familia,Mujer,14 a 18,RENGO URBANO
NNA012,P36,¿Qué sientes al ver esta imagen?,"Una ciudad tranquila y pacífica,bonita área verde y en general algo ""perfecto""",Mujer,14 a 18,RENGO URBANO
NNA012,P37,¿Cómo te gustaría que fuera tu comuna en el futuro?,Más verde y ecológica,Mujer,14 a 18,RENGO URBANO
NNA012,P38,¿Qué espacios nuevos te gustaría tener cerca?,Cafeterías o cines,Mujer,14 a 18,RENGO URBANO
NNA012,P39,¿Qué actividades te gustaría que existieran para jóvenes?,Más actividades como que hayan en plazas o juegos de mesa en algunos lugares para jugar como en la biblioteca o general,Mujer,14 a 18,RENGO URBANO
NNA012,P40,¿Qué tipo de transporte te gustaría usar en el futuro?,Bus gratuito,Mujer,14 a 18,RENGO URBANO
NNA012,P41,¿Cómo imaginas tu barrio ideal?,Limpio,Mujer,14 a 18,RENGO URBANO
NNA012,P42,¿En qué temas te gustaría ayudar a mejorar tu comuna?,Inclusión,Mujer,14 a 18,RENGO URBANO
NNA012,P43,¿Qué mensaje le darías al Alcalde o Concejo Municipal?,Escuchar a los jóvenes,Mujer,14 a 18,RENGO URBANO
NNA012,P44,"Si fueras Alcalde/sa, ¿Qué harías primero?","La verdad creo que se ha mejorado todo en general con el nuevo alcalde,de áreas verdes seguridad etc,pero también sería bueno que el gimnasio municipa",Mujer,14 a 18,RENGO URBANO
NNA012,P45,¿Te gustaría participar en proyectos comunales?,Sí,Mujer,14 a 18,RENGO URBANO
NNA012,P45,¿Te gustaría participar en proyectos comunales?,en mi colegio,Mujer,14 a 18,RENGO URBANO
NNA012,P46,¿Qué sueño tienes para Rengo en 10 años?,Más justo,Mujer,14 a 18,RENGO URBANO
NNA013,P00,Marca temporal,2025-10-28 12:37:20.310000,Mujer,14 a 18,LO DE LOBO
NNA013,P01,Nombre Completo,Bárbara  Marilia Alejandra Huenteo Canales,Mujer,14 a 18,LO DE LOBO
NNA013,P02,Género,Mujer,Mujer,14 a 18,LO DE LOBO
NNA013,P03,Seleccione su Rango de edad,14 a 18,Mujer,14 a 18,LO DE LOBO
NNA013,P04,¿En qué sector o localidad de Rengo resides actualmente?,LO DE LOBO,Mujer,14 a 18,LO DE LOBO
NNA013,P05,Sector/Barrio/Villa donde vives:  ,El sauce,Mujer,14 a 18,LO DE LOBO
NNA013,P06,¿A qué Colegio/Liceo asiste o asistió en el último periodo?,Liceo Bicentenario Oriente,Mujer,14 a 18,LO DE LOBO
NNA013,P07,¿Cómo describirías el sentido de identidad local en Rengo?,Fuerte,Mujer,14 a 18,LO DE LOBO
NNA013,P08,"¿Perteneces y/o participas en Agrupaciones Comunitarios, Culturales, Deportivas?",Sí,Mujer,14 a 18,LO DE LOBO
NNA013,P09,¿Qué áreas debería priorizar el nuevo Plan de Desarrollo Comunal (PLADECO) 2025–2035? (Selecciona hasta tres),Salud y bienestar,Mujer,14 a 18,LO DE LOBO
NNA013,P09,¿Qué áreas debería priorizar el nuevo Plan de Desarrollo Comunal (PLADECO) 2025–2035? (Selecciona hasta tres),Educación y capacitación,Mujer,14 a 18,LO DE LOBO
NNA013,P09,¿Qué áreas debería priorizar el nuevo Plan de Desarrollo Comunal (PLADECO) 2025–2035? (Selecciona hasta tres),Seguridad pública y orden,Mujer,14 a 18,LO DE LOBO
NNA013,P09,¿Qué áreas debería priorizar el nuevo Plan de Desarrollo Comunal (PLADECO) 2025–2035? (Selecciona hasta tres),Infraestructura y conectividad,Mujer,14 a 18,LO DE LOBO
NNA013,P09,¿Qué áreas debería priorizar el nuevo Plan de Desarrollo Comunal (PLADECO) 2025–2035? (Selecciona hasta tres),Cultura,Mujer,14 a 18,LO DE LOBO
NNA013,P09,¿Qué áreas debería priorizar el nuevo Plan de Desarrollo Comunal (PLADECO) 2025–2035? (Selecciona hasta tres),deporte y recreación,Mujer,14 a 18,LO DE LOBO
NNA013,P09,¿Qué áreas debería priorizar el nuevo Plan de Desarrollo Comunal (PLADECO) 2025–2035? (Selecciona hasta tres),Medio ambiente y sustentabilidad,Mujer,14 a 18,LO DE LOBO
NNA013,P10,¿Compartes con tus vecinos en actividades recreativas?,Rara vez,Mujer,14 a 18,LO DE LOBO
NNA013,P11,¿Has visto o vivido situaciones de violencia en tu colegio?,Prefiero no responder,Mujer,14 a 18,LO DE LOBO
NNA013,P12,¿Qué tipo de situaciones se presentan con más frecuencia?,Peleas físicas,Mujer,14 a 18,LO DE LOBO
NNA013,P13,¿A quién acudirías si sufres o ves una situación de violencia escolar?,Profesor/a o inspector/a,Mujer,14 a 18,LO DE LOBO
NNA013,P14,¿Te sientes seguro/a al caminar por tu barrio?,Algo seguro/a,Mujer,14 a 18,LO DE LOBO
NNA013,P15,¿Qué situaciones te hacen sentir inseguro/a en tu barrio?,Falta de iluminación,Mujer,14 a 18,LO DE LOBO
NNA013,P16,¿Cómo llegas al colegio o liceo?,En auto particular,Mujer,14 a 18,LO DE LOBO
NNA013,P17,¿Te sientes seguro/a en tu barrio?,Algo seguro/a,Mujer,14 a 18,LO DE LOBO
NNA013,P18,¿Qué lugares visitas más en tu comuna?,Plazas o parques,Mujer,14 a 18,LO DE LOBO
NNA013,P19,¿Qué cosas te hacen sentir feliz en tu barrio o comuna?,Mis amigos/as,Mujer,14 a 18,LO DE LOBO
NNA013,P20,¿Qué problemas o cosas negativas notas donde vives?,Pocas áreas verdes,Mujer,14 a 18,LO DE LOBO
NNA013,P21,¿Cómo calificas la limpieza y orden de tu barrio?,Sucio,Mujer,14 a 18,LO DE LOBO
NNA013,P22,¿Participas en actividades del municipio o tu colegio?,"Sí, frecuentemente",Mujer,14 a 18,LO DE LOBO
NNA013,P23,¿Dónde te gusta pasar tu tiempo libre?,En casa,Mujer,14 a 18,LO DE LOBO
NNA013,P24,¿Qué tanto te sientes escuchado/a por los adultos?,A veces,Mujer,14 a 18,LO DE LOBO
NNA013,P25,¿Qué calificación le pondrías a tu comuna como lugar para vivir?,2.0,Mujer,14 a 18,LO DE LOBO
NNA013,P26,¿Cómo era tu barrio cuando eras más pequeño/a?,Más tranquilo,Mujer,14 a 18,LO DE LOBO
NNA013,P27,¿Dónde jugabas cuando eras pequeño/a?,En la escuela,Mujer,14 a 18,LO DE LOBO
NNA013,P28,¿Con quién pasabas más tiempo cuando eras niño/a?,Con familia,Mujer,14 a 18,LO DE LOBO
NNA013,P29,¿Qué cosas te hacían feliz antes?,Escuela,Mujer,14 a 18,LO DE LOBO
NNA013,P30,¿Qué cosas no te gustaban cuando eras pequeño/a?,Pocas plazas,Mujer,14 a 18,LO DE LOBO
NNA013,P31,¿Participabas en actividades escolares o municipales?,Sí,Mujer,14 a 18,LO DE LOBO
NNA013,P32,¿Qué lugares de Rengo te gustaban más antes?,Escuela,Mujer,14 a 18,LO DE LOBO
NNA013,P33,¿Qué cambios has notado desde entonces?,Más contaminación,Mujer,14 a 18,LO DE LOBO
NNA013,P34,¿Crees que tu barrio cambió para mejor o peor?,No lo sé,Mujer,14 a 18,LO DE LOBO
NNA013,P35,¿Qué recuerdos bonitos guardas de antes?,Familia,Mujer,14 a 18,LO DE LOBO
NNA013,P36,¿Qué sientes al ver esta imagen?,Seguridad,Mujer,14 a 18,LO DE LOBO
NNA013,P37,¿Cómo te gustaría que fuera tu comuna en el futuro?,Más segura,Mujer,14 a 18,LO DE LOBO
NNA013,P38,¿Qué espacios nuevos te gustaría tener cerca?,Cafeterías o cines,Mujer,14 a 18,LO DE LOBO
NNA013,P39,¿Qué actividades te gustaría que existieran para jóvenes?,Voluntariado,Mujer,14 a 18,LO DE LOBO
NNA013,P40,¿Qué tipo de transporte te gustaría usar en el futuro?,Bus gratuito,Mujer,14 a 18,LO DE LOBO
NNA013,P41,¿Cómo imaginas tu barrio ideal?,Seguro,Mujer,14 a 18,LO DE LOBO
NNA013,P42,¿En qué temas te gustaría ayudar a mejorar tu comuna?,Deportes,Mujer,14 a 18,LO DE LOBO
NNA013,P43,¿Qué mensaje le darías al Alcalde o Concejo Municipal?,Escuchar a los jóvenes,Mujer,14 a 18,LO DE LOBO
NNA013,P45,¿Te gustaría participar en proyectos comunales?,Sí,Mujer,14 a 18,LO DE LOBO
NNA013,P45,¿Te gustaría participar en proyectos comunales?,en mi colegio,Mujer,14 a 18,LO DE LOBO
NNA013,P46,¿Qué sueño tienes para Rengo en 10 años?,Más justo,Mujer,14 a 18,LO DE LOBO
NNA014,P00,Marca temporal,2025-10-28 17:22:21.264000,Hombre,14 a 18,RENGO URBANO
NNA014,P01,Nombre Completo,Agustin Alonso zuñiga guajardo,Hombre,14 a 18,RENGO URBANO
NNA014,P02,Género,Hombre,Hombre,14 a 18,RENGO URBANO
NNA014,P03,Seleccione su Rango de edad,14 a 18,Hombre,14 a 18,RENGO URBANO
NNA014,P04,¿En qué sector o localidad de Rengo resides actualmente?,RENGO URBANO,Hombre,14 a 18,RENGO URBANO
NNA014,P05,Sector/Barrio/Villa donde vives:  ,El Romeral,Hombre,14 a 18,RENGO URBANO
NNA014,P06,¿A qué Colegio/Liceo asiste o asistió en el último periodo?,Liceo Luis Urbina Flores,Hombre,14 a 18,RENGO URBANO
NNA014,P07,¿Cómo describirías el sentido de identidad local en Rengo?,Muy fuerte,Hombre,14 a 18,RENGO URBANO
NNA014,P08,"¿Perteneces y/o participas en Agrupaciones Comunitarios, Culturales, Deportivas?",Sí,Hombre,14 a 18,RENGO URBANO
NNA014,P09,¿Qué áreas debería priorizar el nuevo Plan de Desarrollo Comunal (PLADECO) 2025–2035? (Selecciona hasta tres),Educación y capacitación,Hombre,14 a 18,RENGO URBANO
NNA014,P09,¿Qué áreas debería priorizar el nuevo Plan de Desarrollo Comunal (PLADECO) 2025–2035? (Selecciona hasta tres),Seguridad pública y orden,Hombre,14 a 18,RENGO URBANO
NNA014,P09,¿Qué áreas debería priorizar el nuevo Plan de Desarrollo Comunal (PLADECO) 2025–2035? (Selecciona hasta tres),Innovación y transformación digital,Hombre,14 a 18,RENGO URBANO
NNA014,P10,¿Compartes con tus vecinos en actividades recreativas?,Sí,Hombre,14 a 18,RENGO URBANO
NNA014,P11,¿Has visto o vivido situaciones de violencia en tu colegio?,Rara vez,Hombre,14 a 18,RENGO URBANO
NNA014,P12,¿Qué tipo de situaciones se presentan con más frecuencia?,Peleas físicas,Hombre,14 a 18,RENGO URBANO
NNA014,P13,¿A quién acudirías si sufres o ves una situación de violencia escolar?,Profesor/a o inspector/a,Hombre,14 a 18,RENGO URBANO
NNA014,P14,¿Te sientes seguro/a al caminar por tu barrio?,Algo seguro/a,Hombre,14 a 18,RENGO URBANO
NNA014,P15,¿Qué situaciones te hacen sentir inseguro/a en tu barrio?,Consumo de alcohol o drogas,Hombre,14 a 18,RENGO URBANO
NNA014,P16,¿Cómo llegas al colegio o liceo?,A pie,Hombre,14 a 18,RENGO URBANO
NNA014,P17,¿Te sientes seguro/a en tu barrio?,Algo seguro/a,Hombre,14 a 18,RENGO URBANO
NNA014,P18,¿Qué lugares visitas más en tu comuna?,Plazas o parques,Hombre,14 a 18,RENGO URBANO
NNA014,P19,¿Qué cosas te hacen sentir feliz en tu barrio o comuna?,Mis amigos/as,Hombre,14 a 18,RENGO URBANO
NNA014,P20,¿Qué problemas o cosas negativas notas donde vives?,Poca iluminación,Hombre,14 a 18,RENGO URBANO
NNA014,P21,¿Cómo calificas la limpieza y orden de tu barrio?,Aceptable,Hombre,14 a 18,RENGO URBANO
NNA014,P22,¿Participas en actividades del municipio o tu colegio?,"Sí, frecuentemente",Hombre,14 a 18,RENGO URBANO
NNA014,P23,¿Dónde te gusta pasar tu tiempo libre?,En casa,Hombre,14 a 18,RENGO URBANO
NNA014,P24,¿Qué tanto te sientes escuchado/a por los adultos?,Siempre,Hombre,14 a 18,RENGO URBANO
NNA014,P25,¿Qué calificación le pondrías a tu comuna como lugar para vivir?,4.0,Hombre,14 a 18,RENGO URBANO
NNA014,P26,¿Cómo era tu barrio cuando eras más pequeño/a?,Más tranquilo,Hombre,14 a 18,RENGO URBANO
NNA014,P27,¿Dónde jugabas cuando eras pequeño/a?,En la calle,Hombre,14 a 18,RENGO URBANO
NNA014,P28,¿Con quién pasabas más tiempo cuando eras niño/a?,Con vecinos/as,Hombre,14 a 18,RENGO URBANO
NNA014,P29,¿Qué cosas te hacían feliz antes?,Juegos,Hombre,14 a 18,RENGO URBANO
NNA014,P30,¿Qué cosas no te gustaban cuando eras pequeño/a?,Falta de actividades,Hombre,14 a 18,RENGO URBANO
NNA014,P31,¿Participabas en actividades escolares o municipales?,A veces,Hombre,14 a 18,RENGO URBANO
NNA014,P32,¿Qué lugares de Rengo te gustaban más antes?,Plazas,Hombre,14 a 18,RENGO URBANO
NNA014,P33,¿Qué cambios has notado desde entonces?,Más autos,Hombre,14 a 18,RENGO URBANO
NNA014,P34,¿Crees que tu barrio cambió para mejor o peor?,Igual,Hombre,14 a 18,RENGO URBANO
NNA014,P35,¿Qué recuerdos bonitos guardas de antes?,Juegos con amigos/as,Hombre,14 a 18,RENGO URBANO
NNA014,P36,¿Qué sientes al ver esta imagen?,Esperanza que en el futuro todos seamos así de comprometidos con nuestro entorno y personas,Hombre,14 a 18,RENGO URBANO
NNA014,P37,¿Cómo te gustaría que fuera tu comuna en el futuro?,Con más tecnología,Hombre,14 a 18,RENGO URBANO
NNA014,P38,¿Qué espacios nuevos te gustaría tener cerca?,Piscinas,Hombre,14 a 18,RENGO URBANO
NNA014,P39,¿Qué actividades te gustaría que existieran para jóvenes?,Tecnología,Hombre,14 a 18,RENGO URBANO
NNA014,P40,¿Qué tipo de transporte te gustaría usar en el futuro?,Bus gratuito,Hombre,14 a 18,RENGO URBANO
NNA014,P41,¿Cómo imaginas tu barrio ideal?,Moderno,Hombre,14 a 18,RENGO URBANO
NNA014,P42,¿En qué temas te gustaría ayudar a mejorar tu comuna?,Medioambiente,Hombre,14 a 18,RENGO URBANO
NNA014,P43,¿Qué mensaje le darías al Alcalde o Concejo Municipal?,Apoyar proyectos escolares,Hombre,14 a 18,RENGO URBANO
NNA014,P44,"Si fueras Alcalde/sa, ¿Qué harías primero?",Ir a los centros educativos y escuchar las falencias qué tienen y también apoyar sus proyectos,Hombre,14 a 18,RENGO URBANO
NNA014,P45,¿Te gustaría participar en proyectos comunales?,Sí,Hombre,14 a 18,RENGO URBANO
NNA014,P45,¿Te gustaría participar en proyectos comunales?,en la municipalidad,Hombre,14 a 18,RENGO URBANO
NNA014,P46,¿Qué sueño tienes para Rengo en 10 años?,Más unido,Hombre,14 a 18,RENGO URBANO
NNA015,P00,Marca temporal,2025-10-29 12:21:30.881000,Mujer,14 a 18,ESMERALDA
NNA015,P01,Nombre Completo,Trinidad Paola Zamorano Pérez,Mujer,14 a 18,ESMERALDA
NNA015,P02,Género,Mujer,Mujer,14 a 18,ESMERALDA
NNA015,P03,Seleccione su Rango de edad,14 a 18,Mujer,14 a 18,ESMERALDA
NNA015,P04,¿En qué sector o localidad de Rengo resides actualmente?,ESMERALDA,Mujer,14 a 18,ESMERALDA
NNA015,P05,Sector/Barrio/Villa donde vives:  ,"Esmeralda. San jorge, parcela 1",Mujer,14 a 18,ESMERALDA
NNA015,P06,¿A qué Colegio/Liceo asiste o asistió en el último periodo?,Liceo Luis Urbina Flores,Mujer,14 a 18,ESMERALDA
NNA015,P07,¿Cómo describirías el sentido de identidad local en Rengo?,No lo sé,Mujer,14 a 18,ESMERALDA
NNA015,P08,"¿Perteneces y/o participas en Agrupaciones Comunitarios, Culturales, Deportivas?",Sí,Mujer,14 a 18,ESMERALDA
NNA015,P09,¿Qué áreas debería priorizar el nuevo Plan de Desarrollo Comunal (PLADECO) 2025–2035? (Selecciona hasta tres),Educación y capacitación,Mujer,14 a 18,ESMERALDA
NNA015,P09,¿Qué áreas debería priorizar el nuevo Plan de Desarrollo Comunal (PLADECO) 2025–2035? (Selecciona hasta tres),Cultura,Mujer,14 a 18,ESMERALDA
NNA015,P09,¿Qué áreas debería priorizar el nuevo Plan de Desarrollo Comunal (PLADECO) 2025–2035? (Selecciona hasta tres),deporte y recreación,Mujer,14 a 18,ESMERALDA
NNA015,P09,¿Qué áreas debería priorizar el nuevo Plan de Desarrollo Comunal (PLADECO) 2025–2035? (Selecciona hasta tres),Medio ambiente y sustentabilidad,Mujer,14 a 18,ESMERALDA
NNA015,P10,¿Compartes con tus vecinos en actividades recreativas?,Rara vez,Mujer,14 a 18,ESMERALDA
NNA015,P11,¿Has visto o vivido situaciones de violencia en tu colegio?,Rara vez,Mujer,14 a 18,ESMERALDA
NNA015,P12,¿Qué tipo de situaciones se presentan con más frecuencia?,Mas que nada peleas. Pero rara vez,Mujer,14 a 18,ESMERALDA
NNA015,P13,¿A quién acudirías si sufres o ves una situación de violencia escolar?,Profesor/a o inspector/a,Mujer,14 a 18,ESMERALDA
NNA015,P14,¿Te sientes seguro/a al caminar por tu barrio?,Muy seguro/a,Mujer,14 a 18,ESMERALDA
NNA015,P15,¿Qué situaciones te hacen sentir inseguro/a en tu barrio?,Falta de iluminación,Mujer,14 a 18,ESMERALDA
NNA015,P16,¿Cómo llegas al colegio o liceo?,En micro,Mujer,14 a 18,ESMERALDA
NNA015,P17,¿Te sientes seguro/a en tu barrio?,Algo seguro/a,Mujer,14 a 18,ESMERALDA
NNA015,P18,¿Qué lugares visitas más en tu comuna?,Vivo en el campo. No hay nada,Mujer,14 a 18,ESMERALDA
NNA015,P19,¿Qué cosas te hacen sentir feliz en tu barrio o comuna?,La naturaleza,Mujer,14 a 18,ESMERALDA
NNA015,P20,¿Qué problemas o cosas negativas notas donde vives?,Poca iluminación,Mujer,14 a 18,ESMERALDA
NNA015,P21,¿Cómo calificas la limpieza y orden de tu barrio?,Aceptable,Mujer,14 a 18,ESMERALDA
NNA015,P22,¿Participas en actividades del municipio o tu colegio?,A veces,Mujer,14 a 18,ESMERALDA
NNA015,P23,¿Dónde te gusta pasar tu tiempo libre?,En casa,Mujer,14 a 18,ESMERALDA
NNA015,P24,¿Qué tanto te sientes escuchado/a por los adultos?,No sé,Mujer,14 a 18,ESMERALDA
NNA015,P25,¿Qué calificación le pondrías a tu comuna como lugar para vivir?,2.0,Mujer,14 a 18,ESMERALDA
NNA015,P26,¿Cómo era tu barrio cuando eras más pequeño/a?,Igual que ahora,Mujer,14 a 18,ESMERALDA
NNA015,P27,¿Dónde jugabas cuando eras pequeño/a?,En el patio de mi casa,Mujer,14 a 18,ESMERALDA
NNA015,P28,¿Con quién pasabas más tiempo cuando eras niño/a?,Con familia,Mujer,14 a 18,ESMERALDA
NNA015,P29,¿Qué cosas te hacían feliz antes?,Naturaleza,Mujer,14 a 18,ESMERALDA
NNA015,P30,¿Qué cosas no te gustaban cuando eras pequeño/a?,Pocas plazas,Mujer,14 a 18,ESMERALDA
NNA015,P31,¿Participabas en actividades escolares o municipales?,Sí,Mujer,14 a 18,ESMERALDA
NNA015,P32,¿Qué lugares de Rengo te gustaban más antes?,Feria,Mujer,14 a 18,ESMERALDA
NNA015,P33,¿Qué cambios has notado desde entonces?,Más autos,Mujer,14 a 18,ESMERALDA
NNA015,P34,¿Crees que tu barrio cambió para mejor o peor?,Igual,Mujer,14 a 18,ESMERALDA
NNA015,P35,¿Qué recuerdos bonitos guardas de antes?,Familia,Mujer,14 a 18,ESMERALDA
NNA015,P37,¿Cómo te gustaría que fuera tu comuna en el futuro?,Con más tecnología,Mujer,14 a 18,ESMERALDA
NNA015,P38,¿Qué espacios nuevos te gustaría tener cerca?,Piscinas,Mujer,14 a 18,ESMERALDA
NNA015,P39,¿Qué actividades te gustaría que existieran para jóvenes?,Deportes,Mujer,14 a 18,ESMERALDA
NNA015,P40,¿Qué tipo de transporte te gustaría usar en el futuro?,Bus gratuito,Mujer,14 a 18,ESMERALDA
NNA015,P41,¿Cómo imaginas tu barrio ideal?,Seguro,Mujer,14 a 18,ESMERALDA
NNA015,P42,¿En qué temas te gustaría ayudar a mejorar tu comuna?,Cultura,Mujer,14 a 18,ESMERALDA
NNA015,P43,¿Qué mensaje le darías al Alcalde o Concejo Municipal?,Fomentar reciclaje,Mujer,14 a 18,ESMERALDA
NNA015,P44,"Si fueras Alcalde/sa, ¿Qué harías primero?",Yo primero haría ejercicios deportivos mas frecuentes entre establecimientos educativos de la educación.,Mujer,14 a 18,ESMERALDA
NNA015,P45,¿Te gustaría participar en proyectos comunales?,Sí,Mujer,14 a 18,ESMERALDA
NNA015,P45,¿Te gustaría participar en proyectos comunales?,en mi colegio,Mujer,14 a 18,ESMERALDA
NNA015,P46,¿Qué sueño tienes para Rengo en 10 años?,Más moderno,Mujer,14 a 18,ESMERALDA
NNA016,P00,Marca temporal,2025-10-29 12:43:00.800000,Hombre,18 a 20,RENGO URBANO
NNA016,P01,Nombre Completo,David Antonio Pizarro Pérez,Hombre,18 a 20,RENGO URBANO
NNA016,P02,Género,Hombre,Hombre,18 a 20,RENGO URBANO
NNA016,P03,Seleccione su Rango de edad,18 a 20,Hombre,18 a 20,RENGO URBANO
NNA016,P04,¿En qué sector o localidad de Rengo resides actualmente?,RENGO URBANO,Hombre,18 a 20,RENGO URBANO
NNA016,P05,Sector/Barrio/Villa donde vives:  ,Villa el Molino,Hombre,18 a 20,RENGO URBANO
NNA016,P06,¿A qué Colegio/Liceo asiste o asistió en el último periodo?,Liceo Esteban Leyton Soto,Hombre,18 a 20,RENGO URBANO
NNA016,P07,¿Cómo describirías el sentido de identidad local en Rengo?,Fuerte,Hombre,18 a 20,RENGO URBANO
NNA016,P08,"¿Perteneces y/o participas en Agrupaciones Comunitarios, Culturales, Deportivas?",Rara Vez,Hombre,18 a 20,RENGO URBANO
NNA016,P09,¿Qué áreas debería priorizar el nuevo Plan de Desarrollo Comunal (PLADECO) 2025–2035? (Selecciona hasta tres),Salud y bienestar,Hombre,18 a 20,RENGO URBANO
NNA016,P09,¿Qué áreas debería priorizar el nuevo Plan de Desarrollo Comunal (PLADECO) 2025–2035? (Selecciona hasta tres),Cultura,Hombre,18 a 20,RENGO URBANO
NNA016,P09,¿Qué áreas debería priorizar el nuevo Plan de Desarrollo Comunal (PLADECO) 2025–2035? (Selecciona hasta tres),deporte y recreación,Hombre,18 a 20,RENGO URBANO
NNA016,P09,¿Qué áreas debería priorizar el nuevo Plan de Desarrollo Comunal (PLADECO) 2025–2035? (Selecciona hasta tres),Participación ciudadana y transparencia,Hombre,18 a 20,RENGO URBANO
NNA016,P10,¿Compartes con tus vecinos en actividades recreativas?,Rara vez,Hombre,18 a 20,RENGO URBANO
NNA016,P11,¿Has visto o vivido situaciones de violencia en tu colegio?,Rara vez,Hombre,18 a 20,RENGO URBANO
NNA016,P12,¿Qué tipo de situaciones se presentan con más frecuencia?,Ciberacoso (por redes sociales),Hombre,18 a 20,RENGO URBANO
NNA016,P13,¿A quién acudirías si sufres o ves una situación de violencia escolar?,Orientador/a o psicólogo/a,Hombre,18 a 20,RENGO URBANO
NNA016,P14,¿Te sientes seguro/a al caminar por tu barrio?,Muy seguro/a,Hombre,18 a 20,RENGO URBANO
NNA016,P15,¿Qué situaciones te hacen sentir inseguro/a en tu barrio?,Consumo de alcohol o drogas,Hombre,18 a 20,RENGO URBANO
NNA016,P16,¿Cómo llegas al colegio o liceo?,En bicicleta,Hombre,18 a 20,RENGO URBANO
NNA016,P17,¿Te sientes seguro/a en tu barrio?,Muy seguro/a,Hombre,18 a 20,RENGO URBANO
NNA016,P18,¿Qué lugares visitas más en tu comuna?,Plazas o parques,Hombre,18 a 20,RENGO URBANO
NNA016,P19,¿Qué cosas te hacen sentir feliz en tu barrio o comuna?,Las actividades,Hombre,18 a 20,RENGO URBANO
NNA016,P20,¿Qué problemas o cosas negativas notas donde vives?,Pocas áreas verdes,Hombre,18 a 20,RENGO URBANO
NNA016,P21,¿Cómo calificas la limpieza y orden de tu barrio?,Aceptable,Hombre,18 a 20,RENGO URBANO
NNA016,P22,¿Participas en actividades del municipio o tu colegio?,A veces,Hombre,18 a 20,RENGO URBANO
NNA016,P23,¿Dónde te gusta pasar tu tiempo libre?,En casa,Hombre,18 a 20,RENGO URBANO
NNA016,P24,¿Qué tanto te sientes escuchado/a por los adultos?,Siempre,Hombre,18 a 20,RENGO URBANO
NNA016,P25,¿Qué calificación le pondrías a tu comuna como lugar para vivir?,4.0,Hombre,18 a 20,RENGO URBANO
NNA016,P26,¿Cómo era tu barrio cuando eras más pequeño/a?,Con menos gente,Hombre,18 a 20,RENGO URBANO
NNA016,P27,¿Dónde jugabas cuando eras pequeño/a?,En el patio de mi casa,Hombre,18 a 20,RENGO URBANO
NNA016,P28,¿Con quién pasabas más tiempo cuando eras niño/a?,Solo/a,Hombre,18 a 20,RENGO URBANO
NNA016,P29,¿Qué cosas te hacían feliz antes?,Juegos,Hombre,18 a 20,RENGO URBANO
NNA016,P30,¿Qué cosas no te gustaban cuando eras pequeño/a?,Falta de actividades,Hombre,18 a 20,RENGO URBANO
NNA016,P31,¿Participabas en actividades escolares o municipales?,A veces,Hombre,18 a 20,RENGO URBANO
NNA016,P32,¿Qué lugares de Rengo te gustaban más antes?,Canchas,Hombre,18 a 20,RENGO URBANO
NNA016,P33,¿Qué cambios has notado desde entonces?,Más autos,Hombre,18 a 20,RENGO URBANO
NNA016,P34,¿Crees que tu barrio cambió para mejor o peor?,Para mejor,Hombre,18 a 20,RENGO URBANO
NNA016,P35,¿Qué recuerdos bonitos guardas de antes?,Juegos con amigos/as,Hombre,18 a 20,RENGO URBANO
NNA016,P37,¿Cómo te gustaría que fuera tu comuna en el futuro?,Con más tecnología,Hombre,18 a 20,RENGO URBANO
NNA016,P38,¿Qué espacios nuevos te gustaría tener cerca?,Cafeterías o cines,Hombre,18 a 20,RENGO URBANO
NNA016,P39,¿Qué actividades te gustaría que existieran para jóvenes?,Deportes,Hombre,18 a 20,RENGO URBANO
NNA016,P40,¿Qué tipo de transporte te gustaría usar en el futuro?,Bus gratuito,Hombre,18 a 20,RENGO URBANO
NNA016,P41,¿Cómo imaginas tu barrio ideal?,Moderno,Hombre,18 a 20,RENGO URBANO
NNA016,P42,¿En qué temas te gustaría ayudar a mejorar tu comuna?,Cultura,Hombre,18 a 20,RENGO URBANO
NNA016,P43,¿Qué mensaje le darías al Alcalde o Concejo Municipal?,Escuchar a los jóvenes,Hombre,18 a 20,RENGO URBANO
NNA016,P45,¿Te gustaría participar en proyectos comunales?,Sí,Hombre,18 a 20,RENGO URBANO
NNA016,P45,¿Te gustaría participar en proyectos comunales?,en la municipalidad,Hombre,18 a 20,RENGO URBANO
NNA016,P46,¿Qué sueño tienes para Rengo en 10 años?,Más moderno,Hombre,18 a 20,RENGO URBANO
NNA017,P00,Marca temporal,2025-10-29 12:51:01.810000,Hombre,14 a 18,RENGO URBANO
NNA017,P01,Nombre Completo,Thomas Alexannder Cabezas Medina,Hombre,14 a 18,RENGO URBANO
NNA017,P02,Género,Hombre,Hombre,14 a 18,RENGO URBANO
NNA017,P03,Seleccione su Rango de edad,14 a 18,Hombre,14 a 18,RENGO URBANO
NNA017,P04,¿En qué sector o localidad de Rengo resides actualmente?,RENGO URBANO,Hombre,14 a 18,RENGO URBANO
NNA017,P05,Sector/Barrio/Villa donde vives:  ,San martin,Hombre,14 a 18,RENGO URBANO
NNA017,P06,¿A qué Colegio/Liceo asiste o asistió en el último periodo?,Liceo Bicentenario Oriente,Hombre,14 a 18,RENGO URBANO
NNA017,P07,¿Cómo describirías el sentido de identidad local en Rengo?,Muy fuerte,Hombre,14 a 18,RENGO URBANO
NNA017,P08,"¿Perteneces y/o participas en Agrupaciones Comunitarios, Culturales, Deportivas?",Sí,Hombre,14 a 18,RENGO URBANO
NNA017,P09,¿Qué áreas debería priorizar el nuevo Plan de Desarrollo Comunal (PLADECO) 2025–2035? (Selecciona hasta tres),Salud y bienestar,Hombre,14 a 18,RENGO URBANO
NNA017,P10,¿Compartes con tus vecinos en actividades recreativas?,No,Hombre,14 a 18,RENGO URBANO
NNA017,P11,¿Has visto o vivido situaciones de violencia en tu colegio?,Nunca,Hombre,14 a 18,RENGO URBANO
NNA017,P12,¿Qué tipo de situaciones se presentan con más frecuencia?,Burlas o acoso verbal,Hombre,14 a 18,RENGO URBANO
NNA017,P13,¿A quién acudirías si sufres o ves una situación de violencia escolar?,Profesor/a o inspector/a,Hombre,14 a 18,RENGO URBANO
NNA017,P14,¿Te sientes seguro/a al caminar por tu barrio?,Muy seguro/a,Hombre,14 a 18,RENGO URBANO
NNA017,P15,¿Qué situaciones te hacen sentir inseguro/a en tu barrio?,Consumo de alcohol o drogas,Hombre,14 a 18,RENGO URBANO
NNA017,P16,¿Cómo llegas al colegio o liceo?,Caminando,Hombre,14 a 18,RENGO URBANO
NNA017,P17,¿Te sientes seguro/a en tu barrio?,Muy seguro/a,Hombre,14 a 18,RENGO URBANO
NNA017,P18,¿Qué lugares visitas más en tu comuna?,Plazas o parques,Hombre,14 a 18,RENGO URBANO
NNA017,P19,¿Qué cosas te hacen sentir feliz en tu barrio o comuna?,Mi casa,Hombre,14 a 18,RENGO URBANO
NNA017,P20,¿Qué problemas o cosas negativas notas donde vives?,Basura o contaminación,Hombre,14 a 18,RENGO URBANO
NNA017,P21,¿Cómo calificas la limpieza y orden de tu barrio?,No lo sé,Hombre,14 a 18,RENGO URBANO
NNA017,P22,¿Participas en actividades del municipio o tu colegio?,A veces,Hombre,14 a 18,RENGO URBANO
NNA017,P23,¿Dónde te gusta pasar tu tiempo libre?,En casa,Hombre,14 a 18,RENGO URBANO
NNA017,P24,¿Qué tanto te sientes escuchado/a por los adultos?,A veces,Hombre,14 a 18,RENGO URBANO
NNA017,P25,¿Qué calificación le pondrías a tu comuna como lugar para vivir?,3.0,Hombre,14 a 18,RENGO URBANO
NNA017,P26,¿Cómo era tu barrio cuando eras más pequeño/a?,Igual que ahora,Hombre,14 a 18,RENGO URBANO
NNA017,P27,¿Dónde jugabas cuando eras pequeño/a?,En el patio de mi casa,Hombre,14 a 18,RENGO URBANO
NNA017,P28,¿Con quién pasabas más tiempo cuando eras niño/a?,Con familia,Hombre,14 a 18,RENGO URBANO
NNA017,P29,¿Qué cosas te hacían feliz antes?,Juegos,Hombre,14 a 18,RENGO URBANO
NNA017,P30,¿Qué cosas no te gustaban cuando eras pequeño/a?,Peleas o discusiones,Hombre,14 a 18,RENGO URBANO
NNA017,P31,¿Participabas en actividades escolares o municipales?,A veces,Hombre,14 a 18,RENGO URBANO
NNA017,P32,¿Qué lugares de Rengo te gustaban más antes?,Plazas,Hombre,14 a 18,RENGO URBANO
NNA017,P33,¿Qué cambios has notado desde entonces?,Más autos,Hombre,14 a 18,RENGO URBANO
NNA017,P34,¿Crees que tu barrio cambió para mejor o peor?,Para mejor,Hombre,14 a 18,RENGO URBANO
NNA017,P35,¿Qué recuerdos bonitos guardas de antes?,Juegos con amigos/as,Hombre,14 a 18,RENGO URBANO
NNA017,P36,¿Qué sientes al ver esta imagen?,"Tranquilidad, paz, amor",Hombre,14 a 18,RENGO URBANO
NNA017,P37,¿Cómo te gustaría que fuera tu comuna en el futuro?,Con más cultura,Hombre,14 a 18,RENGO URBANO
NNA017,P38,¿Qué espacios nuevos te gustaría tener cerca?,Cafeterías o cines,Hombre,14 a 18,RENGO URBANO
NNA017,P39,¿Qué actividades te gustaría que existieran para jóvenes?,Deportes,Hombre,14 a 18,RENGO URBANO
NNA017,P40,¿Qué tipo de transporte te gustaría usar en el futuro?,Bicicleta normal,Hombre,14 a 18,RENGO URBANO
NNA017,P41,¿Cómo imaginas tu barrio ideal?,Amigable,Hombre,14 a 18,RENGO URBANO
NNA017,P42,¿En qué temas te gustaría ayudar a mejorar tu comuna?,Seguridad,Hombre,14 a 18,RENGO URBANO
NNA017,P43,¿Qué mensaje le darías al Alcalde o Concejo Municipal?,Fomentar reciclaje,Hombre,14 a 18,RENGO URBANO
NNA017,P44,"Si fueras Alcalde/sa, ¿Qué harías primero?",Aumentar la seguridad en las calles.,Hombre,14 a 18,RENGO URBANO
NNA017,P45,¿Te gustaría participar en proyectos comunales?,Sí,Hombre,14 a 18,RENGO URBANO
NNA017,P45,¿Te gustaría participar en proyectos comunales?,en mi colegio,Hombre,14 a 18,RENGO URBANO
NNA017,P46,¿Qué sueño tienes para Rengo en 10 años?,Más moderno,Hombre,14 a 18,RENGO URBANO
NNA018,P00,Marca temporal,2025-10-29 17:07:22.427000,Mujer,14 a 18,RENGO URBANO
NNA018,P01,Nombre Completo,Florencia Dannae Alcántara Guerrero,Mujer,14 a 18,RENGO URBANO
NNA018,P02,Género,Mujer,Mujer,14 a 18,RENGO URBANO
NNA018,P03,Seleccione su Rango de edad,14 a 18,Mujer,14 a 18,RENGO URBANO
NNA018,P04,¿En qué sector o localidad de Rengo resides actualmente?,RENGO URBANO,Mujer,14 a 18,RENGO URBANO
NNA018,P05,Sector/Barrio/Villa donde vives:  ,Población San Benito,Mujer,14 a 18,RENGO URBANO
NNA018,P06,¿A qué Colegio/Liceo asiste o asistió en el último periodo?,Liceo Industrial de Rengo,Mujer,14 a 18,RENGO URBANO
NNA018,P07,¿Cómo describirías el sentido de identidad local en Rengo?,No lo sé,Mujer,14 a 18,RENGO URBANO
NNA018,P08,"¿Perteneces y/o participas en Agrupaciones Comunitarios, Culturales, Deportivas?",Sí,Mujer,14 a 18,RENGO URBANO
NNA018,P09,¿Qué áreas debería priorizar el nuevo Plan de Desarrollo Comunal (PLADECO) 2025–2035? (Selecciona hasta tres),Salud y bienestar,Mujer,14 a 18,RENGO URBANO
NNA018,P09,¿Qué áreas debería priorizar el nuevo Plan de Desarrollo Comunal (PLADECO) 2025–2035? (Selecciona hasta tres),Infraestructura y conectividad,Mujer,14 a 18,RENGO URBANO
NNA018,P09,¿Qué áreas debería priorizar el nuevo Plan de Desarrollo Comunal (PLADECO) 2025–2035? (Selecciona hasta tres),Cultura,Mujer,14 a 18,RENGO URBANO
NNA018,P09,¿Qué áreas debería priorizar el nuevo Plan de Desarrollo Comunal (PLADECO) 2025–2035? (Selecciona hasta tres),deporte y recreación,Mujer,14 a 18,RENGO URBANO
NNA018,P09,¿Qué áreas debería priorizar el nuevo Plan de Desarrollo Comunal (PLADECO) 2025–2035? (Selecciona hasta tres),Medio ambiente y sustentabilidad,Mujer,14 a 18,RENGO URBANO
NNA018,P10,¿Compartes con tus vecinos en actividades recreativas?,No,Mujer,14 a 18,RENGO URBANO
NNA018,P11,¿Has visto o vivido situaciones de violencia en tu colegio?,"Sí, varias veces",Mujer,14 a 18,RENGO URBANO
NNA018,P12,¿Qué tipo de situaciones se presentan con más frecuencia?,Peleas físicas,Mujer,14 a 18,RENGO URBANO
NNA018,P13,¿A quién acudirías si sufres o ves una situación de violencia escolar?,Profesor/a o inspector/a,Mujer,14 a 18,RENGO URBANO
NNA018,P14,¿Te sientes seguro/a al caminar por tu barrio?,Poco seguro/a,Mujer,14 a 18,RENGO URBANO
NNA018,P15,¿Qué situaciones te hacen sentir inseguro/a en tu barrio?,Consumo de alcohol o drogas,Mujer,14 a 18,RENGO URBANO
NNA018,P16,¿Cómo llegas al colegio o liceo?,A pie,Mujer,14 a 18,RENGO URBANO
NNA018,P17,¿Te sientes seguro/a en tu barrio?,Algo seguro/a,Mujer,14 a 18,RENGO URBANO
NNA018,P18,¿Qué lugares visitas más en tu comuna?,Plazas o parques,Mujer,14 a 18,RENGO URBANO
NNA018,P19,¿Qué cosas te hacen sentir feliz en tu barrio o comuna?,"No salgo, de mi casa al liceo y del liceo a la casa.",Mujer,14 a 18,RENGO URBANO
NNA018,P20,¿Qué problemas o cosas negativas notas donde vives?,Mucha venta de drogas,Mujer,14 a 18,RENGO URBANO
NNA018,P20,¿Qué problemas o cosas negativas notas donde vives?,que hace que sea peligroso para las personas que viven ahí ya que la mayoria de las personas que andan en la calle ahí solo han llegado por la droga y,Mujer,14 a 18,RENGO URBANO
NNA018,P21,¿Cómo calificas la limpieza y orden de tu barrio?,Sucio,Mujer,14 a 18,RENGO URBANO
NNA018,P22,¿Participas en actividades del municipio o tu colegio?,"Sí, frecuentemente",Mujer,14 a 18,RENGO URBANO
NNA018,P23,¿Dónde te gusta pasar tu tiempo libre?,En el colegio o taller,Mujer,14 a 18,RENGO URBANO
NNA018,P24,¿Qué tanto te sientes escuchado/a por los adultos?,A veces,Mujer,14 a 18,RENGO URBANO
NNA018,P25,¿Qué calificación le pondrías a tu comuna como lugar para vivir?,2.0,Mujer,14 a 18,RENGO URBANO
NNA018,P26,¿Cómo era tu barrio cuando eras más pequeño/a?,Más tranquilo,Mujer,14 a 18,RENGO URBANO
NNA018,P27,¿Dónde jugabas cuando eras pequeño/a?,En la calle,Mujer,14 a 18,RENGO URBANO
NNA018,P28,¿Con quién pasabas más tiempo cuando eras niño/a?,Con vecinos/as,Mujer,14 a 18,RENGO URBANO
NNA018,P29,¿Qué cosas te hacían feliz antes?,Juegos,Mujer,14 a 18,RENGO URBANO
NNA018,P30,¿Qué cosas no te gustaban cuando eras pequeño/a?,Peleas o discusiones,Mujer,14 a 18,RENGO URBANO
NNA018,P31,¿Participabas en actividades escolares o municipales?,Sí,Mujer,14 a 18,RENGO URBANO
NNA018,P32,¿Qué lugares de Rengo te gustaban más antes?,Plazas,Mujer,14 a 18,RENGO URBANO
NNA018,P33,¿Qué cambios has notado desde entonces?,Más contaminación,Mujer,14 a 18,RENGO URBANO
NNA018,P34,¿Crees que tu barrio cambió para mejor o peor?,Para peor,Mujer,14 a 18,RENGO URBANO
NNA018,P35,¿Qué recuerdos bonitos guardas de antes?,Juegos con amigos/as,Mujer,14 a 18,RENGO URBANO
NNA018,P37,¿Cómo te gustaría que fuera tu comuna en el futuro?,Más segura,Mujer,14 a 18,RENGO URBANO
NNA018,P38,¿Qué espacios nuevos te gustaría tener cerca?,Cafeterías o cines,Mujer,14 a 18,RENGO URBANO
NNA018,P39,¿Qué actividades te gustaría que existieran para jóvenes?,Voluntariado,Mujer,14 a 18,RENGO URBANO
NNA018,P40,¿Qué tipo de transporte te gustaría usar en el futuro?,Bus gratuito,Mujer,14 a 18,RENGO URBANO
NNA018,P41,¿Cómo imaginas tu barrio ideal?,Todo lo anterior,Mujer,14 a 18,RENGO URBANO
NNA018,P42,¿En qué temas te gustaría ayudar a mejorar tu comuna?,Todo lo anterior,Mujer,14 a 18,RENGO URBANO
NNA018,P43,¿Qué mensaje le darías al Alcalde o Concejo Municipal?,Apoyar proyectos escolares,Mujer,14 a 18,RENGO URBANO
NNA018,P44,"Si fueras Alcalde/sa, ¿Qué harías primero?",Mejorar la educación. Crear una carcel como en El Salvador,Mujer,14 a 18,RENGO URBANO
NNA018,P45,¿Te gustaría participar en proyectos comunales?,Sí,Mujer,14 a 18,RENGO URBANO
NNA018,P45,¿Te gustaría participar en proyectos comunales?,en la municipalidad,Mujer,14 a 18,RENGO URBANO
NNA018,P46,¿Qué sueño tienes para Rengo en 10 años?,Todo lo anterior,Mujer,14 a 18,RENGO URBANO
NNA019,P00,Marca temporal,2025-10-29 20:34:32.473000,Hombre,12 a 14,RENGO URBANO
NNA019,P01,Nombre Completo,Felipe Benjamín Araya Saez,Hombre,12 a 14,RENGO URBANO
NNA019,P02,Género,Hombre,Hombre,12 a 14,RENGO URBANO
NNA019,P03,Seleccione su Rango de edad,12 a 14,Hombre,12 a 14,RENGO URBANO
NNA019,P04,¿En qué sector o localidad de Rengo resides actualmente?,RENGO URBANO,Hombre,12 a 14,RENGO URBANO
NNA019,P05,Sector/Barrio/Villa donde vives:  ,Villa Renku calle Profesor Eugenio Ulluoa 2116,Hombre,12 a 14,RENGO URBANO
NNA019,P06,¿A qué Colegio/Liceo asiste o asistió en el último periodo?,Escuela Vicente Huidobro,Hombre,12 a 14,RENGO URBANO
NNA019,P07,¿Cómo describirías el sentido de identidad local en Rengo?,Fuerte,Hombre,12 a 14,RENGO URBANO
NNA019,P08,"¿Perteneces y/o participas en Agrupaciones Comunitarios, Culturales, Deportivas?",Sí,Hombre,12 a 14,RENGO URBANO
NNA019,P09,¿Qué áreas debería priorizar el nuevo Plan de Desarrollo Comunal (PLADECO) 2025–2035? (Selecciona hasta tres),Educación y capacitación,Hombre,12 a 14,RENGO URBANO
NNA019,P09,¿Qué áreas debería priorizar el nuevo Plan de Desarrollo Comunal (PLADECO) 2025–2035? (Selecciona hasta tres),Seguridad pública y orden,Hombre,12 a 14,RENGO URBANO
NNA019,P09,¿Qué áreas debería priorizar el nuevo Plan de Desarrollo Comunal (PLADECO) 2025–2035? (Selecciona hasta tres),Cultura,Hombre,12 a 14,RENGO URBANO
NNA019,P09,¿Qué áreas debería priorizar el nuevo Plan de Desarrollo Comunal (PLADECO) 2025–2035? (Selecciona hasta tres),deporte y recreación,Hombre,12 a 14,RENGO URBANO
NNA019,P10,¿Compartes con tus vecinos en actividades recreativas?,No,Hombre,12 a 14,RENGO URBANO
NNA019,P11,¿Has visto o vivido situaciones de violencia en tu colegio?,Rara vez,Hombre,12 a 14,RENGO URBANO
NNA019,P12,¿Qué tipo de situaciones se presentan con más frecuencia?,Burlas,Hombre,12 a 14,RENGO URBANO
NNA019,P13,¿A quién acudirías si sufres o ves una situación de violencia escolar?,Profesor/a o inspector/a,Hombre,12 a 14,RENGO URBANO
NNA019,P14,¿Te sientes seguro/a al caminar por tu barrio?,Muy seguro/a,Hombre,12 a 14,RENGO URBANO
NNA019,P15,¿Qué situaciones te hacen sentir inseguro/a en tu barrio?,Perros,Hombre,12 a 14,RENGO URBANO
NNA019,P16,¿Cómo llegas al colegio o liceo?,Colectivo,Hombre,12 a 14,RENGO URBANO
NNA019,P17,¿Te sientes seguro/a en tu barrio?,Muy seguro/a,Hombre,12 a 14,RENGO URBANO
NNA019,P18,¿Qué lugares visitas más en tu comuna?,Supermercado o feria,Hombre,12 a 14,RENGO URBANO
NNA019,P19,¿Qué cosas te hacen sentir feliz en tu barrio o comuna?,La tranquilidad,Hombre,12 a 14,RENGO URBANO
NNA019,P20,¿Qué problemas o cosas negativas notas donde vives?,Desechos de animales,Hombre,12 a 14,RENGO URBANO
NNA019,P21,¿Cómo calificas la limpieza y orden de tu barrio?,Aceptable,Hombre,12 a 14,RENGO URBANO
NNA019,P22,¿Participas en actividades del municipio o tu colegio?,"Sí, frecuentemente",Hombre,12 a 14,RENGO URBANO
NNA019,P23,¿Dónde te gusta pasar tu tiempo libre?,En casa,Hombre,12 a 14,RENGO URBANO
NNA019,P24,¿Qué tanto te sientes escuchado/a por los adultos?,Siempre,Hombre,12 a 14,RENGO URBANO
NNA019,P25,¿Qué calificación le pondrías a tu comuna como lugar para vivir?,4.0,Hombre,12 a 14,RENGO URBANO
NNA019,P26,¿Cómo era tu barrio cuando eras más pequeño/a?,Igual que ahora,Hombre,12 a 14,RENGO URBANO
NNA019,P27,¿Dónde jugabas cuando eras pequeño/a?,En mi dormitorio,Hombre,12 a 14,RENGO URBANO
NNA019,P28,¿Con quién pasabas más tiempo cuando eras niño/a?,Con familia,Hombre,12 a 14,RENGO URBANO
NNA019,P29,¿Qué cosas te hacían feliz antes?,Juegos,Hombre,12 a 14,RENGO URBANO
NNA019,P30,¿Qué cosas no te gustaban cuando eras pequeño/a?,Peleas o discusiones,Hombre,12 a 14,RENGO URBANO
NNA019,P31,¿Participabas en actividades escolares o municipales?,Sí,Hombre,12 a 14,RENGO URBANO
NNA019,P32,¿Qué lugares de Rengo te gustaban más antes?,Parques que ya no estan,Hombre,12 a 14,RENGO URBANO
NNA019,P33,¿Qué cambios has notado desde entonces?,Más casas,Hombre,12 a 14,RENGO URBANO
NNA019,P34,¿Crees que tu barrio cambió para mejor o peor?,Igual,Hombre,12 a 14,RENGO URBANO
NNA019,P35,¿Qué recuerdos bonitos guardas de antes?,Juegos con amigos/as,Hombre,12 a 14,RENGO URBANO
NNA019,P36,¿Qué sientes al ver esta imagen?,Algo con orden y equilibrio,Hombre,12 a 14,RENGO URBANO
NNA019,P37,¿Cómo te gustaría que fuera tu comuna en el futuro?,Me gustaría que fuese igual,Hombre,12 a 14,RENGO URBANO
NNA019,P38,¿Qué espacios nuevos te gustaría tener cerca?,Bibliotecas,Hombre,12 a 14,RENGO URBANO
NNA019,P39,¿Qué actividades te gustaría que existieran para jóvenes?,Medioambiente,Hombre,12 a 14,RENGO URBANO
NNA019,P40,¿Qué tipo de transporte te gustaría usar en el futuro?,Bus gratuito,Hombre,12 a 14,RENGO URBANO
NNA019,P41,¿Cómo imaginas tu barrio ideal?,Amigable,Hombre,12 a 14,RENGO URBANO
NNA019,P42,¿En qué temas te gustaría ayudar a mejorar tu comuna?,Limpieza de desechos,Hombre,12 a 14,RENGO URBANO
NNA019,P43,¿Qué mensaje le darías al Alcalde o Concejo Municipal?,Crear espacios de reunión,Hombre,12 a 14,RENGO URBANO
NNA019,P44,"Si fueras Alcalde/sa, ¿Qué harías primero?",Limpiar y renovar áreas que estén en mal estado,Hombre,12 a 14,RENGO URBANO
NNA019,P45,¿Te gustaría participar en proyectos comunales?,Sí,Hombre,12 a 14,RENGO URBANO
NNA019,P45,¿Te gustaría participar en proyectos comunales?,en mi colegio,Hombre,12 a 14,RENGO URBANO
NNA019,P46,¿Qué sueño tienes para Rengo en 10 años?,Más verde,Hombre,12 a 14,RENGO URBANO
NNA020,P00,Marca temporal,2025-10-30 15:53:40.581000,Mujer,14 a 18,ROSARIO
NNA020,P01,Nombre Completo,Melany emilia leal yanten,Mujer,14 a 18,ROSARIO
NNA020,P02,Género,Mujer,Mujer,14 a 18,ROSARIO
NNA020,P03,Seleccione su Rango de edad,14 a 18,Mujer,14 a 18,ROSARIO
NNA020,P04,¿En qué sector o localidad de Rengo resides actualmente?,ROSARIO,Mujer,14 a 18,ROSARIO
NNA020,P05,Sector/Barrio/Villa donde vives:  ,Los migueles,Mujer,14 a 18,ROSARIO
NNA020,P06,¿A qué Colegio/Liceo asiste o asistió en el último periodo?,Liceo Luis Urbina Flores,Mujer,14 a 18,ROSARIO
NNA020,P07,¿Cómo describirías el sentido de identidad local en Rengo?,No lo sé,Mujer,14 a 18,ROSARIO
NNA020,P08,"¿Perteneces y/o participas en Agrupaciones Comunitarios, Culturales, Deportivas?",No,Mujer,14 a 18,ROSARIO
NNA020,P09,¿Qué áreas debería priorizar el nuevo Plan de Desarrollo Comunal (PLADECO) 2025–2035? (Selecciona hasta tres),Salud y bienestar,Mujer,14 a 18,ROSARIO
NNA020,P09,¿Qué áreas debería priorizar el nuevo Plan de Desarrollo Comunal (PLADECO) 2025–2035? (Selecciona hasta tres),Seguridad pública y orden,Mujer,14 a 18,ROSARIO
NNA020,P09,¿Qué áreas debería priorizar el nuevo Plan de Desarrollo Comunal (PLADECO) 2025–2035? (Selecciona hasta tres),Empleo y desarrollo económico,Mujer,14 a 18,ROSARIO
NNA020,P10,¿Compartes con tus vecinos en actividades recreativas?,No,Mujer,14 a 18,ROSARIO
NNA020,P11,¿Has visto o vivido situaciones de violencia en tu colegio?,"Sí, varias veces",Mujer,14 a 18,ROSARIO
NNA020,P12,¿Qué tipo de situaciones se presentan con más frecuencia?,Burlas o acoso verbal,Mujer,14 a 18,ROSARIO
NNA020,P13,¿A quién acudirías si sufres o ves una situación de violencia escolar?,Amigos/as,Mujer,14 a 18,ROSARIO
NNA020,P14,¿Te sientes seguro/a al caminar por tu barrio?,Muy seguro/a,Mujer,14 a 18,ROSARIO
NNA020,P15,¿Qué situaciones te hacen sentir inseguro/a en tu barrio?,Consumo de alcohol o drogas,Mujer,14 a 18,ROSARIO
NNA020,P16,¿Cómo llegas al colegio o liceo?,En micro,Mujer,14 a 18,ROSARIO
NNA020,P17,¿Te sientes seguro/a en tu barrio?,Muy seguro/a,Mujer,14 a 18,ROSARIO
NNA020,P18,¿Qué lugares visitas más en tu comuna?,Supermercado o feria,Mujer,14 a 18,ROSARIO
NNA020,P19,¿Qué cosas te hacen sentir feliz en tu barrio o comuna?,Mis amigos/as,Mujer,14 a 18,ROSARIO
NNA020,P20,¿Qué problemas o cosas negativas notas donde vives?,Poca iluminación,Mujer,14 a 18,ROSARIO
NNA020,P21,¿Cómo calificas la limpieza y orden de tu barrio?,Sucio,Mujer,14 a 18,ROSARIO
NNA020,P22,¿Participas en actividades del municipio o tu colegio?,A veces,Mujer,14 a 18,ROSARIO
NNA020,P23,¿Dónde te gusta pasar tu tiempo libre?,En casa,Mujer,14 a 18,ROSARIO
NNA020,P24,¿Qué tanto te sientes escuchado/a por los adultos?,A veces,Mujer,14 a 18,ROSARIO
NNA020,P25,¿Qué calificación le pondrías a tu comuna como lugar para vivir?,2.0,Mujer,14 a 18,ROSARIO
NNA020,P26,¿Cómo era tu barrio cuando eras más pequeño/a?,Más tranquilo,Mujer,14 a 18,ROSARIO
NNA020,P27,¿Dónde jugabas cuando eras pequeño/a?,En la calle,Mujer,14 a 18,ROSARIO
NNA020,P28,¿Con quién pasabas más tiempo cuando eras niño/a?,Con familia,Mujer,14 a 18,ROSARIO
NNA020,P29,¿Qué cosas te hacían feliz antes?,Familia,Mujer,14 a 18,ROSARIO
NNA020,P30,¿Qué cosas no te gustaban cuando eras pequeño/a?,Pocas plazas,Mujer,14 a 18,ROSARIO
NNA020,P31,¿Participabas en actividades escolares o municipales?,A veces,Mujer,14 a 18,ROSARIO
NNA020,P32,¿Qué lugares de Rengo te gustaban más antes?,Estar en rosario ese fue mi lugar de niña,Mujer,14 a 18,ROSARIO
NNA020,P33,¿Qué cambios has notado desde entonces?,Más contaminación,Mujer,14 a 18,ROSARIO
NNA020,P34,¿Crees que tu barrio cambió para mejor o peor?,Igual,Mujer,14 a 18,ROSARIO
NNA020,P35,¿Qué recuerdos bonitos guardas de antes?,Familia,Mujer,14 a 18,ROSARIO
NNA020,P36,¿Qué sientes al ver esta imagen?,Nada,Mujer,14 a 18,ROSARIO
NNA020,P37,¿Cómo te gustaría que fuera tu comuna en el futuro?,Más segura,Mujer,14 a 18,ROSARIO
NNA020,P38,¿Qué espacios nuevos te gustaría tener cerca?,Cafeterías o cines,Mujer,14 a 18,ROSARIO
NNA020,P39,¿Qué actividades te gustaría que existieran para jóvenes?,Voluntariado,Mujer,14 a 18,ROSARIO
NNA020,P40,¿Qué tipo de transporte te gustaría usar en el futuro?,Bus gratuito,Mujer,14 a 18,ROSARIO
NNA020,P41,¿Cómo imaginas tu barrio ideal?,Limpio y seguro,Mujer,14 a 18,ROSARIO
NNA020,P42,¿En qué temas te gustaría ayudar a mejorar tu comuna?,Medioambiente,Mujer,14 a 18,ROSARIO
NNA020,P43,¿Qué mensaje le darías al Alcalde o Concejo Municipal?,Apoyar proyectos escolares,Mujer,14 a 18,ROSARIO
NNA020,P44,"Si fueras Alcalde/sa, ¿Qué harías primero?",Mejoras la calidad de vida interesarme primero por los que no tienen nada,Mujer,14 a 18,ROSARIO
NNA020,P45,¿Te gustaría participar en proyectos comunales?,Sí,Mujer,14 a 18,ROSARIO
NNA020,P45,¿Te gustaría participar en proyectos comunales?,en la municipalidad,Mujer,14 a 18,ROSARIO
NNA020,P46,¿Qué sueño tienes para Rengo en 10 años?,Más justo,Mujer,14 a 18,ROSARIO
NNA021,P00,Marca temporal,2025-11-12 03:42:57.886000,Hombre,6 a 12,ROSARIO
NNA021,P02,Género,Hombre,Hombre,6 a 12,ROSARIO
NNA021,P03,Seleccione su Rango de edad,6 a 12,Hombre,6 a 12,ROSARIO
NNA021,P04,¿En qué sector o localidad de Rengo resides actualmente?,ROSARIO,Hombre,6 a 12,ROSARIO
NNA021,P05,Sector/Barrio/Villa donde vives:  ,Villa lo parrones pasaje pinot 130,Hombre,6 a 12,ROSARIO
NNA021,P06,¿A qué Colegio/Liceo asiste o asistió en el último periodo?,Escuela Manuel Francisco Correa,Hombre,6 a 12,ROSARIO
NNA021,P07,¿Cómo describirías el sentido de identidad local en Rengo?,No lo sé,Hombre,6 a 12,ROSARIO
NNA021,P08,"¿Perteneces y/o participas en Agrupaciones Comunitarios, Culturales, Deportivas?",Rara Vez,Hombre,6 a 12,ROSARIO
NNA021,P09,¿Qué áreas debería priorizar el nuevo Plan de Desarrollo Comunal (PLADECO) 2025–2035? (Selecciona hasta tres),Salud y bienestar,Hombre,6 a 12,ROSARIO
NNA021,P10,¿Compartes con tus vecinos en actividades recreativas?,Rara vez,Hombre,6 a 12,ROSARIO
NNA021,P11,¿Has visto o vivido situaciones de violencia en tu colegio?,Nunca,Hombre,6 a 12,ROSARIO
NNA021,P12,¿Qué tipo de situaciones se presentan con más frecuencia?,No e visto,Hombre,6 a 12,ROSARIO
NNA021,P13,¿A quién acudirías si sufres o ves una situación de violencia escolar?,Director/a,Hombre,6 a 12,ROSARIO
NNA021,P14,¿Te sientes seguro/a al caminar por tu barrio?,Poco seguro/a,Hombre,6 a 12,ROSARIO
NNA021,P15,¿Qué situaciones te hacen sentir inseguro/a en tu barrio?,En las noche andan personas viendo si hay  gente en las casas,Hombre,6 a 12,ROSARIO
NNA021,P16,¿Cómo llegas al colegio o liceo?,En transporte escolar,Hombre,6 a 12,ROSARIO
NNA021,P17,¿Te sientes seguro/a en tu barrio?,Algo seguro/a,Hombre,6 a 12,ROSARIO
NNA021,P18,¿Qué lugares visitas más en tu comuna?,No salgo de casa porque el parque esta mal cuidado,Hombre,6 a 12,ROSARIO
NNA021,P19,¿Qué cosas te hacen sentir feliz en tu barrio o comuna?,Que los vecino son amables,Hombre,6 a 12,ROSARIO
NNA021,P20,¿Qué problemas o cosas negativas notas donde vives?,Pocas áreas verdes,Hombre,6 a 12,ROSARIO
NNA021,P21,¿Cómo calificas la limpieza y orden de tu barrio?,Muy limpio,Hombre,6 a 12,ROSARIO
NNA021,P22,¿Participas en actividades del municipio o tu colegio?,A veces,Hombre,6 a 12,ROSARIO
NNA021,P23,¿Dónde te gusta pasar tu tiempo libre?,En casa,Hombre,6 a 12,ROSARIO
NNA021,P24,¿Qué tanto te sientes escuchado/a por los adultos?,A veces,Hombre,6 a 12,ROSARIO
NNA021,P25,¿Qué calificación le pondrías a tu comuna como lugar para vivir?,3.0,Hombre,6 a 12,ROSARIO
NNA021,P26,¿Cómo era tu barrio cuando eras más pequeño/a?,No lo recuerdo,Hombre,6 a 12,ROSARIO
NNA021,P27,¿Dónde jugabas cuando eras pequeño/a?,En el patio de mi casa,Hombre,6 a 12,ROSARIO
NNA021,P28,¿Con quién pasabas más tiempo cuando eras niño/a?,Con vecinos/as,Hombre,6 a 12,ROSARIO
NNA021,P29,¿Qué cosas te hacían feliz antes?,Juegos,Hombre,6 a 12,ROSARIO
NNA021,P30,¿Qué cosas no te gustaban cuando eras pequeño/a?,Pocas plazas,Hombre,6 a 12,ROSARIO
NNA021,P31,¿Participabas en actividades escolares o municipales?,No,Hombre,6 a 12,ROSARIO
NNA021,P32,¿Qué lugares de Rengo te gustaban más antes?,Era de santiago yo,Hombre,6 a 12,ROSARIO
NNA021,P33,¿Qué cambios has notado desde entonces?,Me vine a vinir a rengo porque  queria formar mi familia en un lugar  con mas naturaleza,Hombre,6 a 12,ROSARIO
NNA021,P34,¿Crees que tu barrio cambió para mejor o peor?,No lo sé,Hombre,6 a 12,ROSARIO
NNA021,P35,¿Qué recuerdos bonitos guardas de antes?,Familia,Hombre,6 a 12,ROSARIO
NNA021,P37,¿Cómo te gustaría que fuera tu comuna en el futuro?,Más verde y ecológica,Hombre,6 a 12,ROSARIO
NNA021,P38,¿Qué espacios nuevos te gustaría tener cerca?,Plaza,Hombre,6 a 12,ROSARIO
NNA021,P38,¿Qué espacios nuevos te gustaría tener cerca?,canchas,Hombre,6 a 12,ROSARIO
NNA021,P39,¿Qué actividades te gustaría que existieran para jóvenes?,Deporte y arte,Hombre,6 a 12,ROSARIO
NNA021,P39,¿Qué actividades te gustaría que existieran para jóvenes?,tecnologia,Hombre,6 a 12,ROSARIO
NNA021,P40,¿Qué tipo de transporte te gustaría usar en el futuro?,Bus gratuito,Hombre,6 a 12,ROSARIO
NNA021,P41,¿Cómo imaginas tu barrio ideal?,"Limpio,verde y seguro",Hombre,6 a 12,ROSARIO
NNA021,P42,¿En qué temas te gustaría ayudar a mejorar tu comuna?,Seguridad,Hombre,6 a 12,ROSARIO
NNA021,P42,¿En qué temas te gustaría ayudar a mejorar tu comuna?,deporte gratuito,Hombre,6 a 12,ROSARIO
NNA021,P43,¿Qué mensaje le darías al Alcalde o Concejo Municipal?,Y ayude mas a los vecino para proyento para areglar sus casa,Hombre,6 a 12,ROSARIO
NNA021,P44,"Si fueras Alcalde/sa, ¿Qué harías primero?",Me juntari con los vecinnos para preguntarle que cosa le hace falta en su comuna sobre todo en inviernoa,Hombre,6 a 12,ROSARIO
NNA021,P45,¿Te gustaría participar en proyectos comunales?,Sí,Hombre,6 a 12,ROSARIO
NNA021,P45,¿Te gustaría participar en proyectos comunales?,en mi barrio,Hombre,6 a 12,ROSARIO
NNA021,P46,¿Qué sueño tienes para Rengo en 10 años?,Ojala todas las respuestas y mas seguridad en las noches,Hombre,6 a 12,ROSARIO
