codigo_bip,descripcion,anio,tipologia,sector,sub_sector,fuente_financiera,rate,monto_solicitado_M,etapa_actual,institucion_financiera,institucion_formuladora,costo_total_M,localidad,tipo_territorial,latitud,longitud,decada,periodo_pladeco
20018911,"REPOSICION PARCIAL ESCUELA G-195 LAS TORRES, RENGO",1997,PROYECTO,Educación y Cultura,EDUCACION BASICA Y MEDIA,FNDR,RS,62072.0,EJECUCION,GOBIERNO REGIONAL - REGION VI LIBERT. BERNARDO O.,MUNICIPALIDAD DE RENGO,63780.0,Rengo (comunal),Comunal,-34.40518,-70.86324,1990s,Pre-PLADECO
20040278,ACTUALIZACION PLANO REGULADOR COMUNAL,1997,ESTUDIO BASICO,Multisectorial,DESARROLLO URBANO,FNDR,OT,19000.0,PERFIL,GOBIERNO REGIONAL - REGION VI LIBERT. BERNARDO O.,MUNICIPALIDAD DE RENGO,19000.0,Rengo (comunal),Comunal,-34.40518,-70.86324,1990s,Pre-PLADECO
20064989,MEJORAMIENTO QUIP. MEDICO E INDUSTRIAL HOSP.RENGO SS. OHIGGINS,1997,PROYECTO,Salud,ALTA COMPLEJIDAD,Sectorial,RS,42016.0,EJECUCION,MINISTERIO DE SALUD,MINISTERIO DE SALUD,283368.0,Rengo (comunal),Comunal,-34.40518,-70.86324,1990s,Pre-PLADECO
20067277,MEJORAMIENTO RUTA 5 LONGITUDINAL SUR - PASADA POR RENGO,1997,PROYECTO,Transporte y Vialidad,"TRANSPORTE URBANO,VIALIDAD PEATONAL",Sectorial,FI,476080.0,EJECUCION,DIRECCION DE VIALIDAD,DIRECCION DE VIALIDAD,476080.0,Rengo (comunal),Comunal,-34.40518,-70.86324,1990s,Pre-PLADECO
20067691,MEJORAMIENTO SISTEMA A.P DE ROSARIO,1997,PROYECTO,Recursos Hídricos,AGUA POTABLE,Empresa,RS,137947.0,EJECUCION,EMPRESA SERVICIOS SANITARIOS DEL LIBERTADOR S.A,EMPRESA SERVICIOS SANITARIOS DEL LIBERTADOR S.A,501469.0,Rosario,Rural,-34.34788,-70.84245,1990s,Pre-PLADECO
20077618,CONSTRUCCION CALZADA CALLE FRANCISCO RUIZ,1997,PROYECTO,Transporte y Vialidad,"TRANSPORTE URBANO,VIALIDAD PEATONAL",FNDR,RS,32000.0,EJECUCION,GOBIERNO REGIONAL - REGION VI LIBERT. BERNARDO O.,MUNICIPALIDAD DE RENGO,32000.0,Rengo (comunal),Comunal,-34.40518,-70.86324,1990s,Pre-PLADECO
20087393,REPOSICION POSTA SALUD RURAL POPETA RENGO,1997,PROYECTO,Salud,BAJA COMPLEJIDAD,FNDR,RS,1286.0,EJECUCION,GOBIERNO REGIONAL - REGION VI LIBERT. BERNARDO O.,MUNICIPALIDAD DE RENGO,48138.0,Popeta,Rural,-34.42,-70.88,1990s,Pre-PLADECO
20087419,REPOSICION POSTA SALUD RURAL LO CARTAGENA,1997,PROYECTO,Salud,BAJA COMPLEJIDAD,Sectorial,RS,35375.0,EJECUCION,MINISTERIO DE SALUD,MUNICIPALIDAD DE RENGO,52360.0,Lo Cartagena,Rural,-34.39026,-70.8737,1990s,Pre-PLADECO
20087720,REPOSICION Y AMPLIACION ESCUELA F-197 ESMERALDA DE RENGO,1997,PROYECTO,Educación y Cultura,EDUCACION BASICA Y MEDIA,FNDR,FI,87077.0,EJECUCION,GOBIERNO REGIONAL - REGION VI LIBERT. BERNARDO O.,MUNICIPALIDAD DE RENGO,87077.0,Esmeralda,Rural,-34.34281,-70.9049,1990s,Pre-PLADECO
20087720,REPOSICION Y AMPLIACION ESCUELA F-197 ESMERALDA DE RENGO,1997,PROYECTO,Educación y Cultura,EDUCACION BASICA Y MEDIA,FNDR,RS,12000.0,EJECUCION,GOBIERNO REGIONAL - REGION VI LIBERT. BERNARDO O.,MUNICIPALIDAD DE RENGO,12000.0,Esmeralda,Rural,-34.34281,-70.9049,1990s,Pre-PLADECO
20090483,MEJORAMIENTO SISTEMA AGUA POTABLE DE RENGO,1997,PROYECTO,Recursos Hídricos,AGUA POTABLE,Empresa,RS,9130.0,EJECUCION,EMPRESA SERVICIOS SANITARIOS DEL LIBERTADOR S.A,EMPRESA SERVICIOS SANITARIOS DEL LIBERTADOR S.A,9130.0,Rengo (comunal),Comunal,-34.40518,-70.86324,1990s,Pre-PLADECO
20090483,MEJORAMIENTO SISTEMA AGUA POTABLE DE RENGO,1997,PROYECTO,Recursos Hídricos,AGUA POTABLE,Empresa,RS,7899.0,EJECUCION,EMPRESA SERVICIOS SANITARIOS DEL LIBERTADOR S.A,EMPRESA SERVICIOS SANITARIOS DEL LIBERTADOR S.A,25714.0,Rengo (comunal),Comunal,-34.40518,-70.86324,1990s,Pre-PLADECO
20096969,AMPLIACION SERVICIO ALCANTARILLADO RENGO EN 3 SECTORES,1997,PROYECTO,Recursos Hídricos,EVACUACION DISPOSICION FINAL AGUAS SERVIDAS,FNDR,RS,690.0,EJECUCION,GOBIERNO REGIONAL - REGION VI LIBERT. BERNARDO O.,MUNICIPALIDAD DE RENGO,26753.0,Rengo (comunal),Comunal,-34.40518,-70.86324,1990s,Pre-PLADECO
20097357,CONSTRUCCION PAVIMENTACION AVENIDA MADRID.,1997,PROYECTO,Transporte y Vialidad,"TRANSPORTE URBANO,VIALIDAD PEATONAL",Sectorial,RS,60824.0,EJECUCION,SERVICIO VIVIENDA Y URBANIZACION VI REGION,MUNICIPALIDAD DE RENGO,60824.0,Rengo (comunal),Comunal,-34.40518,-70.86324,1990s,Pre-PLADECO
20097359,CONSTRUCCION PAVIMENTACION AV. EL CIPRES,1997,PROYECTO,Transporte y Vialidad,"TRANSPORTE URBANO,VIALIDAD PEATONAL",Sectorial,RS,49726.0,EJECUCION,SERVICIO VIVIENDA Y URBANIZACION VI REGION,MUNICIPALIDAD DE RENGO,49726.0,Rengo (comunal),Comunal,-34.40518,-70.86324,1990s,Pre-PLADECO
20097445,NORMALIZACION ELECTRIFICACION DOMICILIARIA SECTOR EL RETIRO,1997,PROYECTO,Energía,DISTRIBUCION Y CONEXION FINAL USUARIOS,FNDR,,3482.0,PERFIL,GOBIERNO REGIONAL - REGION VI LIBERT. BERNARDO O.,MUNICIPALIDAD DE RENGO,3482.0,El Retiro,Rural,-34.395,-70.85,1990s,Pre-PLADECO
20098924,CONSTRUCCION SERVICIO A.P.R. SECTOR LA ESMERALDA RENGO,1997,PROYECTO,Recursos Hídricos,AGUA POTABLE,Sectorial,RS,11499.0,EJECUCION,DIRECCION DE PLANEAMIENTO,DIRECCION PLANEAMIENTO MOP VI REGION,11499.0,Esmeralda,Rural,-34.34281,-70.9049,1990s,Pre-PLADECO
20107943,HABILITACION CINE TEATRO MUNICIPAL DE RENGO,1997,PROYECTO,Educación y Cultura,ARTE Y CULTURA,FNDR,FI,19000.0,OPERACION,GOBIERNO REGIONAL - REGION VI LIBERT. BERNARDO O.,MUNICIPALIDAD DE RENGO,19000.0,Rengo (comunal),Comunal,-34.40518,-70.86324,1990s,Pre-PLADECO
20107943,HABILITACION CINE TEATRO MUNICIPAL DE RENGO,1997,PROYECTO,Educación y Cultura,ARTE Y CULTURA,FNDR,FI,219409.0,OPERACION,GOBIERNO REGIONAL - REGION VI LIBERT. BERNARDO O.,MUNICIPALIDAD DE RENGO,219409.0,Rengo (comunal),Comunal,-34.40518,-70.86324,1990s,Pre-PLADECO
20108704,REPOSICION ESCUELA F 185 LO DE LOBOS,1997,PROYECTO,Educación y Cultura,EDUCACION BASICA Y MEDIA,FNDR,RS,88793.0,EJECUCION,GOBIERNO REGIONAL - REGION VI LIBERT. BERNARDO O.,MUNICIPALIDAD DE RENGO,88793.0,Lo De Lobo,Rural,-34.37523,-70.82941,1990s,Pre-PLADECO
20108704,REPOSICION ESCUELA F 185 LO DE LOBOS,1997,PROYECTO,Educación y Cultura,EDUCACION BASICA Y MEDIA,FNDR,RS,2000.0,EJECUCION,GOBIERNO REGIONAL - REGION VI LIBERT. BERNARDO O.,MUNICIPALIDAD DE RENGO,2000.0,Lo De Lobo,Rural,-34.37523,-70.82941,1990s,Pre-PLADECO
20108709,REPOSICION MOBILIARIO LICEO POLITECNICO C - 15 RENGO,1997,PROYECTO,Educación y Cultura,EDUCACION MEDIA TECNICO,FNDR,RS,19619.0,EJECUCION,GOBIERNO REGIONAL - REGION VI LIBERT. BERNARDO O.,MUNICIPALIDAD DE RENGO,19619.0,Rengo (comunal),Comunal,-34.40518,-70.86324,1990s,Pre-PLADECO
20109352,REPOSICION CENTRO ABIERTO BELLO HORIZONTE RENGO,1997,PROYECTO,Educación y Cultura,EDUCACION PREBASICA,FNDR,RS,3076.0,EJECUCION,GOBIERNO REGIONAL - REGION VI LIBERT. BERNARDO O.,GOBIERNO REGIONAL - REGION VI LIBERT. BERNARDO O.,3076.0,Rengo (comunal),Comunal,-34.40518,-70.86324,1990s,Pre-PLADECO
20109352,REPOSICION CENTRO ABIERTO BELLO HORIZONTE RENGO,1997,PROYECTO,Educación y Cultura,EDUCACION PREBASICA,FNDR,FI,87949.0,EJECUCION,GOBIERNO REGIONAL - REGION VI LIBERT. BERNARDO O.,GOBIERNO REGIONAL - REGION VI LIBERT. BERNARDO O.,87949.0,Rengo (comunal),Comunal,-34.40518,-70.86324,1990s,Pre-PLADECO
20109709,CONSTRUCCION PAVIMENTACION CALLE COLO-COLO - RENGO.,1997,PROYECTO,Transporte y Vialidad,"TRANSPORTE URBANO,VIALIDAD PEATONAL",FNDR,RS,33200.0,EJECUCION,GOBIERNO REGIONAL - REGION VI LIBERT. BERNARDO O.,MUNICIPALIDAD DE RENGO,33200.0,Rengo (comunal),Comunal,-34.40518,-70.86324,1990s,Pre-PLADECO
20109716,EQUIPAMIENTO COMPUTACIONAL ESC.BASICAS DE RENGO,1997,PROYECTO,Educación y Cultura,EDUCACION BASICA Y MEDIA,FNDR,OT,50000.0,PERFIL,GOBIERNO REGIONAL - REGION VI LIBERT. BERNARDO O.,MUNICIPALIDAD DE RENGO,50000.0,Rengo (comunal),Comunal,-34.40518,-70.86324,1990s,Pre-PLADECO
20109897,CONSTRUCCION MULTICANCHA POBLACION RIENCI VALENCIA,1997,PROYECTO,Deporte,DEPORTE RECREATIVO,FNDR,OT,20000.0,PERFIL,GOBIERNO REGIONAL - REGION VI LIBERT. BERNARDO O.,DIRECCIÓN DE DEPORTES Y RECREACIÓN VI REGION,20000.0,Rienci Valencia,Urbano,-34.41,-70.87,1990s,Pre-PLADECO
20109904,CONSTRUCCION ESTADI CLUB DEPORTIVO LA ISLA,1997,PROYECTO,Deporte,DEPORTE RECREATIVO,FNDR,OT,12000.0,PERFIL,GOBIERNO REGIONAL - REGION VI LIBERT. BERNARDO O.,DIRECCIÓN DE DEPORTES Y RECREACIÓN VI REGION,12000.0,Rengo (comunal),Comunal,-34.40518,-70.86324,1990s,Pre-PLADECO
20110571,CONSTRUCCION PAVIMENTACION CALLE LIBERTAD - RENGO.,1997,PROYECTO,Transporte y Vialidad,"TRANSPORTE URBANO,VIALIDAD PEATONAL",Sectorial,RS,9307.0,EJECUCION,SERVICIO VIVIENDA Y URBANIZACION VI REGION,MUNICIPALIDAD DE RENGO,9307.0,Rengo (comunal),Comunal,-34.40518,-70.86324,1990s,Pre-PLADECO
20110574,CONSTRUCCION PAVIMENTACION CALLE GUANGUALI NORTE - RENGO.,1997,PROYECTO,Transporte y Vialidad,"TRANSPORTE URBANO,VIALIDAD PEATONAL",FNDR,RS,13483.0,EJECUCION,GOBIERNO REGIONAL - REGION VI LIBERT. BERNARDO O.,MUNICIPALIDAD DE RENGO,13483.0,Rengo (comunal),Comunal,-34.40518,-70.86324,1990s,Pre-PLADECO
20110682,MEJORAMIENTO ELECTRIFICACION DOMICILIARRIA PATRIA JOVEN RENGO,1997,PROYECTO,Energía,DISTRIBUCION Y CONEXION FINAL USUARIOS,FNDR,FI,2124.0,PERFIL,GOBIERNO REGIONAL - REGION VI LIBERT. BERNARDO O.,MUNICIPALIDAD DE RENGO,2124.0,Rengo (comunal),Comunal,-34.40518,-70.86324,1990s,Pre-PLADECO
20110687,CONSTRUCCION MULTICANCHA COMPLEMENTARIA GIMNASIO MUNICIPAL RENGO,1997,PROYECTO,Deporte,DEPORTE RECREATIVO,FNDR,OT,12000.0,PERFIL,GOBIERNO REGIONAL - REGION VI LIBERT. BERNARDO O.,MUNICIPALIDAD DE RENGO,12000.0,Rengo (comunal),Comunal,-34.40518,-70.86324,1990s,Pre-PLADECO
20110692,REPARACION PLAZA DE ARMAS DE RENGO,1997,PROYECTO,Deporte,RECREACION,FNDR,OT,45000.0,PERFIL,GOBIERNO REGIONAL - REGION VI LIBERT. BERNARDO O.,MUNICIPALIDAD DE RENGO,45000.0,Rengo (comunal),Comunal,-34.40518,-70.86324,1990s,Pre-PLADECO
20110700,CONSTRUCCION CASETAS SANITARIA RENGO URBANO Y ROSARIO CENTRO,1997,PROYECTO,Vivienda y Urbanismo,SOLUCION HABITACIONAL PARCIAL O COMPLEMENTARIA,Sectorial,RS,13310.0,PREFACTIBILIDAD,SUBSECRETARIA DESARROLLO REGIONAL Y ADMINISTRATIVO,MUNICIPALIDAD DE RENGO,13310.0,Rosario Centro,Urbano,-34.34788,-70.84245,1990s,Pre-PLADECO
20110712,CONSTRUCCION CASETAS SANITARIAS SECTOR ESMERALDA,1997,PROYECTO,Vivienda y Urbanismo,SOLUCION HABITACIONAL PARCIAL O COMPLEMENTARIA,Sectorial,RS,22000.0,PREFACTIBILIDAD,SUBSECRETARIA DESARROLLO REGIONAL Y ADMINISTRATIVO,MUNICIPALIDAD DE RENGO,22000.0,Esmeralda,Rural,-34.34281,-70.9049,1990s,Pre-PLADECO
20112496,AMPLIACION ESCUELA HUILQIO RENGO,1997,PROYECTO,Educación y Cultura,EDUCACION BASICA Y MEDIA,FNDR,RS,14722.0,EJECUCION,GOBIERNO REGIONAL - REGION VI LIBERT. BERNARDO O.,MUNICIPALIDAD DE RENGO,14722.0,Rengo (comunal),Comunal,-34.40518,-70.86324,1990s,Pre-PLADECO
20112558,CAPACITACION FAMILIAS EXTREMA POBREZA COMITE SAN BENITO RENGO,1997,PROGRAMA,Multisectorial,ASISTENCIA Y SERVICIO SOCIAL,FNDR,OT,44208.0,PERFIL,GOBIERNO REGIONAL - REGION VI LIBERT. BERNARDO O.,MUNICIPALIDAD DE RENGO,44208.0,Rengo (comunal),Comunal,-34.40518,-70.86324,1990s,Pre-PLADECO
20112683,CONSTRUCCION PUENTE POPETA ENTRE RUTA H-521 Y H-65,1997,PROYECTO,Transporte y Vialidad,TRANSPORTE CAMINERO,Sectorial,RS,675000.0,EJECUCION,DIRECCION DE VIALIDAD,DIRECCION DE VIALIDAD,675000.0,Popeta,Rural,-34.42,-70.88,1990s,Pre-PLADECO
20116456,"CONSTRUCCION PAVIM. CALLE BULNES, ROSARIO-RENGO",1997,PROYECTO,Transporte y Vialidad,"TRANSPORTE URBANO,VIALIDAD PEATONAL",Sectorial,RS,46046.0,EJECUCION,SERVICIO VIVIENDA Y URBANIZACION VI REGION,SEREMI VIVIENDA VI REGION,46046.0,Rosario,Rural,-34.34788,-70.84245,1990s,Pre-PLADECO
20116875,"MEJORAMIENTO CAMINOS H-577, H-631 RENGO - RINCONADA MALAMBO",1997,PROYECTO,Transporte y Vialidad,TRANSPORTE CAMINERO,Sectorial,RS,144000.0,PERFIL,DIRECCION DE VIALIDAD,VIALIDAD MOP VI REGION LIB.GRAL. BERNARDO O'HIGGIN,144000.0,Malambo,Rural,-34.42437,-70.83827,1990s,Pre-PLADECO
20116960,REPOSICION SS.HH. KINDER Y DE PROFESORES ESCUELA HUILQUIO,1997,PROYECTO,Educación y Cultura,EDUCACION BASICA Y MEDIA,FNDR,RS,6000.0,EJECUCION,GOBIERNO REGIONAL - REGION VI LIBERT. BERNARDO O.,MUNICIPALIDAD DE RENGO,6000.0,Rengo (comunal),Comunal,-34.40518,-70.86324,1990s,Pre-PLADECO
20121045,"MEJORAMIENTO Cº ESMERALDA-LAS PATAGUAS, H-450",1997,PROYECTO,Transporte y Vialidad,TRANSPORTE CAMINERO,Sectorial,RS,25200.0,PERFIL,DIRECCION DE VIALIDAD,VIALIDAD MOP VI REGION LIB.GRAL. BERNARDO O'HIGGIN,25200.0,Las Pataguas,Rural,-34.3905,-70.95144,1990s,Pre-PLADECO
20127064,CONSTRUCCION EXTENSION LO CARTAGENA - LAS ROSAS,1997,PROYECTO,Recursos Hídricos,AGUA POTABLE,Sectorial,RS,27048.0,PERFIL,DIRECCION DE PLANEAMIENTO,DIRECCION PLANEAMIENTO MOP VI REGION,27048.0,Lo Cartagena,Rural,-34.39026,-70.8737,1990s,Pre-PLADECO
20127081,MEJORAMIENTO SERVICIO DE APR CHANQUEAHUE,1997,PROYECTO,Recursos Hídricos,AGUA POTABLE,Sectorial,OT,11300.0,EJECUCION,DIRECCION DE PLANEAMIENTO,DIRECCION PLANEAMIENTO MOP VI REGION,11300.0,Chanqueahue,Rural,-34.4335,-70.78779,1990s,Pre-PLADECO
20127083,MEJORAMIENTO SERVICIO DE APR CHOAPINOS,1997,PROYECTO,Recursos Hídricos,AGUA POTABLE,Sectorial,OT,11300.0,EJECUCION,DIRECCION DE PLANEAMIENTO,DIRECCION PLANEAMIENTO MOP VI REGION,11300.0,Rengo (comunal),Comunal,-34.40518,-70.86324,1990s,Pre-PLADECO
20130552,AMPLIACION ESCUELA LO DE LOBOS SEGUNDA ETAPA RENGO,1997,PROYECTO,Educación y Cultura,EDUCACION BASICA Y MEDIA,FNDR,RS,1217.0,EJECUCION,GOBIERNO REGIONAL - REGION VI LIBERT. BERNARDO O.,MUNICIPALIDAD DE RENGO,45997.0,Lo De Lobo,Rural,-34.37523,-70.82941,1990s,Pre-PLADECO
20130554,AMPLIACION ESCUELA HUILQUIO SEGUNDA ETAPA RENGO,1997,PROYECTO,Educación y Cultura,EDUCACION BASICA Y MEDIA,FNDR,FI,33819.0,PERFIL,GOBIERNO REGIONAL - REGION VI LIBERT. BERNARDO O.,MUNICIPALIDAD DE RENGO,33819.0,Rengo (comunal),Comunal,-34.40518,-70.86324,1990s,Pre-PLADECO
20130561,AMPLIACION ESCUELA LO CARTAGENA RENGO,1997,PROYECTO,Educación y Cultura,EDUCACION BASICA Y MEDIA,FNDR,RS,1994.0,EJECUCION,GOBIERNO REGIONAL - REGION VI LIBERT. BERNARDO O.,MUNICIPALIDAD DE RENGO,75387.0,Lo Cartagena,Rural,-34.39026,-70.8737,1990s,Pre-PLADECO
20130562,AMPLIACION ESCUELA MARTA AVARIA S. RENGO,1997,PROYECTO,Educación y Cultura,EDUCACION BASICA Y MEDIA,FNDR,FI,33672.0,EJECUCION,GOBIERNO REGIONAL - REGION VI LIBERT. BERNARDO O.,MUNICIPALIDAD DE RENGO,33672.0,Rengo (comunal),Comunal,-34.40518,-70.86324,1990s,Pre-PLADECO
20130563,AMPLIACION COLEGIO VILLA DEL COBIL RENGO,1997,PROYECTO,Educación y Cultura,EDUCACION BASICA Y MEDIA,FNDR,FI,17430.0,EJECUCION,GOBIERNO REGIONAL - REGION VI LIBERT. BERNARDO O.,MUNICIPALIDAD DE RENGO,17430.0,Cobil,Rural,-34.39994,-70.89498,1990s,Pre-PLADECO
20018911,"REPOSICION PARCIAL ESCUELA G-195 LAS TORRES, RENGO",1998,PROYECTO,Educación y Cultura,EDUCACION BASICA Y MEDIA,FNDR,RS,60497.0,EJECUCION,GOBIERNO REGIONAL - REGION VI LIBERT. BERNARDO O.,MUNICIPALIDAD DE RENGO,67991.0,Rengo (comunal),Comunal,-34.40518,-70.86324,1990s,Pre-PLADECO
20064989,MEJORAMIENTO QUIP. MEDICO E INDUSTRIAL HOSP.RENGO SS. OHIGGINS,1998,PROYECTO,Salud,ALTA COMPLEJIDAD,Sectorial,RS,7160.0,EJECUCION,MINISTERIO DE SALUD,MINISTERIO DE SALUD,285245.0,Rengo (comunal),Comunal,-34.40518,-70.86324,1990s,Pre-PLADECO
20067277,MEJORAMIENTO RUTA 5 LONGITUDINAL SUR - PASADA POR RENGO,1998,PROYECTO,Transporte y Vialidad,"TRANSPORTE URBANO,VIALIDAD PEATONAL",Sectorial,*,792000.0,EJECUCION,DIRECCION DE VIALIDAD,DIRECCION DE VIALIDAD,792000.0,Rengo (comunal),Comunal,-34.40518,-70.86324,1990s,Pre-PLADECO
20067691,MEJORAMIENTO SISTEMA A.P DE ROSARIO,1998,PROYECTO,Recursos Hídricos,AGUA POTABLE,Empresa,RS,323676.0,EJECUCION,EMPRESA SERVICIOS SANITARIOS DEL LIBERTADOR S.A,EMPRESA SERVICIOS SANITARIOS DEL LIBERTADOR S.A,488831.0,Rosario,Rural,-34.34788,-70.84245,1990s,Pre-PLADECO
20077618,CONSTRUCCION CALZADA CALLE FRANCISCO RUIZ,1998,PROYECTO,Transporte y Vialidad,"TRANSPORTE URBANO,VIALIDAD PEATONAL",Sectorial,RS,34112.0,EJECUCION,SERVICIO VIVIENDA Y URBANIZACION VI REGION,MUNICIPALIDAD DE RENGO,34112.0,Rengo (comunal),Comunal,-34.40518,-70.86324,1990s,Pre-PLADECO
20077736,CONSTRUCCION CALLE BISQUERT SECTOR POBL EL NARANJAL,1998,PROYECTO,Transporte y Vialidad,"TRANSPORTE URBANO,VIALIDAD PEATONAL",Sectorial,FI,24318.0,PERFIL,SERVICIO VIVIENDA Y URBANIZACION VI REGION,SEREMI VIVIENDA VI REGION,24318.0,Rengo (comunal),Comunal,-34.40518,-70.86324,1990s,Pre-PLADECO
20087393,REPOSICION POSTA SALUD RURAL POPETA RENGO,1998,PROYECTO,Salud,BAJA COMPLEJIDAD,FNDR,RS,50009.0,EJECUCION,GOBIERNO REGIONAL - REGION VI LIBERT. BERNARDO O.,MUNICIPALIDAD DE RENGO,50009.0,Popeta,Rural,-34.42,-70.88,1990s,Pre-PLADECO
20087720,REPOSICION Y AMPLIACION ESCUELA F-197 ESMERALDA DE RENGO,1998,PROYECTO,Educación y Cultura,EDUCACION BASICA Y MEDIA,FNDR,RS,2594.0,EJECUCION,GOBIERNO REGIONAL - REGION VI LIBERT. BERNARDO O.,MUNICIPALIDAD DE RENGO,11844.0,Esmeralda,Rural,-34.34281,-70.9049,1990s,Pre-PLADECO
20087720,REPOSICION Y AMPLIACION ESCUELA F-197 ESMERALDA DE RENGO,1998,PROYECTO,Educación y Cultura,EDUCACION BASICA Y MEDIA,FNDR,RS,405410.0,EJECUCION,GOBIERNO REGIONAL - REGION VI LIBERT. BERNARDO O.,MUNICIPALIDAD DE RENGO,405410.0,Esmeralda,Rural,-34.34281,-70.9049,1990s,Pre-PLADECO
20090483,MEJORAMIENTO SISTEMA AGUA POTABLE DE RENGO,1998,PROYECTO,Recursos Hídricos,AGUA POTABLE,Empresa,RS,187193.0,EJECUCION,EMPRESA SERVICIOS SANITARIOS DEL LIBERTADOR S.A,EMPRESA SERVICIOS SANITARIOS DEL LIBERTADOR S.A,307313.0,Rengo (comunal),Comunal,-34.40518,-70.86324,1990s,Pre-PLADECO
20090483,MEJORAMIENTO SISTEMA AGUA POTABLE DE RENGO,1998,PROYECTO,Recursos Hídricos,AGUA POTABLE,Empresa,RS,2500.0,EJECUCION,EMPRESA SERVICIOS SANITARIOS DEL LIBERTADOR S.A,EMPRESA SERVICIOS SANITARIOS DEL LIBERTADOR S.A,31396.0,Rengo (comunal),Comunal,-34.40518,-70.86324,1990s,Pre-PLADECO
20097357,CONSTRUCCION PAVIMENTACION AVENIDA MADRID.,1998,PROYECTO,Transporte y Vialidad,"TRANSPORTE URBANO,VIALIDAD PEATONAL",Sectorial,RS,64838.0,EJECUCION,SERVICIO VIVIENDA Y URBANIZACION VI REGION,MUNICIPALIDAD DE RENGO,98793.0,Rengo (comunal),Comunal,-34.40518,-70.86324,1990s,Pre-PLADECO
20097359,CONSTRUCCION PAVIMENTACION AV. EL CIPRES,1998,PROYECTO,Transporte y Vialidad,"TRANSPORTE URBANO,VIALIDAD PEATONAL",FNDR,FI,53000.0,EJECUCION,GOBIERNO REGIONAL - REGION VI LIBERT. BERNARDO O.,MUNICIPALIDAD DE RENGO,81813.0,Rengo (comunal),Comunal,-34.40518,-70.86324,1990s,Pre-PLADECO
20098924,CONSTRUCCION SERVICIO A.P.R. SECTOR LA ESMERALDA RENGO,1998,PROYECTO,Recursos Hídricos,AGUA POTABLE,Sectorial,FI,93800.0,EJECUCION,DIRECCION DE PLANEAMIENTO,DIRECCION PLANEAMIENTO MOP VI REGION,93800.0,Esmeralda,Rural,-34.34281,-70.9049,1990s,Pre-PLADECO
20107943,HABILITACION CINE TEATRO MUNICIPAL DE RENGO,1998,PROYECTO,Educación y Cultura,ARTE Y CULTURA,FNDR,FI,253046.0,OPERACION,GOBIERNO REGIONAL - REGION VI LIBERT. BERNARDO O.,MUNICIPALIDAD DE RENGO,253046.0,Rengo (comunal),Comunal,-34.40518,-70.86324,1990s,Pre-PLADECO
20107943,HABILITACION CINE TEATRO MUNICIPAL DE RENGO,1998,PROYECTO,Educación y Cultura,ARTE Y CULTURA,FNDR,RS,20900.0,OPERACION,GOBIERNO REGIONAL - REGION VI LIBERT. BERNARDO O.,MUNICIPALIDAD DE RENGO,20900.0,Rengo (comunal),Comunal,-34.40518,-70.86324,1990s,Pre-PLADECO
20108704,REPOSICION ESCUELA F 185 LO DE LOBOS,1998,PROYECTO,Educación y Cultura,EDUCACION BASICA Y MEDIA,FNDR,RS,90772.0,EJECUCION,GOBIERNO REGIONAL - REGION VI LIBERT. BERNARDO O.,MUNICIPALIDAD DE RENGO,94653.0,Lo De Lobo,Rural,-34.37523,-70.82941,1990s,Pre-PLADECO
20109709,CONSTRUCCION PAVIMENTACION CALLE COLO-COLO - RENGO.,1998,PROYECTO,Transporte y Vialidad,"TRANSPORTE URBANO,VIALIDAD PEATONAL",Sectorial,RS,35391.0,EJECUCION,SERVICIO VIVIENDA Y URBANIZACION VI REGION,MUNICIPALIDAD DE RENGO,35391.0,Rengo (comunal),Comunal,-34.40518,-70.86324,1990s,Pre-PLADECO
20109716,EQUIPAMIENTO COMPUTACIONAL ESC.BASICAS DE RENGO,1998,PROYECTO,Educación y Cultura,EDUCACION BASICA Y MEDIA,FNDR,FI,55000.0,PERFIL,GOBIERNO REGIONAL - REGION VI LIBERT. BERNARDO O.,MUNICIPALIDAD DE RENGO,55000.0,Rengo (comunal),Comunal,-34.40518,-70.86324,1990s,Pre-PLADECO
20109892,MEJORAMIENTO EVACUACION AGUAS LLUVIAS RENGO,1998,PROYECTO,Recursos Hídricos,EVACUACION DISPOSICION FINAL AGUAS SERVIDAS,Sectorial,OT,60000.0,PERFIL,SERVICIO VIVIENDA Y URBANIZACION VI REGION,SEREMI VIVIENDA VI REGION,60000.0,Rengo (comunal),Comunal,-34.40518,-70.86324,1990s,Pre-PLADECO
20110571,CONSTRUCCION PAVIMENTACION CALLE LIBERTAD - RENGO.,1998,PROYECTO,Transporte y Vialidad,"TRANSPORTE URBANO,VIALIDAD PEATONAL",FNDR,RS,9307.0,EJECUCION,GOBIERNO REGIONAL - REGION VI LIBERT. BERNARDO O.,MUNICIPALIDAD DE RENGO,13632.0,Rengo (comunal),Comunal,-34.40518,-70.86324,1990s,Pre-PLADECO
20110574,CONSTRUCCION PAVIMENTACION CALLE GUANGUALI NORTE - RENGO.,1998,PROYECTO,Transporte y Vialidad,"TRANSPORTE URBANO,VIALIDAD PEATONAL",FNDR,RS,14373.0,EJECUCION,GOBIERNO REGIONAL - REGION VI LIBERT. BERNARDO O.,MUNICIPALIDAD DE RENGO,14373.0,Rengo (comunal),Comunal,-34.40518,-70.86324,1990s,Pre-PLADECO
20110687,CONSTRUCCION MULTICANCHA COMPLEMENTARIA GIMNASIO MUNICIPAL RENGO,1998,PROYECTO,Deporte,DEPORTE RECREATIVO,FNDR,FI,13750.0,PERFIL,GOBIERNO REGIONAL - REGION VI LIBERT. BERNARDO O.,MUNICIPALIDAD DE RENGO,13750.0,Rengo (comunal),Comunal,-34.40518,-70.86324,1990s,Pre-PLADECO
20110692,REPARACION PLAZA DE ARMAS DE RENGO,1998,PROYECTO,Deporte,RECREACION,FNDR,OT,49500.0,PERFIL,GOBIERNO REGIONAL - REGION VI LIBERT. BERNARDO O.,MUNICIPALIDAD DE RENGO,49500.0,Rengo (comunal),Comunal,-34.40518,-70.86324,1990s,Pre-PLADECO
20110712,CONSTRUCCION CASETAS SANITARIAS SECTOR ESMERALDA,1998,PROYECTO,Vivienda y Urbanismo,SOLUCION HABITACIONAL PARCIAL O COMPLEMENTARIA,Sectorial,RS,22000.0,PREFACTIBILIDAD,SUBSECRETARIA DESARROLLO REGIONAL Y ADMINISTRATIVO,MUNICIPALIDAD DE RENGO,22000.0,Esmeralda,Rural,-34.34281,-70.9049,1990s,Pre-PLADECO
20110712,CONSTRUCCION CASETAS SANITARIAS SECTOR ESMERALDA,1998,PROYECTO,Vivienda y Urbanismo,SOLUCION HABITACIONAL PARCIAL O COMPLEMENTARIA,Sectorial,OT,22000.0,PREFACTIBILIDAD,SUBSECRETARIA DESARROLLO REGIONAL Y ADMINISTRATIVO,MUNICIPALIDAD DE RENGO,22000.0,Esmeralda,Rural,-34.34281,-70.9049,1990s,Pre-PLADECO
20112683,CONSTRUCCION PUENTE POPETA ENTRE RUTA H-521 Y H-65,1998,PROYECTO,Transporte y Vialidad,TRANSPORTE CAMINERO,Sectorial,FI,112000.0,EJECUCION,DIRECCION DE VIALIDAD,DIRECCION DE VIALIDAD,541440.0,Popeta,Rural,-34.42,-70.88,1990s,Pre-PLADECO
20122156,CONSTRUCCION PAVIM. CALLE QUINTALBA-RENGO,1998,PROYECTO,Transporte y Vialidad,"TRANSPORTE URBANO,VIALIDAD PEATONAL",Sectorial,RS,47047.0,PERFIL,SERVICIO VIVIENDA Y URBANIZACION VI REGION,SEREMI VIVIENDA VI REGION,47047.0,Rengo (comunal),Comunal,-34.40518,-70.86324,1990s,Pre-PLADECO
20122159,CONSTRUCCION PAVIM. CALLE EL RODEO-RENGO,1998,PROYECTO,Transporte y Vialidad,"TRANSPORTE URBANO,VIALIDAD PEATONAL",Sectorial,RS,45438.0,EJECUCION,SERVICIO VIVIENDA Y URBANIZACION VI REGION,SEREMI VIVIENDA VI REGION,45438.0,Rengo (comunal),Comunal,-34.40518,-70.86324,1990s,Pre-PLADECO
20122161,CONSTRUCCION PAVIM. CALLE LAUTARO NORTE-RENGO,1998,PROYECTO,Transporte y Vialidad,"TRANSPORTE URBANO,VIALIDAD PEATONAL",Sectorial,RS,57325.0,PERFIL,SERVICIO VIVIENDA Y URBANIZACION VI REGION,SEREMI VIVIENDA VI REGION,57325.0,Rengo (comunal),Comunal,-34.40518,-70.86324,1990s,Pre-PLADECO
20122162,CONSTRUCCION PAVIM. CALLE LAS MERCEDES-RENGO,1998,PROYECTO,Transporte y Vialidad,"TRANSPORTE URBANO,VIALIDAD PEATONAL",Sectorial,FI,28771.0,EJECUCION,SERVICIO VIVIENDA Y URBANIZACION VI REGION,SEREMI VIVIENDA VI REGION,28771.0,Rengo (comunal),Comunal,-34.40518,-70.86324,1990s,Pre-PLADECO
20122165,CONSTRUCCION PAVIM. CALLE LOS ESCRIBANOS-RENGO,1998,PROYECTO,Transporte y Vialidad,"TRANSPORTE URBANO,VIALIDAD PEATONAL",Sectorial,FI,68708.0,PERFIL,SERVICIO VIVIENDA Y URBANIZACION VI REGION,SEREMI VIVIENDA VI REGION,68708.0,Rengo (comunal),Comunal,-34.40518,-70.86324,1990s,Pre-PLADECO
20122211,CONSTRUCCION PAVIM. CALLE CAUPOLICAN II ETAPA-RENGO,1998,PROYECTO,Transporte y Vialidad,"TRANSPORTE URBANO,VIALIDAD PEATONAL",Sectorial,FI,14486.0,EJECUCION,SERVICIO VIVIENDA Y URBANIZACION VI REGION,SEREMI VIVIENDA VI REGION,14486.0,Rengo (comunal),Comunal,-34.40518,-70.86324,1990s,Pre-PLADECO
20125241,AMPLIACION ESCUELA LUIS GALDAMEZ RENGO,1998,PROYECTO,Educación y Cultura,EDUCACION BASICA Y MEDIA,Sectorial,FI,420510.0,DISEÑO,MUNICIPALIDAD DE RENGO - SUBSECRETARIA DE EDUCACION - GOBIERNO REGIONAL - REGION,MUNICIPALIDAD DE RENGO,420510.0,Rengo (comunal),Comunal,-34.40518,-70.86324,1990s,Pre-PLADECO
20125241,AMPLIACION ESCUELA LUIS GALDAMEZ RENGO,1998,PROYECTO,Educación y Cultura,EDUCACION BASICA Y MEDIA,FNDR,RS,9187.0,DISEÑO,GOBIERNO REGIONAL - REGION VI LIBERT. BERNARDO O.,MUNICIPALIDAD DE RENGO,9187.0,Rengo (comunal),Comunal,-34.40518,-70.86324,1990s,Pre-PLADECO
20126164,MEJORAMIENTO ELECTRIFICACION DOMIC.SECTOR 1 ESMERALDA,1998,PROYECTO,Energía,DISTRIBUCION Y CONEXION FINAL USUARIOS,FNDR,OT,25891.0,PERFIL,GOBIERNO REGIONAL - REGION VI LIBERT. BERNARDO O.,MUNICIPALIDAD DE RENGO,25891.0,Esmeralda,Rural,-34.34281,-70.9049,1990s,Pre-PLADECO
20126166,REPOSICION POSTA SALUD RURAL LO DE LOBOS,1998,PROYECTO,Salud,BAJA COMPLEJIDAD,FNDR,FI,76419.0,EJECUCION,GOBIERNO REGIONAL - REGION VI LIBERT. BERNARDO O.,MUNICIPALIDAD DE RENGO,76419.0,Lo De Lobo,Rural,-34.37523,-70.82941,1990s,Pre-PLADECO
20126405,"CONSERVACION DEF. FLUV. RIO CLARO, RENGO, VI REG.",1998,PROYECTO,Multisectorial,"DEFENSAS FLUVIALES,MARITIMAS Y CAUCES NATURALES",FNDR,OT,500000.0,PERFIL,GOBIERNO REGIONAL - REGION VI LIBERT. BERNARDO O.,VIALIDAD MOP VI REGION LIB.GRAL. BERNARDO O'HIGGIN,500000.0,Rengo (comunal),Comunal,-34.40518,-70.86324,1990s,Pre-PLADECO
20126950,CONSTRUCCION ALUMBRADO PUBLICO CALLEJON VILUCO LARGO Y VILUCO CORTO,1998,PROYECTO,Energía,ALUMBRADO PUBLICO,FNDR,RS,4229.0,EJECUCION,GOBIERNO REGIONAL - REGION VI LIBERT. BERNARDO O.,MUNICIPALIDAD DE RENGO,4229.0,Rengo (comunal),Comunal,-34.40518,-70.86324,1990s,Pre-PLADECO
20127009,CONSTRUCCION ALUMBRADO PUBLICO LOS GOMEROS RENGO,1998,PROYECTO,Energía,ALUMBRADO PUBLICO,FNDR,RS,6665.0,EJECUCION,GOBIERNO REGIONAL - REGION VI LIBERT. BERNARDO O. - INSTITUCIONES DE LA COMUNIDA,MUNICIPALIDAD DE RENGO,6665.0,Los Gomeros,Rural,-34.35213,-70.87866,1990s,Pre-PLADECO
20127025,ADQUISICION VEHICULO TERRENO CONSULTORIO DE ROSARIO RENGO,1998,PROYECTO,Salud,BAJA COMPLEJIDAD,FNDR,FI,6670.0,EJECUCION,GOBIERNO REGIONAL - REGION VI LIBERT. BERNARDO O.,MUNICIPALIDAD DE RENGO,6670.0,Rosario,Rural,-34.34788,-70.84245,1990s,Pre-PLADECO
20127028,HABILITACION CENTRO DE DIAGNOSTICO Y ATENCIÓN PSICO KINESICO RENGO,1998,PROYECTO,Educación y Cultura,EDUCACION DIFERENCIAL Y ESPECIAL,FNDR,RS,47946.0,EJECUCION,MUNICIPALIDAD DE RENGO - GOBIERNO REGIONAL - REGION VI LIBERT. BERNARDO O.,MUNICIPALIDAD DE RENGO,47946.0,Rengo (comunal),Comunal,-34.40518,-70.86324,1990s,Pre-PLADECO
20127081,MEJORAMIENTO SERVICIO DE APR CHANQUEAHUE,1998,PROYECTO,Recursos Hídricos,AGUA POTABLE,Sectorial,RS,15000.0,EJECUCION,DIRECCION DE PLANEAMIENTO,DIRECCION PLANEAMIENTO MOP VI REGION,15000.0,Chanqueahue,Rural,-34.4335,-70.78779,1990s,Pre-PLADECO
20127081,MEJORAMIENTO SERVICIO DE APR CHANQUEAHUE,1998,PROYECTO,Recursos Hídricos,AGUA POTABLE,Sectorial,OT,93800.0,EJECUCION,DIRECCION DE PLANEAMIENTO,DIRECCION PLANEAMIENTO MOP VI REGION,93800.0,Chanqueahue,Rural,-34.4335,-70.78779,1990s,Pre-PLADECO
20127083,MEJORAMIENTO SERVICIO DE APR CHOAPINOS,1998,PROYECTO,Recursos Hídricos,AGUA POTABLE,Sectorial,OT,82000.0,EJECUCION,DIRECCION DE PLANEAMIENTO,DIRECCION PLANEAMIENTO MOP VI REGION,82000.0,Rengo (comunal),Comunal,-34.40518,-70.86324,1990s,Pre-PLADECO
20127083,MEJORAMIENTO SERVICIO DE APR CHOAPINOS,1998,PROYECTO,Recursos Hídricos,AGUA POTABLE,Sectorial,RS,15000.0,EJECUCION,DIRECCION DE PLANEAMIENTO,DIRECCION PLANEAMIENTO MOP VI REGION,15000.0,Rengo (comunal),Comunal,-34.40518,-70.86324,1990s,Pre-PLADECO
20127379,HABILITACION Y EQUIPAMIENTO CUARTEL 1º CIA BOMBEROS DE RENGO,1998,PROYECTO,Multisectorial,ORGANIZACION Y SERVICIOS COMUNALES,FNDR,RS,31465.0,EJECUCION,GOBIERNO REGIONAL - REGION VI LIBERT. BERNARDO O.,GOBIERNO REGIONAL - REGION VI LIBERT. BERNARDO O.,31465.0,Rengo (comunal),Comunal,-34.40518,-70.86324,1990s,Pre-PLADECO
20127654,REPOSICION PARCIAL MOBILIARIO LICEO LUIS URBINA FLORES DE RENGO,1998,PROYECTO,Educación y Cultura,EDUCACION BASICA Y MEDIA,FNDR,FI,10451.0,PERFIL,GOBIERNO REGIONAL - REGION VI LIBERT. BERNARDO O.,MUNICIPALIDAD DE RENGO,10451.0,Rengo (comunal),Comunal,-34.40518,-70.86324,1990s,Pre-PLADECO
20127756,REPARACION Y EQUIPAMIENTO PRIMER JUZGADO DE LETRAS DE RENGO,1998,PROYECTO,Justicia y Seguridad,ADMINISTRACION DE JUSTICIA,Sectorial,RS,11947.0,EJECUCION,CORPORACION ADMINISTRATIVA DEL PODER JUDICIAL,CORPORACION ADMINISTRATIVA DEL PODER JUDICIAL,11947.0,Rengo (comunal),Comunal,-34.40518,-70.86324,1990s,Pre-PLADECO
20127840,CONSTRUCCION PATINODROMO DE RENGO,1998,PROYECTO,Deporte,DEPORTE COMPETITIVO,FNDR,OT,75000.0,PERFIL,GOBIERNO REGIONAL - REGION VI LIBERT. BERNARDO O.,DIRECCIÓN DE DEPORTES Y RECREACIÓN VI REGION,75000.0,Rengo (comunal),Comunal,-34.40518,-70.86324,1990s,Pre-PLADECO
20130552,AMPLIACION ESCUELA LO DE LOBOS SEGUNDA ETAPA RENGO,1998,PROYECTO,Educación y Cultura,EDUCACION BASICA Y MEDIA,FNDR,RS,47486.0,EJECUCION,GOBIERNO REGIONAL - REGION VI LIBERT. BERNARDO O.,MUNICIPALIDAD DE RENGO,48826.0,Lo De Lobo,Rural,-34.37523,-70.82941,1990s,Pre-PLADECO
20130554,AMPLIACION ESCUELA HUILQUIO SEGUNDA ETAPA RENGO,1998,PROYECTO,Educación y Cultura,EDUCACION BASICA Y MEDIA,FNDR,RS,35033.0,PERFIL,GOBIERNO REGIONAL - REGION VI LIBERT. BERNARDO O.,MUNICIPALIDAD DE RENGO,35033.0,Rengo (comunal),Comunal,-34.40518,-70.86324,1990s,Pre-PLADECO
20130561,AMPLIACION ESCUELA LO CARTAGENA RENGO,1998,PROYECTO,Educación y Cultura,EDUCACION BASICA Y MEDIA,FNDR,RS,77829.0,EJECUCION,GOBIERNO REGIONAL - REGION VI LIBERT. BERNARDO O.,MUNICIPALIDAD DE RENGO,80025.0,Lo Cartagena,Rural,-34.39026,-70.8737,1990s,Pre-PLADECO
20130562,AMPLIACION ESCUELA MARTA AVARIA S. RENGO,1998,PROYECTO,Educación y Cultura,EDUCACION BASICA Y MEDIA,FNDR,RS,60056.0,EJECUCION,GOBIERNO REGIONAL - REGION VI LIBERT. BERNARDO O.,MUNICIPALIDAD DE RENGO,60056.0,Rengo (comunal),Comunal,-34.40518,-70.86324,1990s,Pre-PLADECO
20130563,AMPLIACION COLEGIO VILLA DEL COBIL RENGO,1998,PROYECTO,Educación y Cultura,EDUCACION BASICA Y MEDIA,FNDR,RS,22775.0,EJECUCION,GOBIERNO REGIONAL - REGION VI LIBERT. BERNARDO O.,MUNICIPALIDAD DE RENGO,22775.0,Cobil,Rural,-34.39994,-70.89498,1990s,Pre-PLADECO
20134528,DIAGNOSTICO REFORMULACION CURRICULAR Y FORTALECIMI.LICEO TEC.PROF.,1998,ESTUDIO BASICO,Educación y Cultura,EDUCACION MEDIA TECNICO,FNDR,FI,32590.0,PERFIL,GOBIERNO REGIONAL - REGION VI LIBERT. BERNARDO O.,MUNICIPALIDAD DE RENGO,32590.0,Rengo (comunal),Comunal,-34.40518,-70.86324,1990s,Pre-PLADECO
20152499,AMPLIACION ESCUELA REPUBLICA DE ALEMANIA PARA JEC,1998,PROYECTO,Educación y Cultura,EDUCACION BASICA Y MEDIA,Sectorial,RS,106466.0,PERFIL,MUNICIPALIDAD DE RENGO - SUBSECRETARIA DE EDUCACION,MUNICIPALIDAD DE RENGO,106466.0,Rengo (comunal),Comunal,-34.40518,-70.86324,1990s,Pre-PLADECO
20152506,AMPLIACION ESCUELA VICENTE HUIDOBRO G 195,1998,PROYECTO,Educación y Cultura,EDUCACION BASICA Y MEDIA,Sectorial,RS,80929.0,PERFIL,MUNICIPALIDAD DE RENGO - SUBSECRETARIA DE EDUCACION,MUNICIPALIDAD DE RENGO,80929.0,Rengo (comunal),Comunal,-34.40518,-70.86324,1990s,Pre-PLADECO
20152511,AMPLIACION ESCUELA LA PAZ D 186 DE RENGO,1998,PROYECTO,Educación y Cultura,EDUCACION BASICA Y MEDIA,Sectorial,RS,67716.0,PERFIL,MUNICIPALIDAD DE RENGO - SUBSECRETARIA DE EDUCACION,MUNICIPALIDAD DE RENGO,67716.0,Rengo (comunal),Comunal,-34.40518,-70.86324,1990s,Pre-PLADECO
20152628,MEJORAMIENTO ESCUELA CARLOS CONDELLE 210 DE RENGO,1998,PROYECTO,Educación y Cultura,EDUCACION BASICA Y MEDIA,Sectorial,RS,21037.0,PERFIL,MUNICIPALIDAD DE RENGO - SUBSECRETARIA DE EDUCACION,MUNICIPALIDAD DE RENGO,21037.0,Rengo (comunal),Comunal,-34.40518,-70.86324,1990s,Pre-PLADECO
20152631,CONSTRUCCION ESCUELA EL NARANJAL,1998,PROYECTO,Educación y Cultura,EDUCACION BASICA Y MEDIA,Sectorial,RS,501123.0,EJECUCION,MUNICIPALIDAD DE RENGO - SUBSECRETARIA DE EDUCACION,MUNICIPALIDAD DE RENGO,501123.0,Rengo (comunal),Comunal,-34.40518,-70.86324,1990s,Pre-PLADECO
20152650,CONSTRUCCION ESCUELA PARQUE ORIENTE,1998,PROYECTO,Educación y Cultura,EDUCACION BASICA Y MEDIA,Sectorial,RS,726000.0,EJECUCION,MUNICIPALIDAD DE RENGO - SUBSECRETARIA DE EDUCACION,MUNICIPALIDAD DE RENGO,726000.0,Rengo (comunal),Comunal,-34.40518,-70.86324,1990s,Pre-PLADECO
20064989,MEJORAMIENTO QUIP. MEDICO E INDUSTRIAL HOSP.RENGO SS. OHIGGINS,1999,PROYECTO,Salud,ALTA COMPLEJIDAD,Sectorial,RS,2618.0,EJECUCION,MINISTERIO DE SALUD,MINISTERIO DE SALUD,298940.0,Rengo (comunal),Comunal,-34.40518,-70.86324,1990s,Pre-PLADECO
20067691,MEJORAMIENTO SISTEMA A.P DE ROSARIO,1999,PROYECTO,Recursos Hídricos,AGUA POTABLE,Empresa,RA,16466.0,EJECUCION,EMPRESA SERVICIOS SANITARIOS DEL LIBERTADOR S.A,EMPRESA SERVICIOS SANITARIOS DEL LIBERTADOR S.A,337024.0,Rosario,Rural,-34.34788,-70.84245,1990s,Pre-PLADECO
20077736,CONSTRUCCION CALLE BISQUERT SECTOR POBL EL NARANJAL,1999,PROYECTO,Transporte y Vialidad,"TRANSPORTE URBANO,VIALIDAD PEATONAL",Sectorial,FI,25862.0,PERFIL,SERVICIO VIVIENDA Y URBANIZACION VI REGION,SEREMI VIVIENDA VI REGION,25862.0,Rengo (comunal),Comunal,-34.40518,-70.86324,1990s,Pre-PLADECO
20087720,REPOSICION Y AMPLIACION ESCUELA F-197 ESMERALDA DE RENGO,1999,PROYECTO,Educación y Cultura,EDUCACION BASICA Y MEDIA,FNDR,RS,419628.0,EJECUCION,GOBIERNO REGIONAL - REGION VI LIBERT. BERNARDO O.,MUNICIPALIDAD DE RENGO,427628.0,Esmeralda,Rural,-34.34281,-70.9049,1990s,Pre-PLADECO
20090483,MEJORAMIENTO SISTEMA AGUA POTABLE DE RENGO,1999,PROYECTO,Recursos Hídricos,AGUA POTABLE,Empresa,RS,140344.0,EJECUCION,EMPRESA SERVICIOS SANITARIOS DEL LIBERTADOR S.A,EMPRESA SERVICIOS SANITARIOS DEL LIBERTADOR S.A,238044.0,Rengo (comunal),Comunal,-34.40518,-70.86324,1990s,Pre-PLADECO
20098924,CONSTRUCCION SERVICIO A.P.R. SECTOR LA ESMERALDA RENGO,1999,PROYECTO,Recursos Hídricos,AGUA POTABLE,Sectorial,RS,10100.0,EJECUCION,DIRECCION DE PLANEAMIENTO,DIRECCION PLANEAMIENTO MOP VI REGION,10100.0,Esmeralda,Rural,-34.34281,-70.9049,1990s,Pre-PLADECO
20098924,CONSTRUCCION SERVICIO A.P.R. SECTOR LA ESMERALDA RENGO,1999,PROYECTO,Recursos Hídricos,AGUA POTABLE,Sectorial,RS,103000.0,EJECUCION,DIRECCION DE PLANEAMIENTO,DIRECCION PLANEAMIENTO MOP VI REGION,103000.0,Esmeralda,Rural,-34.34281,-70.9049,1990s,Pre-PLADECO
20107943,HABILITACION CINE TEATRO MUNICIPAL DE RENGO,1999,PROYECTO,Educación y Cultura,ARTE Y CULTURA,FNDR,RS,277952.0,OPERACION,GOBIERNO REGIONAL - REGION VI LIBERT. BERNARDO O.,MUNICIPALIDAD DE RENGO,277952.0,Rengo (comunal),Comunal,-34.40518,-70.86324,1990s,Pre-PLADECO
20107943,HABILITACION CINE TEATRO MUNICIPAL DE RENGO,1999,PROYECTO,Educación y Cultura,ARTE Y CULTURA,FNDR,RS,11017.0,OPERACION,GOBIERNO REGIONAL - REGION VI LIBERT. BERNARDO O.,MUNICIPALIDAD DE RENGO,11017.0,Rengo (comunal),Comunal,-34.40518,-70.86324,1990s,Pre-PLADECO
20109352,REPOSICION CENTRO ABIERTO BELLO HORIZONTE RENGO,1999,PROYECTO,Educación y Cultura,EDUCACION PREBASICA,FNDR,RS,94760.0,EJECUCION,GOBIERNO REGIONAL - REGION VI LIBERT. BERNARDO O.,GOBIERNO REGIONAL - REGION VI LIBERT. BERNARDO O.,94760.0,Rengo (comunal),Comunal,-34.40518,-70.86324,1990s,Pre-PLADECO
20109709,CONSTRUCCION PAVIMENTACION CALLE COLO-COLO - RENGO.,1999,PROYECTO,Transporte y Vialidad,"TRANSPORTE URBANO,VIALIDAD PEATONAL",Sectorial,RS,1802.0,EJECUCION,SERVICIO VIVIENDA Y URBANIZACION VI REGION,MUNICIPALIDAD DE RENGO,18026.0,Rengo (comunal),Comunal,-34.40518,-70.86324,1990s,Pre-PLADECO
20109892,MEJORAMIENTO EVACUACION AGUAS LLUVIAS RENGO,1999,PROYECTO,Recursos Hídricos,EVACUACION DISPOSICION FINAL AGUAS SERVIDAS,Sectorial,FI,70000.0,PERFIL,SERVICIO VIVIENDA Y URBANIZACION VI REGION,SEREMI VIVIENDA VI REGION,70000.0,Rengo (comunal),Comunal,-34.40518,-70.86324,1990s,Pre-PLADECO
20122156,CONSTRUCCION PAVIM. CALLE QUINTALBA-RENGO,1999,PROYECTO,Transporte y Vialidad,"TRANSPORTE URBANO,VIALIDAD PEATONAL",Sectorial,FI,50348.0,PERFIL,SERVICIO VIVIENDA Y URBANIZACION VI REGION,SEREMI VIVIENDA VI REGION,50348.0,Rengo (comunal),Comunal,-34.40518,-70.86324,1990s,Pre-PLADECO
20122161,CONSTRUCCION PAVIM. CALLE LAUTARO NORTE-RENGO,1999,PROYECTO,Transporte y Vialidad,"TRANSPORTE URBANO,VIALIDAD PEATONAL",Sectorial,FI,66060.0,PERFIL,SERVICIO VIVIENDA Y URBANIZACION VI REGION,SEREMI VIVIENDA VI REGION,66060.0,Rengo (comunal),Comunal,-34.40518,-70.86324,1990s,Pre-PLADECO
20122162,CONSTRUCCION PAVIM. CALLE LAS MERCEDES-RENGO,1999,PROYECTO,Transporte y Vialidad,"TRANSPORTE URBANO,VIALIDAD PEATONAL",Sectorial,FI,34525.0,EJECUCION,SERVICIO VIVIENDA Y URBANIZACION VI REGION,SEREMI VIVIENDA VI REGION,34525.0,Rengo (comunal),Comunal,-34.40518,-70.86324,1990s,Pre-PLADECO
20122165,CONSTRUCCION PAVIM. CALLE LOS ESCRIBANOS-RENGO,1999,PROYECTO,Transporte y Vialidad,"TRANSPORTE URBANO,VIALIDAD PEATONAL",Sectorial,FI,74971.0,PERFIL,SERVICIO VIVIENDA Y URBANIZACION VI REGION,SEREMI VIVIENDA VI REGION,74971.0,Rengo (comunal),Comunal,-34.40518,-70.86324,1990s,Pre-PLADECO
20122211,CONSTRUCCION PAVIM. CALLE CAUPOLICAN II ETAPA-RENGO,1999,PROYECTO,Transporte y Vialidad,"TRANSPORTE URBANO,VIALIDAD PEATONAL",Sectorial,FI,13634.0,EJECUCION,SERVICIO VIVIENDA Y URBANIZACION VI REGION,SEREMI VIVIENDA VI REGION,13634.0,Rengo (comunal),Comunal,-34.40518,-70.86324,1990s,Pre-PLADECO
20125241,AMPLIACION ESCUELA LUIS GALDAMEZ RENGO,1999,PROYECTO,Educación y Cultura,EDUCACION BASICA Y MEDIA,FNDR,RS,17039.0,DISEÑO,GOBIERNO REGIONAL - REGION VI LIBERT. BERNARDO O.,MUNICIPALIDAD DE RENGO,17039.0,Rengo (comunal),Comunal,-34.40518,-70.86324,1990s,Pre-PLADECO
20125241,AMPLIACION ESCUELA LUIS GALDAMEZ RENGO,1999,PROYECTO,Educación y Cultura,EDUCACION BASICA Y MEDIA,Sectorial,RS,524430.0,DISEÑO,MUNICIPALIDAD DE RENGO - GOBIERNO REGIONAL - REGION VI LIBERT. BERNARDO O. - SUB,MUNICIPALIDAD DE RENGO,524430.0,Rengo (comunal),Comunal,-34.40518,-70.86324,1990s,Pre-PLADECO
20126166,REPOSICION POSTA SALUD RURAL LO DE LOBOS,1999,PROYECTO,Salud,BAJA COMPLEJIDAD,Municipal,RS,1444.0,EJECUCION,MUNICIPALIDAD DE RENGO,MUNICIPALIDAD DE RENGO,1444.0,Lo De Lobo,Rural,-34.37523,-70.82941,1990s,Pre-PLADECO
20126166,REPOSICION POSTA SALUD RURAL LO DE LOBOS,1999,PROYECTO,Salud,BAJA COMPLEJIDAD,FNDR,FI,56949.0,EJECUCION,GOBIERNO REGIONAL - REGION VI LIBERT. BERNARDO O.,MUNICIPALIDAD DE RENGO,56949.0,Lo De Lobo,Rural,-34.37523,-70.82941,1990s,Pre-PLADECO
20126950,CONSTRUCCION ALUMBRADO PUBLICO CALLEJON VILUCO LARGO Y VILUCO CORTO,1999,PROYECTO,Energía,ALUMBRADO PUBLICO,FNDR,RS,4000.0,EJECUCION,GOBIERNO REGIONAL - REGION VI LIBERT. BERNARDO O.,MUNICIPALIDAD DE RENGO,4000.0,Rengo (comunal),Comunal,-34.40518,-70.86324,1990s,Pre-PLADECO
20127009,CONSTRUCCION ALUMBRADO PUBLICO LOS GOMEROS RENGO,1999,PROYECTO,Energía,ALUMBRADO PUBLICO,FNDR,RS,1300.0,EJECUCION,INSTITUCIONES DE LA COMUNIDAD - GOBIERNO REGIONAL - REGION VI LIBERT. BERNARDO O,MUNICIPALIDAD DE RENGO,7439.0,Los Gomeros,Rural,-34.35213,-70.87866,1990s,Pre-PLADECO
20127025,ADQUISICION VEHICULO TERRENO CONSULTORIO DE ROSARIO RENGO,1999,PROYECTO,Salud,BAJA COMPLEJIDAD,FNDR,FI,9000.0,EJECUCION,GOBIERNO REGIONAL - REGION VI LIBERT. BERNARDO O.,MUNICIPALIDAD DE RENGO,9000.0,Rosario,Rural,-34.34788,-70.84245,1990s,Pre-PLADECO
20127028,HABILITACION CENTRO DE DIAGNOSTICO Y ATENCIÓN PSICO KINESICO RENGO,1999,PROYECTO,Educación y Cultura,EDUCACION DIFERENCIAL Y ESPECIAL,FNDR,RS,50823.0,EJECUCION,MUNICIPALIDAD DE RENGO - GOBIERNO REGIONAL - REGION VI LIBERT. BERNARDO O.,MUNICIPALIDAD DE RENGO,52315.0,Rengo (comunal),Comunal,-34.40518,-70.86324,1990s,Pre-PLADECO
20127081,MEJORAMIENTO SERVICIO DE APR CHANQUEAHUE,1999,PROYECTO,Recursos Hídricos,AGUA POTABLE,Sectorial,RS,11500.0,EJECUCION,DIRECCION DE PLANEAMIENTO,DIRECCION PLANEAMIENTO MOP VI REGION,23070.0,Chanqueahue,Rural,-34.4335,-70.78779,1990s,Pre-PLADECO
20127081,MEJORAMIENTO SERVICIO DE APR CHANQUEAHUE,1999,PROYECTO,Recursos Hídricos,AGUA POTABLE,Sectorial,RS,145470.0,EJECUCION,DIRECCION DE PLANEAMIENTO,DIRECCION PLANEAMIENTO MOP VI REGION,145470.0,Chanqueahue,Rural,-34.4335,-70.78779,1990s,Pre-PLADECO
20127083,MEJORAMIENTO SERVICIO DE APR CHOAPINOS,1999,PROYECTO,Recursos Hídricos,AGUA POTABLE,Sectorial,RS,11.0,EJECUCION,DIRECCION DE PLANEAMIENTO,DIRECCION PLANEAMIENTO MOP VI REGION,16953.0,Rengo (comunal),Comunal,-34.40518,-70.86324,1990s,Pre-PLADECO
20127083,MEJORAMIENTO SERVICIO DE APR CHOAPINOS,1999,PROYECTO,Recursos Hídricos,AGUA POTABLE,Sectorial,RS,91470.0,EJECUCION,DIRECCION DE PLANEAMIENTO,DIRECCION PLANEAMIENTO MOP VI REGION,91470.0,Rengo (comunal),Comunal,-34.40518,-70.86324,1990s,Pre-PLADECO
20127379,HABILITACION Y EQUIPAMIENTO CUARTEL 1º CIA BOMBEROS DE RENGO,1999,PROYECTO,Multisectorial,ORGANIZACION Y SERVICIOS COMUNALES,FNDR,RS,33355.0,EJECUCION,GOBIERNO REGIONAL - REGION VI LIBERT. BERNARDO O.,GOBIERNO REGIONAL - REGION VI LIBERT. BERNARDO O.,33355.0,Rengo (comunal),Comunal,-34.40518,-70.86324,1990s,Pre-PLADECO
20127756,REPARACION Y EQUIPAMIENTO PRIMER JUZGADO DE LETRAS DE RENGO,1999,PROYECTO,Justicia y Seguridad,ADMINISTRACION DE JUSTICIA,Sectorial,RS,12669.0,EJECUCION,CORPORACION ADMINISTRATIVA DEL PODER JUDICIAL,CORPORACION ADMINISTRATIVA DEL PODER JUDICIAL,12669.0,Rengo (comunal),Comunal,-34.40518,-70.86324,1990s,Pre-PLADECO
20127840,CONSTRUCCION PATINODROMO DE RENGO,1999,PROYECTO,Deporte,DEPORTE COMPETITIVO,FNDR,OT,75000.0,PERFIL,GOBIERNO REGIONAL - REGION VI LIBERT. BERNARDO O.,DIRECCIÓN DE DEPORTES Y RECREACIÓN VI REGION,75000.0,Rengo (comunal),Comunal,-34.40518,-70.86324,1990s,Pre-PLADECO
20130562,AMPLIACION ESCUELA MARTA AVARIA S. RENGO,1999,PROYECTO,Educación y Cultura,EDUCACION BASICA Y MEDIA,FNDR,RS,41964.0,EJECUCION,GOBIERNO REGIONAL - REGION VI LIBERT. BERNARDO O.,MUNICIPALIDAD DE RENGO,45927.0,Rengo (comunal),Comunal,-34.40518,-70.86324,1990s,Pre-PLADECO
20130563,AMPLIACION COLEGIO VILLA DEL COBIL RENGO,1999,PROYECTO,Educación y Cultura,EDUCACION BASICA Y MEDIA,FNDR,RS,19865.0,EJECUCION,GOBIERNO REGIONAL - REGION VI LIBERT. BERNARDO O.,MUNICIPALIDAD DE RENGO,21483.0,Cobil,Rural,-34.39994,-70.89498,1990s,Pre-PLADECO
20133954,CONSTRUCCION AVENIDA INDUSTRIAL DE RENGO,1999,PROYECTO,Transporte y Vialidad,INTERSUBSECTORIAL TRANSPORTE,Sectorial,OT,568245.0,PERFIL,MUNICIPALIDAD DE RENGO - DIRECCION DE VIALIDAD - GOBIERNO REGIONAL - REGION VI L,MUNICIPALIDAD DE RENGO,1136490.0,Rengo (comunal),Comunal,-34.40518,-70.86324,1990s,Pre-PLADECO
20133954,CONSTRUCCION AVENIDA INDUSTRIAL DE RENGO,1999,PROYECTO,Transporte y Vialidad,INTERSUBSECTORIAL TRANSPORTE,FNDR,OT,20000.0,PERFIL,GOBIERNO REGIONAL - REGION VI LIBERT. BERNARDO O.,MUNICIPALIDAD DE RENGO,20000.0,Rengo (comunal),Comunal,-34.40518,-70.86324,1990s,Pre-PLADECO
20134528,DIAGNOSTICO REFORMULACION CURRICULAR Y FORTALECIMI.LICEO TEC.PROF.,1999,ESTUDIO BASICO,Educación y Cultura,EDUCACION MEDIA TECNICO,FNDR,OT,32590.0,PERFIL,GOBIERNO REGIONAL - REGION VI LIBERT. BERNARDO O.,MUNICIPALIDAD DE RENGO,32590.0,Rengo (comunal),Comunal,-34.40518,-70.86324,1990s,Pre-PLADECO
20141801,REPOSICION EQUIPAMIENTO SERVICIO CIRUGIA HOSPITAL RENGO,1999,PROYECTO,Salud,BAJA COMPLEJIDAD,FNDR,OT,22000.0,PERFIL,GOBIERNO REGIONAL - REGION VI LIBERT. BERNARDO O.,SERVICIO SALUD OHIGGINS,22000.0,Rengo (comunal),Comunal,-34.40518,-70.86324,1990s,Pre-PLADECO
20141805,EQUIPAMIENTO SERVICIO DE MEDICINA HOSPITAL RENGO,1999,PROYECTO,Salud,BAJA COMPLEJIDAD,Sectorial,OT,35000.0,PERFIL,MINISTERIO DE SALUD,SERVICIO SALUD OHIGGINS,35000.0,Rengo (comunal),Comunal,-34.40518,-70.86324,1990s,Pre-PLADECO
20141813,EQUIPAMIENTO SERVICIO DENTAL HOSPITAL RENGO,1999,PROYECTO,Salud,BAJA COMPLEJIDAD,Sectorial,OT,10000.0,PERFIL,MINISTERIO DE SALUD,SERVICIO SALUD OHIGGINS,10000.0,Rengo (comunal),Comunal,-34.40518,-70.86324,1990s,Pre-PLADECO
20141968,REPOSICION EQUIPAMIENTO SERVICIO DE PEDIATRIA HOSPITAL RENGO,1999,PROYECTO,Salud,BAJA COMPLEJIDAD,Sectorial,OT,32000.0,PERFIL,MINISTERIO DE SALUD,SERVICIO SALUD OHIGGINS,32000.0,Rengo (comunal),Comunal,-34.40518,-70.86324,1990s,Pre-PLADECO
20142464,CONSTRUCCION PATINODROMO DE RENGO,1999,PROYECTO,Deporte,DEPORTE COMPETITIVO,Municipal,OT,28000.0,PERFIL,MUNICIPALIDAD DE RENGO - INSTITUTO NACIONAL DE DEPORTES - GOBIERNO REGIONAL - RE,MUNICIPALIDAD DE RENGO,160000.0,Rengo (comunal),Comunal,-34.40518,-70.86324,1990s,Pre-PLADECO
20142530,CONSTRUCCION PAVIM. CALLE COLO COLO - RENGO,1999,PROYECTO,Transporte y Vialidad,"TRANSPORTE URBANO,VIALIDAD PEATONAL",Sectorial,OT,48935.0,PERFIL,SERVICIO VIVIENDA Y URBANIZACION VI REGION,SEREMI VIVIENDA VI REGION,48935.0,Rengo (comunal),Comunal,-34.40518,-70.86324,1990s,Pre-PLADECO
20142563,CONSTRUCCION PAVIM. CALLE ARAUCO - RENGO,1999,PROYECTO,Transporte y Vialidad,"TRANSPORTE URBANO,VIALIDAD PEATONAL",Sectorial,FI,20208.0,PERFIL,SERVICIO VIVIENDA Y URBANIZACION VI REGION,SEREMI VIVIENDA VI REGION,20208.0,Rengo (comunal),Comunal,-34.40518,-70.86324,1990s,Pre-PLADECO
20142568,CONSTRUCCION PAVIM. AVDA. LAS DELICIAS - ROSARIO,1999,PROYECTO,Transporte y Vialidad,"TRANSPORTE URBANO,VIALIDAD PEATONAL",Sectorial,OT,139251.0,PERFIL,SERVICIO VIVIENDA Y URBANIZACION VI REGION,SEREMI VIVIENDA VI REGION,139251.0,Rosario,Rural,-34.34788,-70.84245,1990s,Pre-PLADECO
20142631,CONSTRUCCION PARQUE ORIENTE DE RENGO,1999,PROYECTO,Deporte,RECREACION,FNDR,OT,50000.0,PERFIL,GOBIERNO REGIONAL - REGION VI LIBERT. BERNARDO O.,MUNICIPALIDAD DE RENGO,50000.0,Rengo (comunal),Comunal,-34.40518,-70.86324,1990s,Pre-PLADECO
20142752,DIAGNOSTICO ALCANTARILLADO VARIOS SECTORES RURALES RENGO,1999,ESTUDIO BASICO,Recursos Hídricos,EVACUACION DISPOSICION FINAL AGUAS SERVIDAS,FNDR,OT,40000.0,PERFIL,GOBIERNO REGIONAL - REGION VI LIBERT. BERNARDO O.,MUNICIPALIDAD DE RENGO,40000.0,Rengo (comunal),Comunal,-34.40518,-70.86324,1990s,Pre-PLADECO
20142795,AMPLIACION SERVICIO ALCANTARILLADO DIVERSOS SECTORES RENGO,1999,PROYECTO,Recursos Hídricos,EVACUACION DISPOSICION FINAL AGUAS SERVIDAS,FNDR,OT,40000.0,PERFIL,GOBIERNO REGIONAL - REGION VI LIBERT. BERNARDO O.,MUNICIPALIDAD DE RENGO,40000.0,Rengo (comunal),Comunal,-34.40518,-70.86324,1990s,Pre-PLADECO
20142889,CONSTRUCCION CASA DE LA CULTURA RENGO TERCERA ETAPA,1999,PROYECTO,Educación y Cultura,ARTE Y CULTURA,FNDR,FI,120000.0,PERFIL,GOBIERNO REGIONAL - REGION VI LIBERT. BERNARDO O.,MUNICIPALIDAD DE RENGO,120000.0,Rengo (comunal),Comunal,-34.40518,-70.86324,1990s,Pre-PLADECO
20142901,REPOSICION EQUIPAMIENTO MATERNIDAD HOSPITAL DE RENGO,1999,PROYECTO,Salud,BAJA COMPLEJIDAD,Sectorial,OT,22000.0,PERFIL,MINISTERIO DE SALUD,SERVICIO SALUD OHIGGINS,22000.0,Rengo (comunal),Comunal,-34.40518,-70.86324,1990s,Pre-PLADECO
20142944,CONSTRUCCION CENTRO EDUCACION INTEGRADA DE ADULTOS,1999,PROYECTO,Educación y Cultura,EDUCACION PARA ADULTOS,FNDR,FI,87250.0,PERFIL,GOBIERNO REGIONAL - REGION VI LIBERT. BERNARDO O.,MUNICIPALIDAD DE RENGO,87250.0,Rengo (comunal),Comunal,-34.40518,-70.86324,1990s,Pre-PLADECO
20142944,CONSTRUCCION CENTRO EDUCACION INTEGRADA DE ADULTOS,1999,PROYECTO,Educación y Cultura,EDUCACION PARA ADULTOS,FNDR,FI,3100.0,PERFIL,GOBIERNO REGIONAL - REGION VI LIBERT. BERNARDO O.,MUNICIPALIDAD DE RENGO,3100.0,Rengo (comunal),Comunal,-34.40518,-70.86324,1990s,Pre-PLADECO
20142967,CONSTRUCCION PARQUE DE ROSARIO,1999,PROYECTO,Deporte,RECREACION,FNDR,OT,30000.0,PERFIL,GOBIERNO REGIONAL - REGION VI LIBERT. BERNARDO O.,MUNICIPALIDAD DE RENGO,30000.0,Rosario,Rural,-34.34788,-70.84245,1990s,Pre-PLADECO
20145036,CONSTRUCCION ALUMBRADO PUBLICO LA ESMERALDA,1999,PROYECTO,Energía,ALUMBRADO PUBLICO,FNDR,RS,13570.0,EJECUCION,INSTITUCIONES DE LA COMUNIDAD - GOBIERNO REGIONAL - REGION VI LIBERT. BERNARDO O,MUNICIPALIDAD DE RENGO,13570.0,Esmeralda,Rural,-34.34281,-70.9049,1990s,Pre-PLADECO
20145099,ANALISIS CONECCION DIRECTA DEL TRONCAL ENDESA-RENGO,1999,ESTUDIO BASICO,Energía,ADMINISTRACION ENERGIA,FNDR,FI,7000.0,PERFIL,GOBIERNO REGIONAL - REGION VI LIBERT. BERNARDO O.,MUNICIPALIDAD DE RENGO,7000.0,Rengo (comunal),Comunal,-34.40518,-70.86324,1990s,Pre-PLADECO
20145134,CONSTRUCCION CASETAS SANITARIAS ROSARIO CENTRO Y RENGO URBANO,1999,PROYECTO,Vivienda y Urbanismo,SOLUCION HABITACIONAL PARCIAL O COMPLEMENTARIA,Sectorial,OT,312840.0,PERFIL,SUBSECRETARIA DESARROLLO REGIONAL Y ADMINISTRATIVO,MUNICIPALIDAD DE RENGO,312840.0,Rosario Centro,Urbano,-34.34788,-70.84245,1990s,Pre-PLADECO
20145164,CONSTRUCCION CASETAS SANITARIAS SECTOR CHOAPINOS Y EL RETIRO,1999,PROYECTO,Vivienda y Urbanismo,SOLUCION HABITACIONAL PARCIAL O COMPLEMENTARIA,Sectorial,FI,10600.0,PERFIL,SUBSECRETARIA DESARROLLO REGIONAL Y ADMINISTRATIVO,MUNICIPALIDAD DE RENGO,10600.0,El Retiro,Rural,-34.395,-70.85,1990s,Pre-PLADECO
20145189,CONSTRUCCION SALON MULTIUSO CARCEL DE RENGO,1999,PROYECTO,Justicia y Seguridad,ADMINISTRACION DE JUSTICIA,FNDR,FI,65920.0,PERFIL,GOBIERNO REGIONAL - REGION VI LIBERT. BERNARDO O.,GENDARMERIA VI REGION LIB.GRAL. BERNARDO O'HIGGINS,65920.0,Rengo (comunal),Comunal,-34.40518,-70.86324,1990s,Pre-PLADECO
20145197,CONSTRUCCION CICLOVÍA RENGO -ROSARIO,1999,PROYECTO,Transporte y Vialidad,"TRANSPORTE URBANO,VIALIDAD PEATONAL",FNDR,FI,120000.0,PERFIL,GOBIERNO REGIONAL - REGION VI LIBERT. BERNARDO O.,MUNICIPALIDAD DE RENGO,120000.0,Rosario,Rural,-34.34788,-70.84245,1990s,Pre-PLADECO
20145235,CONSTRUCCION PARQUE PISCINA DE RENGO,1999,PROYECTO,Multisectorial,DESARROLLO URBANO,FNDR,OT,100000.0,PERFIL,GOBIERNO REGIONAL - REGION VI LIBERT. BERNARDO O.,MUNICIPALIDAD DE RENGO,100000.0,Rengo (comunal),Comunal,-34.40518,-70.86324,1990s,Pre-PLADECO
20145315,ADQUISICION TERRENOS NUEVOS COLEGIOS JORNADA ESCOLAR COMPLETA,1999,PROYECTO,Educación y Cultura,EDUCACION BASICA Y MEDIA,FNDR,OT,85000.0,PERFIL,GOBIERNO REGIONAL - REGION VI LIBERT. BERNARDO O.,MUNICIPALIDAD DE RENGO,170000.0,Rengo (comunal),Comunal,-34.40518,-70.86324,1990s,Pre-PLADECO
20146715,CONSTRUCCION CUARTEL TERCERA COMPAÑIA DE BOMBEROS ROSARIO - RENGO,1999,PROYECTO,Seguridad Pública,SEGURIDAD PÃšBLICA,FNDR,FI,77161.0,EJECUCION,GOBIERNO REGIONAL - REGION VI LIBERT. BERNARDO O.,MUNICIPALIDAD DE RENGO,77161.0,Rosario,Rural,-34.34788,-70.84245,1990s,Pre-PLADECO
20150714,MEJORAMIENTO RED ALCANTARILLADO RENGO,1999,PROYECTO,Recursos Hídricos,EVACUACION DISPOSICION FINAL AGUAS SERVIDAS,Empresa,RS,9775.0,PERFIL,EMPRESA SERVICIOS SANITARIOS DEL LIBERTADOR S.A,EMPRESA SERVICIOS SANITARIOS DEL LIBERTADOR S.A,9775.0,Rengo (comunal),Comunal,-34.40518,-70.86324,1990s,Pre-PLADECO
20152511,AMPLIACION ESCUELA LA PAZ D 186 DE RENGO,1999,PROYECTO,Educación y Cultura,EDUCACION BASICA Y MEDIA,Sectorial,FI,59460.0,PERFIL,SUBSECRETARIA DE EDUCACION,MUNICIPALIDAD DE RENGO,59460.0,Rengo (comunal),Comunal,-34.40518,-70.86324,1990s,Pre-PLADECO
20152631,CONSTRUCCION ESCUELA EL NARANJAL,1999,PROYECTO,Educación y Cultura,EDUCACION BASICA Y MEDIA,Sectorial,FI,550703.0,EJECUCION,MUNICIPALIDAD DE RENGO - SUBSECRETARIA DE EDUCACION,MUNICIPALIDAD DE RENGO,550703.0,Rengo (comunal),Comunal,-34.40518,-70.86324,1990s,Pre-PLADECO
20161590,AMPLIACION ESCUELA HUILQUIO DE RENGO,1999,PROYECTO,Educación y Cultura,EDUCACION BASICA Y MEDIA,FNDR,FI,67724.0,EJECUCION,GOBIERNO REGIONAL - REGION VI LIBERT. BERNARDO O.,MUNICIPALIDAD DE RENGO,67724.0,Rengo (comunal),Comunal,-34.40518,-70.86324,1990s,Pre-PLADECO
20163169,"MEJORAMIENTO Y AMPLIACIÓN SISTEMA A.P.R. LO CARTAGENA, RENGO",1999,PROYECTO,Recursos Hídricos,AGUA POTABLE,Sectorial,OT,8500.0,EJECUCION,DIRECCION DE PLANEAMIENTO,DIRECCION DE OBRAS HIDRAULICAS MOP VI REGION,17000.0,Lo Cartagena,Rural,-34.39026,-70.8737,1990s,Pre-PLADECO
20163170,MEJORAMIENTO SERVICIO APR HUILQUIO CERRILLOS,1999,PROYECTO,Recursos Hídricos,AGUA POTABLE,Sectorial,RS,8500.0,EJECUCION,DIRECCION DE PLANEAMIENTO,DIRECCION DE OBRAS HIDRAULICAS MOP VI REGION,17000.0,Rengo (comunal),Comunal,-34.40518,-70.86324,1990s,Pre-PLADECO
20165167,CONSTRUCCION CASETAS SANITARIAS RINCON DE ROSARIO,1999,PROYECTO,Vivienda y Urbanismo,SOLUCION HABITACIONAL PARCIAL O COMPLEMENTARIA,Sectorial,RS,7000.0,PERFIL,MUNICIPALIDAD DE RENGO - SUBSECRETARIA DESARROLLO REGIONAL Y ADMINISTRATIVO,MUNICIPALIDAD DE RENGO,7000.0,Rosario,Rural,-34.34788,-70.84245,1990s,Pre-PLADECO
20077736,CONSTRUCCION CALLE BISQUERT SECTOR POBL EL NARANJAL,2000,PROYECTO,Transporte y Vialidad,"TRANSPORTE URBANO,VIALIDAD PEATONAL",Sectorial,FI,65739.0,PERFIL,SERVICIO VIVIENDA Y URBANIZACION VI REGION,SEREMI VIVIENDA VI REGION,65739.0,Rengo (comunal),Comunal,-34.40518,-70.86324,2000s,Pre-PLADECO
20098924,CONSTRUCCION SERVICIO A.P.R. SECTOR LA ESMERALDA RENGO,2000,PROYECTO,Recursos Hídricos,AGUA POTABLE,Sectorial,RS,122275.0,EJECUCION,DIRECCION DE PLANEAMIENTO,DIRECCION PLANEAMIENTO MOP VI REGION,147275.0,Esmeralda,Rural,-34.34281,-70.9049,2000s,Pre-PLADECO
20107943,HABILITACION CINE TEATRO MUNICIPAL DE RENGO,2000,PROYECTO,Educación y Cultura,ARTE Y CULTURA,FNDR,RS,296458.0,OPERACION,GOBIERNO REGIONAL - REGION VI LIBERT. BERNARDO O.,MUNICIPALIDAD DE RENGO,296458.0,Rengo (comunal),Comunal,-34.40518,-70.86324,2000s,Pre-PLADECO
20109352,REPOSICION CENTRO ABIERTO BELLO HORIZONTE RENGO,2000,PROYECTO,Educación y Cultura,EDUCACION PREBASICA,FNDR,RS,117527.0,EJECUCION,GOBIERNO REGIONAL - REGION VI LIBERT. BERNARDO O.,GOBIERNO REGIONAL - REGION VI LIBERT. BERNARDO O.,117527.0,Rengo (comunal),Comunal,-34.40518,-70.86324,2000s,Pre-PLADECO
20109892,MEJORAMIENTO EVACUACION AGUAS LLUVIAS RENGO,2000,PROYECTO,Recursos Hídricos,EVACUACION DISPOSICION FINAL AGUAS SERVIDAS,Sectorial,OT,40000.0,PERFIL,SERVICIO VIVIENDA Y URBANIZACION VI REGION,SEREMI VIVIENDA VI REGION,40000.0,Rengo (comunal),Comunal,-34.40518,-70.86324,2000s,Pre-PLADECO
20109904,CONSTRUCCION ESTADI CLUB DEPORTIVO LA ISLA,2000,PROYECTO,Deporte,DEPORTE RECREATIVO,FNDR,OT,28800.0,PERFIL,MUNICIPALIDAD DE RENGO - INSTITUTO NACIONAL DE DEPORTES - INSTITUCIONES DE LA CO,DIRECCIÓN DE DEPORTES Y RECREACIÓN VI REGION,28800.0,Rengo (comunal),Comunal,-34.40518,-70.86324,2000s,Pre-PLADECO
20122156,CONSTRUCCION PAVIM. CALLE QUINTALBA-RENGO,2000,PROYECTO,Transporte y Vialidad,"TRANSPORTE URBANO,VIALIDAD PEATONAL",Sectorial,OT,92723.0,PERFIL,SERVICIO VIVIENDA Y URBANIZACION VI REGION,SEREMI VIVIENDA VI REGION,92723.0,Rengo (comunal),Comunal,-34.40518,-70.86324,2000s,Pre-PLADECO
20122161,CONSTRUCCION PAVIM. CALLE LAUTARO NORTE-RENGO,2000,PROYECTO,Transporte y Vialidad,"TRANSPORTE URBANO,VIALIDAD PEATONAL",Sectorial,OT,121340.0,PERFIL,SERVICIO VIVIENDA Y URBANIZACION VI REGION,SEREMI VIVIENDA VI REGION,121340.0,Rengo (comunal),Comunal,-34.40518,-70.86324,2000s,Pre-PLADECO
20122162,CONSTRUCCION PAVIM. CALLE LAS MERCEDES-RENGO,2000,PROYECTO,Transporte y Vialidad,"TRANSPORTE URBANO,VIALIDAD PEATONAL",Sectorial,RS,54532.0,EJECUCION,SERVICIO VIVIENDA Y URBANIZACION VI REGION,SEREMI VIVIENDA VI REGION,54532.0,Rengo (comunal),Comunal,-34.40518,-70.86324,2000s,Pre-PLADECO
20122165,CONSTRUCCION PAVIM. CALLE LOS ESCRIBANOS-RENGO,2000,PROYECTO,Transporte y Vialidad,"TRANSPORTE URBANO,VIALIDAD PEATONAL",Sectorial,RS,135041.0,PERFIL,SERVICIO VIVIENDA Y URBANIZACION VI REGION,SEREMI VIVIENDA VI REGION,135041.0,Rengo (comunal),Comunal,-34.40518,-70.86324,2000s,Pre-PLADECO
20122211,CONSTRUCCION PAVIM. CALLE CAUPOLICAN II ETAPA-RENGO,2000,PROYECTO,Transporte y Vialidad,"TRANSPORTE URBANO,VIALIDAD PEATONAL",Sectorial,RS,23364.0,EJECUCION,SERVICIO VIVIENDA Y URBANIZACION VI REGION,SEREMI VIVIENDA VI REGION,23364.0,Rengo (comunal),Comunal,-34.40518,-70.86324,2000s,Pre-PLADECO
20125241,AMPLIACION ESCUELA LUIS GALDAMEZ RENGO,2000,PROYECTO,Educación y Cultura,EDUCACION BASICA Y MEDIA,Sectorial,RS,548912.0,DISEÑO,MUNICIPALIDAD DE RENGO - GOBIERNO REGIONAL - REGION VI LIBERT. BERNARDO O. - SUB,MUNICIPALIDAD DE RENGO,548912.0,Rengo (comunal),Comunal,-34.40518,-70.86324,2000s,Pre-PLADECO
20126166,REPOSICION POSTA SALUD RURAL LO DE LOBOS,2000,PROYECTO,Salud,BAJA COMPLEJIDAD,Municipal,RS,1511.0,EJECUCION,MUNICIPALIDAD DE RENGO,MUNICIPALIDAD DE RENGO,1511.0,Lo De Lobo,Rural,-34.37523,-70.82941,2000s,Pre-PLADECO
20126166,REPOSICION POSTA SALUD RURAL LO DE LOBOS,2000,PROYECTO,Salud,BAJA COMPLEJIDAD,FNDR,RS,60740.0,EJECUCION,GOBIERNO REGIONAL - REGION VI LIBERT. BERNARDO O.,MUNICIPALIDAD DE RENGO,60740.0,Lo De Lobo,Rural,-34.37523,-70.82941,2000s,Pre-PLADECO
20126950,CONSTRUCCION ALUMBRADO PUBLICO CALLEJON VILUCO LARGO Y VILUCO CORTO,2000,PROYECTO,Energía,ALUMBRADO PUBLICO,FNDR,RS,3910.0,EJECUCION,GOBIERNO REGIONAL - REGION VI LIBERT. BERNARDO O.,MUNICIPALIDAD DE RENGO,3910.0,Rengo (comunal),Comunal,-34.40518,-70.86324,2000s,Pre-PLADECO
20127025,ADQUISICION VEHICULO TERRENO CONSULTORIO DE ROSARIO RENGO,2000,PROYECTO,Salud,BAJA COMPLEJIDAD,FNDR,FI,6610.0,EJECUCION,GOBIERNO REGIONAL - REGION VI LIBERT. BERNARDO O.,MUNICIPALIDAD DE RENGO,6610.0,Rosario,Rural,-34.34788,-70.84245,2000s,Pre-PLADECO
20127028,HABILITACION CENTRO DE DIAGNOSTICO Y ATENCIÓN PSICO KINESICO RENGO,2000,PROYECTO,Educación y Cultura,EDUCACION DIFERENCIAL Y ESPECIAL,FNDR,RS,1467.0,EJECUCION,GOBIERNO REGIONAL - REGION VI LIBERT. BERNARDO O.,MUNICIPALIDAD DE RENGO,53610.0,Rengo (comunal),Comunal,-34.40518,-70.86324,2000s,Pre-PLADECO
20127081,MEJORAMIENTO SERVICIO DE APR CHANQUEAHUE,2000,PROYECTO,Recursos Hídricos,AGUA POTABLE,Sectorial,RS,152256.0,EJECUCION,DIRECCION DE PLANEAMIENTO,DIRECCION PLANEAMIENTO MOP VI REGION,238399.0,Chanqueahue,Rural,-34.4335,-70.78779,2000s,Pre-PLADECO
20127083,MEJORAMIENTO SERVICIO DE APR CHOAPINOS,2000,PROYECTO,Recursos Hídricos,AGUA POTABLE,Sectorial,RS,95737.0,EJECUCION,DIRECCION DE PLANEAMIENTO,DIRECCION PLANEAMIENTO MOP VI REGION,170888.0,Rengo (comunal),Comunal,-34.40518,-70.86324,2000s,Pre-PLADECO
20127756,REPARACION Y EQUIPAMIENTO PRIMER JUZGADO DE LETRAS DE RENGO,2000,PROYECTO,Justicia y Seguridad,ADMINISTRACION DE JUSTICIA,Sectorial,RS,13418.0,EJECUCION,CORPORACION ADMINISTRATIVA DEL PODER JUDICIAL,CORPORACION ADMINISTRATIVA DEL PODER JUDICIAL,13418.0,Rengo (comunal),Comunal,-34.40518,-70.86324,2000s,Pre-PLADECO
20127932,CONSTRUCCION BODEGA PRODUCTOS LACTEOS PARA MICROAREA RENGO,2000,PROYECTO,Salud,BAJA COMPLEJIDAD,FNDR,OT,16500.0,PERFIL,GOBIERNO REGIONAL - REGION VI LIBERT. BERNARDO O.,SERVICIO SALUD OHIGGINS,16500.0,Rengo (comunal),Comunal,-34.40518,-70.86324,2000s,Pre-PLADECO
20134528,DIAGNOSTICO REFORMULACION CURRICULAR Y FORTALECIMI.LICEO TEC.PROF.,2000,ESTUDIO BASICO,Educación y Cultura,EDUCACION MEDIA TECNICO,FNDR,OT,33590.0,PERFIL,GOBIERNO REGIONAL - REGION VI LIBERT. BERNARDO O.,MUNICIPALIDAD DE RENGO,33590.0,Rengo (comunal),Comunal,-34.40518,-70.86324,2000s,Pre-PLADECO
20142464,CONSTRUCCION PATINODROMO DE RENGO,2000,PROYECTO,Deporte,DEPORTE COMPETITIVO,FNDR,OT,160000.0,PERFIL,MUNICIPALIDAD DE RENGO - INSTITUTO NACIONAL DE DEPORTES - GOBIERNO REGIONAL - RE,MUNICIPALIDAD DE RENGO,160000.0,Rengo (comunal),Comunal,-34.40518,-70.86324,2000s,Pre-PLADECO
20142530,CONSTRUCCION PAVIM. CALLE COLO COLO - RENGO,2000,PROYECTO,Transporte y Vialidad,"TRANSPORTE URBANO,VIALIDAD PEATONAL",Sectorial,OT,95937.0,PERFIL,SERVICIO VIVIENDA Y URBANIZACION VI REGION,SEREMI VIVIENDA VI REGION,95937.0,Rengo (comunal),Comunal,-34.40518,-70.86324,2000s,Pre-PLADECO
20142568,CONSTRUCCION PAVIM. AVDA. LAS DELICIAS - ROSARIO,2000,PROYECTO,Transporte y Vialidad,"TRANSPORTE URBANO,VIALIDAD PEATONAL",Sectorial,OT,250431.0,PERFIL,SERVICIO VIVIENDA Y URBANIZACION VI REGION,SEREMI VIVIENDA VI REGION,250431.0,Rosario,Rural,-34.34788,-70.84245,2000s,Pre-PLADECO
20142889,CONSTRUCCION CASA DE LA CULTURA RENGO TERCERA ETAPA,2000,PROYECTO,Educación y Cultura,ARTE Y CULTURA,FNDR,OT,126242.0,PERFIL,GOBIERNO REGIONAL - REGION VI LIBERT. BERNARDO O.,MUNICIPALIDAD DE RENGO,126242.0,Rengo (comunal),Comunal,-34.40518,-70.86324,2000s,Pre-PLADECO
20142944,CONSTRUCCION CENTRO EDUCACION INTEGRADA DE ADULTOS,2000,PROYECTO,Educación y Cultura,EDUCACION PARA ADULTOS,FNDR,FI,4200.0,PERFIL,GOBIERNO REGIONAL - REGION VI LIBERT. BERNARDO O.,MUNICIPALIDAD DE RENGO,4200.0,Rengo (comunal),Comunal,-34.40518,-70.86324,2000s,Pre-PLADECO
20142944,CONSTRUCCION CENTRO EDUCACION INTEGRADA DE ADULTOS,2000,PROYECTO,Educación y Cultura,EDUCACION PARA ADULTOS,FNDR,FI,308629.0,PERFIL,GOBIERNO REGIONAL - REGION VI LIBERT. BERNARDO O.,MUNICIPALIDAD DE RENGO,308629.0,Rengo (comunal),Comunal,-34.40518,-70.86324,2000s,Pre-PLADECO
20145036,CONSTRUCCION ALUMBRADO PUBLICO LA ESMERALDA,2000,PROYECTO,Energía,ALUMBRADO PUBLICO,FNDR,RS,13556.0,EJECUCION,INSTITUCIONES DE LA COMUNIDAD - GOBIERNO REGIONAL - REGION VI LIBERT. BERNARDO O,MUNICIPALIDAD DE RENGO,13556.0,Esmeralda,Rural,-34.34281,-70.9049,2000s,Pre-PLADECO
20145189,CONSTRUCCION SALON MULTIUSO CARCEL DE RENGO,2000,PROYECTO,Justicia y Seguridad,ADMINISTRACION DE JUSTICIA,FNDR,OT,69875.0,PERFIL,GOBIERNO REGIONAL - REGION VI LIBERT. BERNARDO O.,GENDARMERIA VI REGION LIB.GRAL. BERNARDO O'HIGGINS,69875.0,Rengo (comunal),Comunal,-34.40518,-70.86324,2000s,Pre-PLADECO
20145235,CONSTRUCCION PARQUE PISCINA DE RENGO,2000,PROYECTO,Multisectorial,DESARROLLO URBANO,FNDR,OT,375816.0,PERFIL,MUNICIPALIDAD DE RENGO - GOBIERNO REGIONAL - REGION VI LIBERT. BERNARDO O.,MUNICIPALIDAD DE RENGO,375816.0,Rengo (comunal),Comunal,-34.40518,-70.86324,2000s,Pre-PLADECO
20146715,CONSTRUCCION CUARTEL TERCERA COMPAÑIA DE BOMBEROS ROSARIO - RENGO,2000,PROYECTO,Seguridad Pública,SEGURIDAD PÃšBLICA,FNDR,FI,77161.0,EJECUCION,GOBIERNO REGIONAL - REGION VI LIBERT. BERNARDO O.,MUNICIPALIDAD DE RENGO,77161.0,Rosario,Rural,-34.34788,-70.84245,2000s,Pre-PLADECO
20157031,CONSTRUCCION MEJORAMIENTOS ADIC. INGRESO A JEC 6 COLEGIOS URBANOS,2000,PROYECTO,Educación y Cultura,EDUCACION BASICA Y MEDIA,Sectorial,OT,1676622.0,PERFIL,MUNICIPALIDAD DE RENGO - GOBIERNO REGIONAL - REGION VI LIBERT. BERNARDO O. - SUB,MUNICIPALIDAD DE RENGO,1676622.0,Rengo (comunal),Comunal,-34.40518,-70.86324,2000s,Pre-PLADECO
20157354,CONSTRUCCION ALUMBRADO PUBLICO CALLE SAN MARTIN NORTE,2000,PROYECTO,Energía,ALUMBRADO PUBLICO,FNDR,OT,3301.0,PERFIL,GOBIERNO REGIONAL - REGION VI LIBERT. BERNARDO O.,MUNICIPALIDAD DE RENGO,3301.0,Rengo (comunal),Comunal,-34.40518,-70.86324,2000s,Pre-PLADECO
20157389,INSTALACION RED ALCANTARILLADO CALLEJON LO CARTAGENA,2000,PROYECTO,Recursos Hídricos,EVACUACION DISPOSICION FINAL AGUAS SERVIDAS,FNDR,FI,5182.0,PERFIL,GOBIERNO REGIONAL - REGION VI LIBERT. BERNARDO O.,MUNICIPALIDAD DE RENGO,5182.0,Lo Cartagena,Rural,-34.39026,-70.8737,2000s,Pre-PLADECO
20157401,CONSTRUCCION ALUMBRADO PUBLICO LA CHIMBA POPETA,2000,PROYECTO,Energía,ALUMBRADO PUBLICO,FNDR,RS,11598.0,EJECUCION,INSTITUCIONES DE LA COMUNIDAD - GOBIERNO REGIONAL - REGION VI LIBERT. BERNARDO O,MUNICIPALIDAD DE RENGO,11598.0,La Chimba,Rural,-34.40804,-70.81718,2000s,Pre-PLADECO
20157404,CONSTRUCCION ALUMBRADO PUBLICO CALLE MICHIMALONGO A CHORRILLOS,2000,PROYECTO,Energía,ALUMBRADO PUBLICO,FNDR,RS,4104.0,EJECUCION,APORTE EMPRESAS ELECTRICAS - GOBIERNO REGIONAL - REGION VI LIBERT. BERNARDO O.,MUNICIPALIDAD DE RENGO,4104.0,Rengo (comunal),Comunal,-34.40518,-70.86324,2000s,Pre-PLADECO
20157559,INSTALACION RED DE AGUA POTABLE DE CAMARICO,2000,PROYECTO,Recursos Hídricos,AGUA POTABLE,FNDR,FI,38300.0,PERFIL,INSTITUCIONES DE LA COMUNIDAD - GOBIERNO REGIONAL - REGION VI LIBERT. BERNARDO O,MUNICIPALIDAD DE RENGO,38300.0,Rengo (comunal),Comunal,-34.40518,-70.86324,2000s,Pre-PLADECO
20157584,INSTALACION RED DE ALCANTARILLADO CALLE CARTA PROPIA,2000,PROYECTO,Recursos Hídricos,EVACUACION DISPOSICION FINAL AGUAS SERVIDAS,FNDR,OT,6500.0,PERFIL,INSTITUCIONES DE LA COMUNIDAD - GOBIERNO REGIONAL - REGION VI LIBERT. BERNARDO O,MUNICIPALIDAD DE RENGO,6500.0,Rengo (comunal),Comunal,-34.40518,-70.86324,2000s,Pre-PLADECO
20157587,CONSTRUCCION MULTICANCHAS COMPLEMENTARIAS GIMNASIO MUNICIP. DE RENGO,2000,PROYECTO,Deporte,DEPORTE RECREATIVO,FNDR,OT,41145.0,PERFIL,MUNICIPALIDAD DE RENGO - GOBIERNO REGIONAL - REGION VI LIBERT. BERNARDO O.,MUNICIPALIDAD DE RENGO,41145.0,Rengo (comunal),Comunal,-34.40518,-70.86324,2000s,Pre-PLADECO
20157590,CONSTRUCCION PAVIMENTACION CALLE CHORRILLOS RENGO,2000,PROYECTO,Transporte y Vialidad,"TRANSPORTE URBANO,VIALIDAD PEATONAL",FNDR,OT,44514.0,PERFIL,MUNICIPALIDAD DE RENGO - GOBIERNO REGIONAL - REGION VI LIBERT. BERNARDO O.,MUNICIPALIDAD DE RENGO,44514.0,Rengo (comunal),Comunal,-34.40518,-70.86324,2000s,Pre-PLADECO
20157826,CONSTRUCCION PAVIMENTACION CALLE SAN MARTIN NORTE - RENGO,2000,PROYECTO,Transporte y Vialidad,"TRANSPORTE URBANO,VIALIDAD PEATONAL",FNDR,OT,142300.0,PERFIL,MUNICIPALIDAD DE RENGO - GOBIERNO REGIONAL - REGION VI LIBERT. BERNARDO O.,MUNICIPALIDAD DE RENGO,142300.0,Rengo (comunal),Comunal,-34.40518,-70.86324,2000s,Pre-PLADECO
20157842,CONSTRUCCION PAVIMENTACION CALLE GUANGUALI SUR - RENGO,2000,PROYECTO,Transporte y Vialidad,"TRANSPORTE URBANO,VIALIDAD PEATONAL",FNDR,OT,30150.0,PERFIL,MUNICIPALIDAD DE RENGO - GOBIERNO REGIONAL - REGION VI LIBERT. BERNARDO O.,MUNICIPALIDAD DE RENGO,30150.0,Rengo (comunal),Comunal,-34.40518,-70.86324,2000s,Pre-PLADECO
20157845,CONSTRUCCION PAVIMENTACION CALLE LA ARAUCANA - RENGO,2000,PROYECTO,Transporte y Vialidad,"TRANSPORTE URBANO,VIALIDAD PEATONAL",FNDR,FI,6030.0,PERFIL,MUNICIPALIDAD DE RENGO - GOBIERNO REGIONAL - REGION VI LIBERT. BERNARDO O.,MUNICIPALIDAD DE RENGO,6030.0,Rengo (comunal),Comunal,-34.40518,-70.86324,2000s,Pre-PLADECO
20157846,EQUIPAMIENTO SEGUNDO BOX DENTAL EN CENTRO DE SALUD DE ROSARIO,2000,PROYECTO,Salud,BAJA COMPLEJIDAD,FNDR,OT,7000.0,PERFIL,MUNICIPALIDAD DE RENGO - GOBIERNO REGIONAL - REGION VI LIBERT. BERNARDO O.,MUNICIPALIDAD DE RENGO,7000.0,Rosario,Rural,-34.34788,-70.84245,2000s,Pre-PLADECO
20157998,CONSTRUCCION CICLOVIA RUTA H-511 SECTOR RENGO-ROSARIO,2000,PROYECTO,Transporte y Vialidad,"TRANSPORTE URBANO,VIALIDAD PEATONAL",Sectorial,FI,113821.0,PERFIL,DIRECCION DE VIALIDAD - GOBIERNO REGIONAL - REGION VI LIBERT. BERNARDO O.,MUNICIPALIDAD DE RENGO,113821.0,Rosario,Rural,-34.34788,-70.84245,2000s,Pre-PLADECO
20158024,CONSTRUCCION VEREDAS SECTOR LA ISLA,2000,PROYECTO,Transporte y Vialidad,"TRANSPORTE URBANO,VIALIDAD PEATONAL",FNDR,OT,15000.0,PERFIL,MUNICIPALIDAD DE RENGO - GOBIERNO REGIONAL - REGION VI LIBERT. BERNARDO O.,MUNICIPALIDAD DE RENGO,15000.0,Rengo (comunal),Comunal,-34.40518,-70.86324,2000s,Pre-PLADECO
20160081,HABILITACION Y EQUIPAMIENTO DEL INTERNADO HOGAR DEL EST.RENGUINO,2000,PROYECTO,Educación y Cultura,EDUCACION BASICA Y MEDIA,FNDR,OT,80000.0,PERFIL,MUNICIPALIDAD DE RENGO - GOBIERNO REGIONAL - REGION VI LIBERT. BERNARDO O.,MUNICIPALIDAD DE RENGO,80000.0,Rengo (comunal),Comunal,-34.40518,-70.86324,2000s,Pre-PLADECO
20160092,CONSTRUCCION RED ALCANTARILLADO LA ISLA,2000,PROYECTO,Recursos Hídricos,EVACUACION DISPOSICION FINAL AGUAS SERVIDAS,FNDR,OT,69000.0,PERFIL,MUNICIPALIDAD DE RENGO - GOBIERNO REGIONAL - REGION VI LIBERT. BERNARDO O.,MUNICIPALIDAD DE RENGO,69000.0,Rengo (comunal),Comunal,-34.40518,-70.86324,2000s,Pre-PLADECO
20160094,CONSTRUCCION COMPLEJO DEPORTIVO PARQUE CRIOLLO,2000,PROYECTO,Deporte,DEPORTE RECREATIVO,FNDR,OT,1081410.0,PERFIL,MUNICIPALIDAD DE RENGO - INSTITUTO NACIONAL DE DEPORTES - GOBIERNO REGIONAL - RE,MUNICIPALIDAD DE RENGO,1081410.0,Rengo (comunal),Comunal,-34.40518,-70.86324,2000s,Pre-PLADECO
20160096,CONSTRUCCION ILUMINACION Y GRADERIAS COMPLEJO DEPORTIVO ROSARIO,2000,PROYECTO,Deporte,DEPORTE COMPETITIVO,FNDR,OT,36038.0,PERFIL,MUNICIPALIDAD DE RENGO - GOBIERNO REGIONAL - REGION VI LIBERT. BERNARDO O.,MUNICIPALIDAD DE RENGO,36038.0,Rosario,Rural,-34.34788,-70.84245,2000s,Pre-PLADECO
20161188,CONSTRUCCION EMBALSE PARA RIEGO RIO CLARO RENGO 1ª SECCION,2000,PROYECTO,Medioambiente,RIEGO,Sectorial,OT,184574.0,PERFIL,DIRECCION DE OBRAS HIDRAULICAS,DIRECCION DE OBRAS HIDRAULICAS MOP VI REGION,184574.0,Rengo (comunal),Comunal,-34.40518,-70.86324,2000s,Pre-PLADECO
20161590,AMPLIACION ESCUELA HUILQUIO DE RENGO,2000,PROYECTO,Educación y Cultura,EDUCACION BASICA Y MEDIA,FNDR,RS,64228.0,EJECUCION,GOBIERNO REGIONAL - REGION VI LIBERT. BERNARDO O.,MUNICIPALIDAD DE RENGO,64228.0,Rengo (comunal),Comunal,-34.40518,-70.86324,2000s,Pre-PLADECO
20162119,MEJORAMIENTO ESDATIO C.D. UNION LAS VI±AS DE RENGO,2000,PROYECTO,Deporte,DEPORTE COMPETITIVO,DIGEDER,OT,27000.0,PERFIL,INSTITUTO NACIONAL DE DEPORTES,DIRECCIÓN DE DEPORTES Y RECREACIÓN VI REGION,27000.0,Rengo (comunal),Comunal,-34.40518,-70.86324,2000s,Pre-PLADECO
20163170,MEJORAMIENTO SERVICIO APR HUILQUIO CERRILLOS,2000,PROYECTO,Recursos Hídricos,AGUA POTABLE,Sectorial,RS,11000.0,EJECUCION,DIRECCION DE PLANEAMIENTO,DIRECCION DE OBRAS HIDRAULICAS MOP VI REGION,15000.0,Rengo (comunal),Comunal,-34.40518,-70.86324,2000s,Pre-PLADECO
20165167,CONSTRUCCION CASETAS SANITARIAS RINCON DE ROSARIO,2000,PROYECTO,Vivienda y Urbanismo,SOLUCION HABITACIONAL PARCIAL O COMPLEMENTARIA,Sectorial,FI,159500.0,PERFIL,MUNICIPALIDAD DE RENGO - SUBSECRETARIA DESARROLLO REGIONAL Y ADMINISTRATIVO,MUNICIPALIDAD DE RENGO,159500.0,Rosario,Rural,-34.34788,-70.84245,2000s,Pre-PLADECO
20077736,CONSTRUCCION CALLE BISQUERT SECTOR POBL EL NARANJAL,2001,PROYECTO,Transporte y Vialidad,"TRANSPORTE URBANO,VIALIDAD PEATONAL",Sectorial,FI,67447.0,PERFIL,SERVICIO VIVIENDA Y URBANIZACION VI REGION,SEREMI VIVIENDA VI REGION,67447.0,Rengo (comunal),Comunal,-34.40518,-70.86324,2000s,Pre-PLADECO
20083404,EQUIPAMIENTO PARQUE MUNICIPAL DE RENGO,2001,PROYECTO,Multisectorial,DESARROLLO URBANO,Sectorial,OT,325000.0,PERFIL,SUBSECRETARIA VIVIENDA Y URBANISMO,SEREMI VIVIENDA VI REGION,325000.0,Rengo (comunal),Comunal,-34.40518,-70.86324,2000s,Pre-PLADECO
20107943,HABILITACION CINE TEATRO MUNICIPAL DE RENGO,2001,PROYECTO,Educación y Cultura,ARTE Y CULTURA,FNDR,RS,30557.0,OPERACION,GOBIERNO REGIONAL - REGION VI LIBERT. BERNARDO O.,MUNICIPALIDAD DE RENGO,333811.0,Rengo (comunal),Comunal,-34.40518,-70.86324,2000s,Pre-PLADECO
20109892,MEJORAMIENTO EVACUACION AGUAS LLUVIAS RENGO,2001,PROYECTO,Recursos Hídricos,EVACUACION DISPOSICION FINAL AGUAS SERVIDAS,Sectorial,OT,40000.0,PERFIL,SERVICIO VIVIENDA Y URBANIZACION VI REGION,SEREMI VIVIENDA VI REGION,40000.0,Rengo (comunal),Comunal,-34.40518,-70.86324,2000s,Pre-PLADECO
20110712,CONSTRUCCION CASETAS SANITARIAS SECTOR ESMERALDA,2001,PROYECTO,Vivienda y Urbanismo,SOLUCION HABITACIONAL PARCIAL O COMPLEMENTARIA,Sectorial,OT,22000.0,PREFACTIBILIDAD,SUBSECRETARIA DESARROLLO REGIONAL Y ADMINISTRATIVO,MUNICIPALIDAD DE RENGO,22000.0,Esmeralda,Rural,-34.34281,-70.9049,2000s,Pre-PLADECO
20122161,CONSTRUCCION PAVIM. CALLE LAUTARO NORTE-RENGO,2001,PROYECTO,Transporte y Vialidad,"TRANSPORTE URBANO,VIALIDAD PEATONAL",Sectorial,OT,124493.0,PERFIL,SERVICIO VIVIENDA Y URBANIZACION VI REGION,SEREMI VIVIENDA VI REGION,124493.0,Rengo (comunal),Comunal,-34.40518,-70.86324,2000s,Pre-PLADECO
20122162,CONSTRUCCION PAVIM. CALLE LAS MERCEDES-RENGO,2001,PROYECTO,Transporte y Vialidad,"TRANSPORTE URBANO,VIALIDAD PEATONAL",Sectorial,RS,55950.0,EJECUCION,SERVICIO VIVIENDA Y URBANIZACION VI REGION,SEREMI VIVIENDA VI REGION,55950.0,Rengo (comunal),Comunal,-34.40518,-70.86324,2000s,Pre-PLADECO
20122165,CONSTRUCCION PAVIM. CALLE LOS ESCRIBANOS-RENGO,2001,PROYECTO,Transporte y Vialidad,"TRANSPORTE URBANO,VIALIDAD PEATONAL",Sectorial,RS,138550.0,PERFIL,SERVICIO VIVIENDA Y URBANIZACION VI REGION,SEREMI VIVIENDA VI REGION,138550.0,Rengo (comunal),Comunal,-34.40518,-70.86324,2000s,Pre-PLADECO
20122211,CONSTRUCCION PAVIM. CALLE CAUPOLICAN II ETAPA-RENGO,2001,PROYECTO,Transporte y Vialidad,"TRANSPORTE URBANO,VIALIDAD PEATONAL",Sectorial,RS,23971.0,EJECUCION,SERVICIO VIVIENDA Y URBANIZACION VI REGION,SEREMI VIVIENDA VI REGION,33370.0,Rengo (comunal),Comunal,-34.40518,-70.86324,2000s,Pre-PLADECO
20125241,AMPLIACION ESCUELA LUIS GALDAMEZ RENGO,2001,PROYECTO,Educación y Cultura,EDUCACION BASICA Y MEDIA,Sectorial,RS,525147.0,DISEÑO,MUNICIPALIDAD DE RENGO - GOBIERNO REGIONAL - REGION VI LIBERT. BERNARDO O. - SUB,MUNICIPALIDAD DE RENGO,525147.0,Rengo (comunal),Comunal,-34.40518,-70.86324,2000s,Pre-PLADECO
20126166,REPOSICION POSTA SALUD RURAL LO DE LOBOS,2001,PROYECTO,Salud,BAJA COMPLEJIDAD,FNDR,RS,66847.0,EJECUCION,GOBIERNO REGIONAL - REGION VI LIBERT. BERNARDO O.,MUNICIPALIDAD DE RENGO,66847.0,Lo De Lobo,Rural,-34.37523,-70.82941,2000s,Pre-PLADECO
20127025,ADQUISICION VEHICULO TERRENO CONSULTORIO DE ROSARIO RENGO,2001,PROYECTO,Salud,BAJA COMPLEJIDAD,FNDR,OT,9200.0,EJECUCION,GOBIERNO REGIONAL - REGION VI LIBERT. BERNARDO O.,MUNICIPALIDAD DE RENGO,9200.0,Rosario,Rural,-34.34788,-70.84245,2000s,Pre-PLADECO
20127083,MEJORAMIENTO SERVICIO DE APR CHOAPINOS,2001,PROYECTO,Recursos Hídricos,AGUA POTABLE,Sectorial,RS,3910.0,EJECUCION,DIRECCION DE PLANEAMIENTO,DIRECCION PLANEAMIENTO MOP VI REGION,94722.0,Rengo (comunal),Comunal,-34.40518,-70.86324,2000s,Pre-PLADECO
20127756,REPARACION Y EQUIPAMIENTO PRIMER JUZGADO DE LETRAS DE RENGO,2001,PROYECTO,Justicia y Seguridad,ADMINISTRACION DE JUSTICIA,Sectorial,RS,9440.0,EJECUCION,CORPORACION ADMINISTRATIVA DEL PODER JUDICIAL,CORPORACION ADMINISTRATIVA DEL PODER JUDICIAL,13728.0,Rengo (comunal),Comunal,-34.40518,-70.86324,2000s,Pre-PLADECO
20142568,CONSTRUCCION PAVIM. AVDA. LAS DELICIAS - ROSARIO,2001,PROYECTO,Transporte y Vialidad,"TRANSPORTE URBANO,VIALIDAD PEATONAL",Sectorial,OT,256938.0,PERFIL,SERVICIO VIVIENDA Y URBANIZACION VI REGION,SEREMI VIVIENDA VI REGION,256938.0,Rosario,Rural,-34.34788,-70.84245,2000s,Pre-PLADECO
20142889,CONSTRUCCION CASA DE LA CULTURA RENGO TERCERA ETAPA,2001,PROYECTO,Educación y Cultura,ARTE Y CULTURA,FNDR,OT,126242.0,PERFIL,GOBIERNO REGIONAL - REGION VI LIBERT. BERNARDO O.,MUNICIPALIDAD DE RENGO,126242.0,Rengo (comunal),Comunal,-34.40518,-70.86324,2000s,Pre-PLADECO
20142944,CONSTRUCCION CENTRO EDUCACION INTEGRADA DE ADULTOS,2001,PROYECTO,Educación y Cultura,EDUCACION PARA ADULTOS,FNDR,FI,308629.0,PERFIL,GOBIERNO REGIONAL - REGION VI LIBERT. BERNARDO O.,MUNICIPALIDAD DE RENGO,308629.0,Rengo (comunal),Comunal,-34.40518,-70.86324,2000s,Pre-PLADECO
20142944,CONSTRUCCION CENTRO EDUCACION INTEGRADA DE ADULTOS,2001,PROYECTO,Educación y Cultura,EDUCACION PARA ADULTOS,FNDR,FI,4200.0,PERFIL,GOBIERNO REGIONAL - REGION VI LIBERT. BERNARDO O.,MUNICIPALIDAD DE RENGO,4200.0,Rengo (comunal),Comunal,-34.40518,-70.86324,2000s,Pre-PLADECO
20145134,CONSTRUCCION CASETAS SANITARIAS ROSARIO CENTRO Y RENGO URBANO,2001,PROYECTO,Vivienda y Urbanismo,SOLUCION HABITACIONAL PARCIAL O COMPLEMENTARIA,Sectorial,OT,312840.0,PERFIL,SUBSECRETARIA DESARROLLO REGIONAL Y ADMINISTRATIVO,MUNICIPALIDAD DE RENGO,312840.0,Rosario Centro,Urbano,-34.34788,-70.84245,2000s,Pre-PLADECO
20145189,CONSTRUCCION SALON MULTIUSO CARCEL DE RENGO,2001,PROYECTO,Justicia y Seguridad,ADMINISTRACION DE JUSTICIA,FNDR,OT,72166.0,PERFIL,GOBIERNO REGIONAL - REGION VI LIBERT. BERNARDO O.,GENDARMERIA VI REGION LIB.GRAL. BERNARDO O'HIGGINS,72166.0,Rengo (comunal),Comunal,-34.40518,-70.86324,2000s,Pre-PLADECO
20145235,CONSTRUCCION PARQUE PISCINA DE RENGO,2001,PROYECTO,Multisectorial,DESARROLLO URBANO,FNDR,OT,375816.0,PERFIL,MUNICIPALIDAD DE RENGO - GOBIERNO REGIONAL - REGION VI LIBERT. BERNARDO O.,MUNICIPALIDAD DE RENGO,375816.0,Rengo (comunal),Comunal,-34.40518,-70.86324,2000s,Pre-PLADECO
20146715,CONSTRUCCION CUARTEL TERCERA COMPAÑIA DE BOMBEROS ROSARIO - RENGO,2001,PROYECTO,Seguridad Pública,SEGURIDAD PÃšBLICA,FNDR,RS,88453.0,EJECUCION,GOBIERNO REGIONAL - REGION VI LIBERT. BERNARDO O.,MUNICIPALIDAD DE RENGO,88453.0,Rosario,Rural,-34.34788,-70.84245,2000s,Pre-PLADECO
20152499,AMPLIACION ESCUELA REPUBLICA DE ALEMANIA PARA JEC,2001,PROYECTO,Educación y Cultura,EDUCACION BASICA Y MEDIA,Sectorial,FI,135107.0,PERFIL,SUBSECRETARIA DE EDUCACION,MUNICIPALIDAD DE RENGO,135107.0,Rengo (comunal),Comunal,-34.40518,-70.86324,2000s,Pre-PLADECO
20152506,AMPLIACION ESCUELA VICENTE HUIDOBRO G 195,2001,PROYECTO,Educación y Cultura,EDUCACION BASICA Y MEDIA,Sectorial,FI,96440.0,PERFIL,SUBSECRETARIA DE EDUCACION,MUNICIPALIDAD DE RENGO,96440.0,Rengo (comunal),Comunal,-34.40518,-70.86324,2000s,Pre-PLADECO
20152511,AMPLIACION ESCUELA LA PAZ D 186 DE RENGO,2001,PROYECTO,Educación y Cultura,EDUCACION BASICA Y MEDIA,Sectorial,FI,54797.0,PERFIL,SUBSECRETARIA DE EDUCACION,MUNICIPALIDAD DE RENGO,54797.0,Rengo (comunal),Comunal,-34.40518,-70.86324,2000s,Pre-PLADECO
20152628,MEJORAMIENTO ESCUELA CARLOS CONDELLE 210 DE RENGO,2001,PROYECTO,Educación y Cultura,EDUCACION BASICA Y MEDIA,Sectorial,FI,30137.0,PERFIL,SUBSECRETARIA DE EDUCACION,MUNICIPALIDAD DE RENGO,30137.0,Rengo (comunal),Comunal,-34.40518,-70.86324,2000s,Pre-PLADECO
20152631,CONSTRUCCION ESCUELA EL NARANJAL,2001,PROYECTO,Educación y Cultura,EDUCACION BASICA Y MEDIA,Sectorial,RS,19000.0,EJECUCION,SUBSECRETARIA DE EDUCACION,MUNICIPALIDAD DE RENGO,19000.0,Rengo (comunal),Comunal,-34.40518,-70.86324,2000s,Pre-PLADECO
20152631,CONSTRUCCION ESCUELA EL NARANJAL,2001,PROYECTO,Educación y Cultura,EDUCACION BASICA Y MEDIA,Sectorial,FI,629554.0,EJECUCION,MUNICIPALIDAD DE RENGO - SUBSECRETARIA DESARROLLO REGIONAL Y ADMINISTRATIVO - GO,MUNICIPALIDAD DE RENGO,629554.0,Rengo (comunal),Comunal,-34.40518,-70.86324,2000s,Pre-PLADECO
20152650,CONSTRUCCION ESCUELA PARQUE ORIENTE,2001,PROYECTO,Educación y Cultura,EDUCACION BASICA Y MEDIA,Sectorial,RS,22000.0,EJECUCION,SUBSECRETARIA DE EDUCACION,MUNICIPALIDAD DE RENGO,22000.0,Rengo (comunal),Comunal,-34.40518,-70.86324,2000s,Pre-PLADECO
20152650,CONSTRUCCION ESCUELA PARQUE ORIENTE,2001,PROYECTO,Educación y Cultura,EDUCACION BASICA Y MEDIA,Sectorial,RS,706555.0,EJECUCION,MUNICIPALIDAD DE RENGO - GOBIERNO REGIONAL - REGION VI LIBERT. BERNARDO O. - SUB,MUNICIPALIDAD DE RENGO,706555.0,Rengo (comunal),Comunal,-34.40518,-70.86324,2000s,Pre-PLADECO
20157401,CONSTRUCCION ALUMBRADO PUBLICO LA CHIMBA POPETA,2001,PROYECTO,Energía,ALUMBRADO PUBLICO,FNDR,RS,11697.0,EJECUCION,GOBIERNO REGIONAL - REGION VI LIBERT. BERNARDO O.,MUNICIPALIDAD DE RENGO,11697.0,La Chimba,Rural,-34.40804,-70.81718,2000s,Pre-PLADECO
20157404,CONSTRUCCION ALUMBRADO PUBLICO CALLE MICHIMALONGO A CHORRILLOS,2001,PROYECTO,Energía,ALUMBRADO PUBLICO,FNDR,RS,4210.0,EJECUCION,GOBIERNO REGIONAL - REGION VI LIBERT. BERNARDO O.,MUNICIPALIDAD DE RENGO,4210.0,Rengo (comunal),Comunal,-34.40518,-70.86324,2000s,Pre-PLADECO
20157584,INSTALACION RED DE ALCANTARILLADO CALLE CARTA PROPIA,2001,PROYECTO,Recursos Hídricos,EVACUACION DISPOSICION FINAL AGUAS SERVIDAS,FNDR,OT,6000.0,PERFIL,GOBIERNO REGIONAL - REGION VI LIBERT. BERNARDO O.,MUNICIPALIDAD DE RENGO,6000.0,Rengo (comunal),Comunal,-34.40518,-70.86324,2000s,Pre-PLADECO
20157826,CONSTRUCCION PAVIMENTACION CALLE SAN MARTIN NORTE - RENGO,2001,PROYECTO,Transporte y Vialidad,"TRANSPORTE URBANO,VIALIDAD PEATONAL",FNDR,OT,142300.0,PERFIL,MUNICIPALIDAD DE RENGO - GOBIERNO REGIONAL - REGION VI LIBERT. BERNARDO O.,MUNICIPALIDAD DE RENGO,142300.0,Rengo (comunal),Comunal,-34.40518,-70.86324,2000s,Pre-PLADECO
20157845,CONSTRUCCION PAVIMENTACION CALLE LA ARAUCANA - RENGO,2001,PROYECTO,Transporte y Vialidad,"TRANSPORTE URBANO,VIALIDAD PEATONAL",FNDR,FI,6030.0,PERFIL,MUNICIPALIDAD DE RENGO - GOBIERNO REGIONAL - REGION VI LIBERT. BERNARDO O.,MUNICIPALIDAD DE RENGO,6030.0,Rengo (comunal),Comunal,-34.40518,-70.86324,2000s,Pre-PLADECO
20160094,CONSTRUCCION COMPLEJO DEPORTIVO PARQUE CRIOLLO,2001,PROYECTO,Deporte,DEPORTE RECREATIVO,FNDR,OT,530705.0,PERFIL,MUNICIPALIDAD DE RENGO - GOBIERNO REGIONAL - REGION VI LIBERT. BERNARDO O.,MUNICIPALIDAD DE RENGO,530705.0,Rengo (comunal),Comunal,-34.40518,-70.86324,2000s,Pre-PLADECO
20161188,CONSTRUCCION EMBALSE PARA RIEGO RIO CLARO RENGO 1ª SECCION,2001,PROYECTO,Medioambiente,RIEGO,Sectorial,OT,200000.0,PERFIL,DIRECCION DE OBRAS HIDRAULICAS,DIRECCION DE OBRAS HIDRAULICAS MOP VI REGION,200000.0,Rengo (comunal),Comunal,-34.40518,-70.86324,2000s,Pre-PLADECO
20161590,AMPLIACION ESCUELA HUILQUIO DE RENGO,2001,PROYECTO,Educación y Cultura,EDUCACION BASICA Y MEDIA,FNDR,RS,65886.0,EJECUCION,GOBIERNO REGIONAL - REGION VI LIBERT. BERNARDO O.,MUNICIPALIDAD DE RENGO,65886.0,Rengo (comunal),Comunal,-34.40518,-70.86324,2000s,Pre-PLADECO
20163169,"MEJORAMIENTO Y AMPLIACIÓN SISTEMA A.P.R. LO CARTAGENA, RENGO",2001,PROYECTO,Recursos Hídricos,AGUA POTABLE,Sectorial,OT,20000.0,EJECUCION,DIRECCION DE PLANEAMIENTO,DIRECCION DE OBRAS HIDRAULICAS MOP VI REGION,20000.0,Lo Cartagena,Rural,-34.39026,-70.8737,2000s,Pre-PLADECO
20163170,MEJORAMIENTO SERVICIO APR HUILQUIO CERRILLOS,2001,PROYECTO,Recursos Hídricos,AGUA POTABLE,Sectorial,OT,97520.0,EJECUCION,DIRECCION DE PLANEAMIENTO,DIRECCION DE OBRAS HIDRAULICAS MOP VI REGION,97520.0,Rengo (comunal),Comunal,-34.40518,-70.86324,2000s,Pre-PLADECO
20163170,MEJORAMIENTO SERVICIO APR HUILQUIO CERRILLOS,2001,PROYECTO,Recursos Hídricos,AGUA POTABLE,Sectorial,RS,4092.0,EJECUCION,DIRECCION DE PLANEAMIENTO,DIRECCION DE OBRAS HIDRAULICAS MOP VI REGION,12705.0,Rengo (comunal),Comunal,-34.40518,-70.86324,2000s,Pre-PLADECO
20165167,CONSTRUCCION CASETAS SANITARIAS RINCON DE ROSARIO,2001,PROYECTO,Vivienda y Urbanismo,SOLUCION HABITACIONAL PARCIAL O COMPLEMENTARIA,Sectorial,OT,159500.0,PERFIL,MUNICIPALIDAD DE RENGO - SUBSECRETARIA DESARROLLO REGIONAL Y ADMINISTRATIVO,MUNICIPALIDAD DE RENGO,159500.0,Rosario,Rural,-34.34788,-70.84245,2000s,Pre-PLADECO
20166055,DIAGNOSTICO DE LA OFERT. Y DEM.LABORAL DEL LICEO INDUSTRIAL C-15,2001,ESTUDIO BASICO,Turismo y Comercio,INTERSUBSECTORIAL COMERCIO Y TURISMO,FNDR,RS,8000.0,PERFIL,MUNICIPALIDAD DE RENGO - GOBIERNO REGIONAL - REGION VI LIBERT. BERNARDO O.,MUNICIPALIDAD DE RENGO,8000.0,Rengo (comunal),Comunal,-34.40518,-70.86324,2000s,Pre-PLADECO
20166848,CONSTRUCCION PAVIM. CALLE MANUEL FRANCISCO CORREA - ROSARIO,2001,PROYECTO,Transporte y Vialidad,"TRANSPORTE URBANO,VIALIDAD PEATONAL",Sectorial,OT,60000.0,PERFIL,SERVICIO VIVIENDA Y URBANIZACION VI REGION,SEREMI VIVIENDA VI REGION,60000.0,Rosario,Rural,-34.34788,-70.84245,2000s,Pre-PLADECO
20166849,CONSTRUCCION PAVIM. CALLE BUQUES Y MADERAS - ROSARIO,2001,PROYECTO,Transporte y Vialidad,"TRANSPORTE URBANO,VIALIDAD PEATONAL",Sectorial,OT,60000.0,PERFIL,SERVICIO VIVIENDA Y URBANIZACION VI REGION,SEREMI VIVIENDA VI REGION,60000.0,Rosario,Rural,-34.34788,-70.84245,2000s,Pre-PLADECO
20168036,MEJORAMIENTO EJE VIAL AVDA. RIQUELME - RENGO,2001,PROYECTO,Transporte y Vialidad,"TRANSPORTE URBANO,VIALIDAD PEATONAL",Sectorial,RS,104100.0,PERFIL,SERVICIO VIVIENDA Y URBANIZACION VI REGION,SEREMI VIVIENDA VI REGION,104100.0,Rengo (comunal),Comunal,-34.40518,-70.86324,2000s,Pre-PLADECO
20169524,CAPACITACION ORGANIZACIÓN REGANTES 1ª SECCION RIO CLARO DE RENGO,2001,PROGRAMA,Medioambiente,RIEGO,Sectorial,RS,60000.0,PERFIL,DIRECCION DE OBRAS HIDRAULICAS,DIRECCION DE OBRAS HIDRAULICAS MOP VI REGION,160000.0,Rengo (comunal),Comunal,-34.40518,-70.86324,2000s,Pre-PLADECO
20169651,AMPLIACION PARA LA JEC COLEGIO MANUEL FCO.CORREA,2001,PROYECTO,Educación y Cultura,EDUCACION BASICA Y MEDIA,Sectorial,RS,306366.0,EJECUCION,MUNICIPALIDAD DE RENGO - GOBIERNO REGIONAL - REGION VI LIBERT. BERNARDO O. - SUB,MUNICIPALIDAD DE RENGO,306366.0,Rengo (comunal),Comunal,-34.40518,-70.86324,2000s,Pre-PLADECO
20169684,CONSTRUCCION PATINODROMO 2° ETAPA,2001,PROYECTO,Deporte,DEPORTE RECREATIVO,Municipal,RS,2100.0,EJECUCION,MUNICIPALIDAD DE RENGO,MUNICIPALIDAD DE RENGO,2100.0,Rengo (comunal),Comunal,-34.40518,-70.86324,2000s,Pre-PLADECO
20169719,CONSTRUCCION CAMARINES Y MULTICANCHA ESTADIO DE ROSARIO,2001,PROYECTO,Deporte,INTERSUBSECTORIAL DEPORTES Y RECREACION,Municipal,OT,3900.0,PERFIL,MUNICIPALIDAD DE RENGO,MUNICIPALIDAD DE RENGO,3900.0,Rosario,Rural,-34.34788,-70.84245,2000s,Pre-PLADECO
20171414,LEVANTAMIENTO CALLE BALMACEDA HASTA EL CHAPETON,2001,ESTUDIO BASICO,Transporte y Vialidad,"TRANSPORTE URBANO,VIALIDAD PEATONAL",FNDR,OT,94100.0,PERFIL,MUNICIPALIDAD DE RENGO - GOBIERNO REGIONAL - REGION VI LIBERT. BERNARDO O.,MUNICIPALIDAD DE RENGO,94100.0,Rengo (comunal),Comunal,-34.40518,-70.86324,2000s,Pre-PLADECO
20173059,CONSTRUCCION TECHUMBRE GIMNASIO MULTIUSO,2001,PROYECTO,Deporte,DEPORTE COMPETITIVO,Municipal,,1100.0,PERFIL,MUNICIPALIDAD DE RENGO,MUNICIPALIDAD DE RENGO,1100.0,Rengo (comunal),Comunal,-34.40518,-70.86324,2000s,Pre-PLADECO
20174242,MANEJO RECAUDACION DERECHOS DE ASEO DE LA COMUNA DE RENGO,2001,PROGRAMA,Multisectorial,ORGANIZACION Y SERVICIOS COMUNALES,Municipal,RS,20000.0,PERFIL,MUNICIPALIDAD DE RENGO,MUNICIPALIDAD DE RENGO,20000.0,Rengo (comunal),Comunal,-34.40518,-70.86324,2000s,Pre-PLADECO
20174243,REPOSICION DEFENSAS FLUVIALES RIO CLARO COMUNA DE RENGO,2001,PROYECTO,Multisectorial,"DEFENSAS FLUVIALES,MARITIMAS Y CAUCES NATURALES",Municipal,,20000.0,PERFIL,MUNICIPALIDAD DE RENGO,MUNICIPALIDAD DE RENGO,20000.0,Rengo (comunal),Comunal,-34.40518,-70.86324,2000s,Pre-PLADECO
20176287,CONSTRUCCION CONSULTORIO GENERAL RENGO,2001,PROYECTO,Salud,BAJA COMPLEJIDAD,FNDR,RS,2584.0,PREFACTIBILIDAD,GOBIERNO REGIONAL - REGION VI LIBERT. BERNARDO O.,SERVICIO SALUD OHIGGINS,2584.0,Rengo (comunal),Comunal,-34.40518,-70.86324,2000s,Pre-PLADECO
20185458,CONSTRUCCION DE TRIBUNALES PARA LA REFORMA JUDICIAL EN RENGO,2001,PROYECTO,Justicia y Seguridad,ADMINISTRACION DE JUSTICIA,Sectorial,FI,47174.0,EJECUCION,CORPORACION ADMINISTRATIVA DEL PODER JUDICIAL,CORPORACION ADMINISTRATIVA DEL PODER JUDICIAL,62090.0,Rengo (comunal),Comunal,-34.40518,-70.86324,2000s,Pre-PLADECO
20077736,CONSTRUCCION CALLE BISQUERT SECTOR POBL EL NARANJAL,2002,PROYECTO,Transporte y Vialidad,"TRANSPORTE URBANO,VIALIDAD PEATONAL",Sectorial,FI,70594.0,PERFIL,SERVICIO VIVIENDA Y URBANIZACION VI REGION,SEREMI VIVIENDA VI REGION,70594.0,Rengo (comunal),Comunal,-34.40518,-70.86324,2000s,Pre-PLADECO
20109892,MEJORAMIENTO EVACUACION AGUAS LLUVIAS RENGO,2002,PROYECTO,Recursos Hídricos,EVACUACION DISPOSICION FINAL AGUAS SERVIDAS,Sectorial,OT,45000.0,PERFIL,SERVICIO VIVIENDA Y URBANIZACION VI REGION,SEREMI VIVIENDA VI REGION,45000.0,Rengo (comunal),Comunal,-34.40518,-70.86324,2000s,Pre-PLADECO
20122161,CONSTRUCCION PAVIM. CALLE LAUTARO NORTE-RENGO,2002,PROYECTO,Transporte y Vialidad,"TRANSPORTE URBANO,VIALIDAD PEATONAL",Sectorial,OT,130301.0,PERFIL,SERVICIO VIVIENDA Y URBANIZACION VI REGION,SEREMI VIVIENDA VI REGION,130301.0,Rengo (comunal),Comunal,-34.40518,-70.86324,2000s,Pre-PLADECO
20122162,CONSTRUCCION PAVIM. CALLE LAS MERCEDES-RENGO,2002,PROYECTO,Transporte y Vialidad,"TRANSPORTE URBANO,VIALIDAD PEATONAL",Sectorial,RS,58560.0,EJECUCION,SERVICIO VIVIENDA Y URBANIZACION VI REGION,SEREMI VIVIENDA VI REGION,58560.0,Rengo (comunal),Comunal,-34.40518,-70.86324,2000s,Pre-PLADECO
20122165,CONSTRUCCION PAVIM. CALLE LOS ESCRIBANOS-RENGO,2002,PROYECTO,Transporte y Vialidad,"TRANSPORTE URBANO,VIALIDAD PEATONAL",Sectorial,FI,145014.0,PERFIL,SERVICIO VIVIENDA Y URBANIZACION VI REGION,SEREMI VIVIENDA VI REGION,145014.0,Rengo (comunal),Comunal,-34.40518,-70.86324,2000s,Pre-PLADECO
20126166,REPOSICION POSTA SALUD RURAL LO DE LOBOS,2002,PROYECTO,Salud,BAJA COMPLEJIDAD,FNDR,RS,38393.0,EJECUCION,GOBIERNO REGIONAL - REGION VI LIBERT. BERNARDO O.,MUNICIPALIDAD DE RENGO,74699.0,Lo De Lobo,Rural,-34.37523,-70.82941,2000s,Pre-PLADECO
20127025,ADQUISICION VEHICULO TERRENO CONSULTORIO DE ROSARIO RENGO,2002,PROYECTO,Salud,BAJA COMPLEJIDAD,FNDR,RS,9680.0,EJECUCION,GOBIERNO REGIONAL - REGION VI LIBERT. BERNARDO O.,MUNICIPALIDAD DE RENGO,9680.0,Rosario,Rural,-34.34788,-70.84245,2000s,Pre-PLADECO
20142568,CONSTRUCCION PAVIM. AVDA. LAS DELICIAS - ROSARIO,2002,PROYECTO,Transporte y Vialidad,"TRANSPORTE URBANO,VIALIDAD PEATONAL",Sectorial,OT,268925.0,PERFIL,SERVICIO VIVIENDA Y URBANIZACION VI REGION,SEREMI VIVIENDA VI REGION,268925.0,Rosario,Rural,-34.34788,-70.84245,2000s,Pre-PLADECO
20145189,CONSTRUCCION SALON MULTIUSO CARCEL DE RENGO,2002,PROYECTO,Justicia y Seguridad,ADMINISTRACION DE JUSTICIA,FNDR,RS,76387.0,PERFIL,GOBIERNO REGIONAL - REGION VI LIBERT. BERNARDO O.,GENDARMERIA VI REGION LIB.GRAL. BERNARDO O'HIGGINS,76387.0,Rengo (comunal),Comunal,-34.40518,-70.86324,2000s,Pre-PLADECO
20145235,CONSTRUCCION PARQUE PISCINA DE RENGO,2002,PROYECTO,Multisectorial,DESARROLLO URBANO,FNDR,OT,392728.0,PERFIL,MUNICIPALIDAD DE RENGO - GOBIERNO REGIONAL - REGION VI LIBERT. BERNARDO O.,MUNICIPALIDAD DE RENGO,392728.0,Rengo (comunal),Comunal,-34.40518,-70.86324,2000s,Pre-PLADECO
20146715,CONSTRUCCION CUARTEL TERCERA COMPAÑIA DE BOMBEROS ROSARIO - RENGO,2002,PROYECTO,Seguridad Pública,SEGURIDAD PÃšBLICA,FNDR,RS,92456.0,EJECUCION,GOBIERNO REGIONAL - REGION VI LIBERT. BERNARDO O.,MUNICIPALIDAD DE RENGO,92456.0,Rosario,Rural,-34.34788,-70.84245,2000s,Pre-PLADECO
20152511,AMPLIACION ESCUELA LA PAZ D 186 DE RENGO,2002,PROYECTO,Educación y Cultura,EDUCACION BASICA Y MEDIA,Sectorial,FI,56998.0,PERFIL,SUBSECRETARIA DE EDUCACION,MUNICIPALIDAD DE RENGO,56998.0,Rengo (comunal),Comunal,-34.40518,-70.86324,2000s,Pre-PLADECO
20152631,CONSTRUCCION ESCUELA EL NARANJAL,2002,PROYECTO,Educación y Cultura,EDUCACION BASICA Y MEDIA,Sectorial,RS,680653.0,EJECUCION,MUNICIPALIDAD DE RENGO - GOBIERNO REGIONAL - REGION VI LIBERT. BERNARDO O. - SUB,MUNICIPALIDAD DE RENGO,680653.0,Rengo (comunal),Comunal,-34.40518,-70.86324,2000s,Pre-PLADECO
20152650,CONSTRUCCION ESCUELA PARQUE ORIENTE,2002,PROYECTO,Educación y Cultura,EDUCACION BASICA Y MEDIA,Sectorial,RS,738530.0,EJECUCION,MUNICIPALIDAD DE RENGO - GOBIERNO REGIONAL - REGION VI LIBERT. BERNARDO O. - SUB,MUNICIPALIDAD DE RENGO,738530.0,Rengo (comunal),Comunal,-34.40518,-70.86324,2000s,Pre-PLADECO
20157354,CONSTRUCCION ALUMBRADO PUBLICO CALLE SAN MARTIN NORTE,2002,PROYECTO,Energía,ALUMBRADO PUBLICO,FNDR,FI,5500.0,PERFIL,GOBIERNO REGIONAL - REGION VI LIBERT. BERNARDO O.,MUNICIPALIDAD DE RENGO,5500.0,Rengo (comunal),Comunal,-34.40518,-70.86324,2000s,Pre-PLADECO
20157401,CONSTRUCCION ALUMBRADO PUBLICO LA CHIMBA POPETA,2002,PROYECTO,Energía,ALUMBRADO PUBLICO,FNDR,RS,798.0,EJECUCION,GOBIERNO REGIONAL - REGION VI LIBERT. BERNARDO O.,MUNICIPALIDAD DE RENGO,7979.0,La Chimba,Rural,-34.40804,-70.81718,2000s,Pre-PLADECO
20157404,CONSTRUCCION ALUMBRADO PUBLICO CALLE MICHIMALONGO A CHORRILLOS,2002,PROYECTO,Energía,ALUMBRADO PUBLICO,FNDR,RS,306.0,EJECUCION,GOBIERNO REGIONAL - REGION VI LIBERT. BERNARDO O.,MUNICIPALIDAD DE RENGO,3061.0,Rengo (comunal),Comunal,-34.40518,-70.86324,2000s,Pre-PLADECO
20157590,CONSTRUCCION PAVIMENTACION CALLE CHORRILLOS RENGO,2002,PROYECTO,Transporte y Vialidad,"TRANSPORTE URBANO,VIALIDAD PEATONAL",FNDR,FI,50038.0,PERFIL,MUNICIPALIDAD DE RENGO - GOBIERNO REGIONAL - REGION VI LIBERT. BERNARDO O.,MUNICIPALIDAD DE RENGO,50038.0,Rengo (comunal),Comunal,-34.40518,-70.86324,2000s,Pre-PLADECO
20157826,CONSTRUCCION PAVIMENTACION CALLE SAN MARTIN NORTE - RENGO,2002,PROYECTO,Transporte y Vialidad,"TRANSPORTE URBANO,VIALIDAD PEATONAL",FNDR,FI,193367.0,PERFIL,MUNICIPALIDAD DE RENGO - GOBIERNO REGIONAL - REGION VI LIBERT. BERNARDO O.,MUNICIPALIDAD DE RENGO,193367.0,Rengo (comunal),Comunal,-34.40518,-70.86324,2000s,Pre-PLADECO
20157998,CONSTRUCCION CICLOVIA RUTA H-511 SECTOR RENGO-ROSARIO,2002,PROYECTO,Transporte y Vialidad,"TRANSPORTE URBANO,VIALIDAD PEATONAL",Sectorial,OT,118943.0,PERFIL,DIRECCION DE VIALIDAD - GOBIERNO REGIONAL - REGION VI LIBERT. BERNARDO O.,MUNICIPALIDAD DE RENGO,118943.0,Rosario,Rural,-34.34788,-70.84245,2000s,Pre-PLADECO
20160094,CONSTRUCCION COMPLEJO DEPORTIVO PARQUE CRIOLLO,2002,PROYECTO,Deporte,DEPORTE RECREATIVO,Sectorial,OT,1205000.0,PERFIL,INSTITUTO NACIONAL DE DEPORTES DE CHILE - GOBIERNO REGIONAL - REGION VI LIBERT. ,MUNICIPALIDAD DE RENGO,1205000.0,Rengo (comunal),Comunal,-34.40518,-70.86324,2000s,Pre-PLADECO
20161188,CONSTRUCCION EMBALSE PARA RIEGO RIO CLARO RENGO 1ª SECCION,2002,PROYECTO,Medioambiente,RIEGO,Sectorial,OT,453500.0,PERFIL,DIRECCION DE OBRAS HIDRAULICAS,DIRECCION DE OBRAS HIDRAULICAS MOP VI REGION,453500.0,Rengo (comunal),Comunal,-34.40518,-70.86324,2000s,Pre-PLADECO
20163169,"MEJORAMIENTO Y AMPLIACIÓN SISTEMA A.P.R. LO CARTAGENA, RENGO",2002,PROYECTO,Recursos Hídricos,AGUA POTABLE,Sectorial,FI,22000.0,EJECUCION,DIRECCION DE PLANEAMIENTO,DIRECCION DE OBRAS HIDRAULICAS MOP VI REGION,22000.0,Lo Cartagena,Rural,-34.39026,-70.8737,2000s,Pre-PLADECO
20163170,MEJORAMIENTO SERVICIO APR HUILQUIO CERRILLOS,2002,PROYECTO,Recursos Hídricos,AGUA POTABLE,Sectorial,FI,120000.0,EJECUCION,DIRECCION DE PLANEAMIENTO,DIRECCION DE OBRAS HIDRAULICAS MOP VI REGION,120000.0,Rengo (comunal),Comunal,-34.40518,-70.86324,2000s,Pre-PLADECO
20166055,DIAGNOSTICO DE LA OFERT. Y DEM.LABORAL DEL LICEO INDUSTRIAL C-15,2002,ESTUDIO BASICO,Turismo y Comercio,INTERSUBSECTORIAL COMERCIO Y TURISMO,FNDR,RS,8363.0,PERFIL,MUNICIPALIDAD DE RENGO - GOBIERNO REGIONAL - REGION VI LIBERT. BERNARDO O.,MUNICIPALIDAD DE RENGO,8363.0,Rengo (comunal),Comunal,-34.40518,-70.86324,2000s,Pre-PLADECO
20166848,CONSTRUCCION PAVIM. CALLE MANUEL FRANCISCO CORREA - ROSARIO,2002,PROYECTO,Transporte y Vialidad,"TRANSPORTE URBANO,VIALIDAD PEATONAL",Sectorial,OT,78152.0,PERFIL,SERVICIO VIVIENDA Y URBANIZACION VI REGION,SEREMI VIVIENDA VI REGION,78152.0,Rosario,Rural,-34.34788,-70.84245,2000s,Pre-PLADECO
20166849,CONSTRUCCION PAVIM. CALLE BUQUES Y MADERAS - ROSARIO,2002,PROYECTO,Transporte y Vialidad,"TRANSPORTE URBANO,VIALIDAD PEATONAL",Sectorial,OT,68797.0,PERFIL,SERVICIO VIVIENDA Y URBANIZACION VI REGION,SEREMI VIVIENDA VI REGION,68797.0,Rosario,Rural,-34.34788,-70.84245,2000s,Pre-PLADECO
20168036,MEJORAMIENTO EJE VIAL AVDA. RIQUELME - RENGO,2002,PROYECTO,Transporte y Vialidad,"TRANSPORTE URBANO,VIALIDAD PEATONAL",FNDR,RS,108811.0,PERFIL,GOBIERNO REGIONAL - REGION VI LIBERT. BERNARDO O.,SEREMI VIVIENDA VI REGION,108811.0,Rengo (comunal),Comunal,-34.40518,-70.86324,2000s,Pre-PLADECO
20169651,AMPLIACION PARA LA JEC COLEGIO MANUEL FCO.CORREA,2002,PROYECTO,Educación y Cultura,EDUCACION BASICA Y MEDIA,Sectorial,RS,350980.0,EJECUCION,MUNICIPALIDAD DE RENGO - GOBIERNO REGIONAL - REGION VI LIBERT. BERNARDO O. - SUB,MUNICIPALIDAD DE RENGO,350980.0,Rengo (comunal),Comunal,-34.40518,-70.86324,2000s,Pre-PLADECO
20169684,CONSTRUCCION PATINODROMO 2° ETAPA,2002,PROYECTO,Deporte,DEPORTE RECREATIVO,Sectorial,RS,16830.0,EJECUCION,INSTITUTO NACIONAL DE DEPORTES DE CHILE - MUNICIPALIDAD DE RENGO,MUNICIPALIDAD DE RENGO,16830.0,Rengo (comunal),Comunal,-34.40518,-70.86324,2000s,Pre-PLADECO
20171414,LEVANTAMIENTO CALLE BALMACEDA HASTA EL CHAPETON,2002,ESTUDIO BASICO,Transporte y Vialidad,"TRANSPORTE URBANO,VIALIDAD PEATONAL",FNDR,FI,149114.0,PERFIL,MUNICIPALIDAD DE RENGO - GOBIERNO REGIONAL - REGION VI LIBERT. BERNARDO O.,MUNICIPALIDAD DE RENGO,149114.0,Rengo (comunal),Comunal,-34.40518,-70.86324,2000s,Pre-PLADECO
20178664,EQUIPAMIENTO SERVICIO DE ESTERILIZACIÓN HOSPITAL DE RENGO,2002,PROYECTO,Salud,MEDIA COMPLEJIDAD,Sectorial,OT,23000.0,PERFIL,MINISTERIO DE SALUD,SERVICIO SALUD OHIGGINS,23000.0,Rengo (comunal),Comunal,-34.40518,-70.86324,2000s,Pre-PLADECO
20178672,EQUIPAMIENTO SERVICIO DE GINECOLOGIA Y OBSTETRICIA HOSPITAL DE RENGO,2002,PROYECTO,Salud,MEDIA COMPLEJIDAD,FNDR,OT,20000.0,PERFIL,GOBIERNO REGIONAL - REGION VI LIBERT. BERNARDO O.,SERVICIO SALUD OHIGGINS,20000.0,Rengo (comunal),Comunal,-34.40518,-70.86324,2000s,Pre-PLADECO
20178674,EQUIPAMIENTO SERVICIO DE MEDICINA HOSPITAL DE RENGO,2002,PROYECTO,Salud,MEDIA COMPLEJIDAD,Sectorial,OT,20000.0,PERFIL,MINISTERIO DE SALUD,SERVICIO SALUD OHIGGINS,20000.0,Rengo (comunal),Comunal,-34.40518,-70.86324,2000s,Pre-PLADECO
20178674,EQUIPAMIENTO SERVICIO DE MEDICINA HOSPITAL DE RENGO,2002,PROYECTO,Salud,MEDIA COMPLEJIDAD,Sectorial,RS,1395.0,PERFIL,MINISTERIO DE SALUD,SERVICIO SALUD OHIGGINS,1395.0,Rengo (comunal),Comunal,-34.40518,-70.86324,2000s,Pre-PLADECO
20178680,EQUIPAMIENTO SERVICIO DE CIRUGIA HOSPITAL DE RENGO,2002,PROYECTO,Salud,MEDIA COMPLEJIDAD,Sectorial,OT,30000.0,PERFIL,MINISTERIO DE SALUD,SERVICIO SALUD OHIGGINS,30000.0,Rengo (comunal),Comunal,-34.40518,-70.86324,2000s,Pre-PLADECO
20178691,EQUIPAMIENTO UNIDAD DE PABELLONES HOSPITAL DE RENGO,2002,PROYECTO,Salud,MEDIA COMPLEJIDAD,FNDR,OT,50000.0,PERFIL,GOBIERNO REGIONAL - REGION VI LIBERT. BERNARDO O.,SERVICIO SALUD OHIGGINS,50000.0,Rengo (comunal),Comunal,-34.40518,-70.86324,2000s,Pre-PLADECO
20179403,CONSTRUCCION PAVIM. CALLE BALMACEDA RENGO,2002,PROYECTO,Transporte y Vialidad,"TRANSPORTE URBANO,VIALIDAD PEATONAL",FNDR,OT,130344.0,PERFIL,GOBIERNO REGIONAL - REGION VI LIBERT. BERNARDO O.,SEREMI VIVIENDA VI REGION,130344.0,Rengo (comunal),Comunal,-34.40518,-70.86324,2000s,Pre-PLADECO
20179411,CONSTRUCCION PAVIM. CALLE SAN MARTIN NORTE RENGO,2002,PROYECTO,Transporte y Vialidad,"TRANSPORTE URBANO,VIALIDAD PEATONAL",FNDR,OT,147161.0,PERFIL,GOBIERNO REGIONAL - REGION VI LIBERT. BERNARDO O.,SEREMI VIVIENDA VI REGION,147161.0,Rengo (comunal),Comunal,-34.40518,-70.86324,2000s,Pre-PLADECO
20179418,CONSTRUCCION PAVIM. CALLE JOSE TOMAS VALENCIA RENGO,2002,PROYECTO,Transporte y Vialidad,"TRANSPORTE URBANO,VIALIDAD PEATONAL",FNDR,OT,31075.0,PERFIL,GOBIERNO REGIONAL - REGION VI LIBERT. BERNARDO O.,SEREMI VIVIENDA VI REGION,31075.0,Rengo (comunal),Comunal,-34.40518,-70.86324,2000s,Pre-PLADECO
20180307,ANALISIS MEJORAMIENTO ENTORNO TEATRO MUNICIPAL DE RENGO,2002,ESTUDIO BASICO,Educación y Cultura,ARTE Y CULTURA,FNDR,FI,18000.0,PERFIL,GOBIERNO REGIONAL - REGION VI LIBERT. BERNARDO O.,ARQUITECTURA MOP VI REGION,18000.0,Rengo (comunal),Comunal,-34.40518,-70.86324,2000s,Pre-PLADECO
20181004,APLICACION FORTALECIMIENTO ORG. DE REGANTES 1ª SECCION RIO CLARO,2002,PROGRAMA,Medioambiente,RIEGO,Sectorial,RS,34684.0,PERFIL,DIRECCION DE OBRAS HIDRAULICAS,DIRECCION DE OBRAS HIDRAULICAS MOP VI REGION,104052.0,Rengo (comunal),Comunal,-34.40518,-70.86324,2000s,Pre-PLADECO
20181830,REPOSICION SALA CUNA CENTRO ABIERTO BELLO HORIZONTE,2002,PROYECTO,Educación y Cultura,EDUCACION PREBASICA,FNDR,RS,54689.0,PERFIL,GOBIERNO REGIONAL - REGION VI LIBERT. BERNARDO O.,INTEGRA,54689.0,Rengo (comunal),Comunal,-34.40518,-70.86324,2000s,Pre-PLADECO
20181902,CONSTRUCCION ALUMBRADO PUBLICO PUENTE LO CARTAGENA-PUEBLO HUNDIDO,2002,PROYECTO,Energía,ALUMBRADO PUBLICO,FNDR,FI,7456.0,PERFIL,GOBIERNO REGIONAL - REGION VI LIBERT. BERNARDO O.,MUNICIPALIDAD DE RENGO,7456.0,Pueblo Hundido,Rural,-34.37959,-70.88094,2000s,Pre-PLADECO
20181941,CONSTRUCCION ELECTRIFICACION LOTEO LA ESPERANZA SECTOR LA GLORIA LO,2002,PROYECTO,Energía,ALUMBRADO PUBLICO,FNDR,FI,6116.0,PERFIL,GOBIERNO REGIONAL - REGION VI LIBERT. BERNARDO O.,MUNICIPALIDAD DE RENGO,6116.0,Rengo (comunal),Comunal,-34.40518,-70.86324,2000s,Pre-PLADECO
20182032,AMPLIACION ESCUELA GUSTAVO BISQUERTT S. DE POPETA RENGO,2002,PROYECTO,Educación y Cultura,EDUCACION BASICA Y MEDIA,FNDR,RS,102717.0,PERFIL,GOBIERNO REGIONAL - REGION VI LIBERT. BERNARDO O.,MUNICIPALIDAD DE RENGO,102717.0,Popeta,Rural,-34.42,-70.88,2000s,Pre-PLADECO
20182113,CONSTRUCCION CONSULTORIO URBANO PARA RENGO,2002,PROYECTO,Salud,BAJA COMPLEJIDAD,FNDR,OT,10000.0,EJECUCION,GOBIERNO REGIONAL - REGION VI LIBERT. BERNARDO O.,MUNICIPALIDAD DE RENGO,10000.0,Rengo (comunal),Comunal,-34.40518,-70.86324,2000s,Pre-PLADECO
20182113,CONSTRUCCION CONSULTORIO URBANO PARA RENGO,2002,PROYECTO,Salud,BAJA COMPLEJIDAD,FNDR,FI,320000.0,EJECUCION,GOBIERNO REGIONAL - REGION VI LIBERT. BERNARDO O.,MUNICIPALIDAD DE RENGO,320000.0,Rengo (comunal),Comunal,-34.40518,-70.86324,2000s,Pre-PLADECO
20182348,CONSTRUCCION PATINODROMO 3ª ETAPA,2002,PROYECTO,Deporte,DEPORTE COMPETITIVO,FNDR,FI,82575.0,PERFIL,MUNICIPALIDAD DE RENGO - GOBIERNO REGIONAL - REGION VI LIBERT. BERNARDO O.,MUNICIPALIDAD DE RENGO,82575.0,Rengo (comunal),Comunal,-34.40518,-70.86324,2000s,Pre-PLADECO
20182458,CONSTRUCCION PASO BAJO NIVELFF.CC. AVDA. BISQUERTT,2002,PROYECTO,Transporte y Vialidad,"TRANSPORTE URBANO,VIALIDAD PEATONAL",FNDR,FI,1050.0,PERFIL,GOBIERNO REGIONAL - REGION VI LIBERT. BERNARDO O.,MUNICIPALIDAD DE RENGO,1050.0,Rengo (comunal),Comunal,-34.40518,-70.86324,2000s,Pre-PLADECO
20182491,CONSTRUCCION PAVIMENTACION CALLE JOSE TOMAS VALENCIA,2002,PROYECTO,Transporte y Vialidad,"TRANSPORTE URBANO,VIALIDAD PEATONAL",FNDR,FI,20969.0,PERFIL,GOBIERNO REGIONAL - REGION VI LIBERT. BERNARDO O.,MUNICIPALIDAD DE RENGO,20969.0,Rengo (comunal),Comunal,-34.40518,-70.86324,2000s,Pre-PLADECO
20182667,HABILITACION CINE TEATRO MUNCIPAL DE RENGO,2002,PROYECTO,Educación y Cultura,ARTE Y CULTURA,FNDR,OT,255000.0,PERFIL,MUNICIPALIDAD DE RENGO - GOBIERNO REGIONAL - REGION VI LIBERT. BERNARDO O.,MUNICIPALIDAD DE RENGO,255000.0,Rengo (comunal),Comunal,-34.40518,-70.86324,2000s,Pre-PLADECO
20182745,MEJORAMIENTO EJE VIAL AVDA. RIQUELME.COMUNA DE RENGO,2002,PROYECTO,Transporte y Vialidad,"TRANSPORTE URBANO,VIALIDAD PEATONAL",FNDR,OT,108785.0,PERFIL,GOBIERNO REGIONAL - REGION VI LIBERT. BERNARDO O.,MUNICIPALIDAD DE RENGO,108785.0,Rengo (comunal),Comunal,-34.40518,-70.86324,2000s,Pre-PLADECO
20182766,CONSTRUCCION CICLOVIA RUTA H-50-RENGO,2002,PROYECTO,Transporte y Vialidad,"TRANSPORTE URBANO,VIALIDAD PEATONAL",FNDR,OT,72019.0,PERFIL,GOBIERNO REGIONAL - REGION VI LIBERT. BERNARDO O.,MUNICIPALIDAD DE RENGO,72019.0,Rengo (comunal),Comunal,-34.40518,-70.86324,2000s,Pre-PLADECO
20182785,CONSTRUCCION CICLOVIA RUTA H-60-RENGO SECTOR VILLA DEL COBIL,2002,PROYECTO,Transporte y Vialidad,"TRANSPORTE URBANO,VIALIDAD PEATONAL",FNDR,OT,234754.0,PERFIL,GOBIERNO REGIONAL - REGION VI LIBERT. BERNARDO O.,MUNICIPALIDAD DE RENGO,234754.0,Cobil,Rural,-34.39994,-70.89498,2000s,Pre-PLADECO
20185458,CONSTRUCCION DE TRIBUNALES PARA LA REFORMA JUDICIAL EN RENGO,2002,PROYECTO,Justicia y Seguridad,ADMINISTRACION DE JUSTICIA,Sectorial,RS,54555.0,EJECUCION,CORPORACION ADMINISTRATIVA DEL PODER JUDICIAL,CORPORACION ADMINISTRATIVA DEL PODER JUDICIAL,54555.0,Rengo (comunal),Comunal,-34.40518,-70.86324,2000s,Pre-PLADECO
20186170,ACTUALIZACION DEL CATASTRO DE ROLES NO AGRICOLAS DE LA COMUNA DE REN,2002,ESTUDIO BASICO,Multisectorial,ADMINISTRACION MULTISECTOR,Municipal,RS,21063.0,PERFIL,MUNICIPALIDAD DE RENGO,MUNICIPALIDAD DE RENGO,21063.0,Rengo (comunal),Comunal,-34.40518,-70.86324,2000s,Pre-PLADECO
20127025,ADQUISICION VEHICULO TERRENO CONSULTORIO DE ROSARIO RENGO,2003,PROYECTO,Salud,BAJA COMPLEJIDAD,FNDR,RS,9966.0,EJECUCION,GOBIERNO REGIONAL - REGION VI LIBERT. BERNARDO O.,MUNICIPALIDAD DE RENGO,9966.0,Rosario,Rural,-34.34788,-70.84245,2000s,Pre-PLADECO
20145189,CONSTRUCCION SALON MULTIUSO CARCEL DE RENGO,2003,PROYECTO,Justicia y Seguridad,ADMINISTRACION DE JUSTICIA,FNDR,FA,78373.0,PERFIL,GOBIERNO REGIONAL - REGION VI LIBERT. BERNARDO O.,GENDARMERIA VI REGION LIB.GRAL. BERNARDO O'HIGGINS,78373.0,Rengo (comunal),Comunal,-34.40518,-70.86324,2000s,Pre-PLADECO
20145235,CONSTRUCCION PARQUE PISCINA DE RENGO,2003,PROYECTO,Multisectorial,DESARROLLO URBANO,FNDR,,405000.0,PERFIL,GOBIERNO REGIONAL - REGION VI LIBERT. BERNARDO O.,MUNICIPALIDAD DE RENGO,405000.0,Rengo (comunal),Comunal,-34.40518,-70.86324,2000s,Pre-PLADECO
20146715,CONSTRUCCION CUARTEL TERCERA COMPAÑIA DE BOMBEROS ROSARIO - RENGO,2003,PROYECTO,Seguridad Pública,SEGURIDAD PÃšBLICA,FNDR,FI,94894.0,EJECUCION,GOBIERNO REGIONAL - REGION VI LIBERT. BERNARDO O.,MUNICIPALIDAD DE RENGO,94894.0,Rosario,Rural,-34.34788,-70.84245,2000s,Pre-PLADECO
20152631,CONSTRUCCION ESCUELA EL NARANJAL,2003,PROYECTO,Educación y Cultura,EDUCACION BASICA Y MEDIA,Sectorial,RS,641031.0,EJECUCION,MUNICIPALIDAD DE RENGO - GOBIERNO REGIONAL - REGION VI LIBERT. BERNARDO O. - SUB,MUNICIPALIDAD DE RENGO,651926.0,Rengo (comunal),Comunal,-34.40518,-70.86324,2000s,Pre-PLADECO
20152650,CONSTRUCCION ESCUELA PARQUE ORIENTE,2003,PROYECTO,Educación y Cultura,EDUCACION BASICA Y MEDIA,Sectorial,RS,44456.0,EJECUCION,GOBIERNO REGIONAL - REGION VI LIBERT. BERNARDO O. - SUBSECRETARIA DE EDUCACION,MUNICIPALIDAD DE RENGO,760758.0,Rengo (comunal),Comunal,-34.40518,-70.86324,2000s,Pre-PLADECO
20157354,CONSTRUCCION ALUMBRADO PUBLICO CALLE SAN MARTIN NORTE,2003,PROYECTO,Energía,ALUMBRADO PUBLICO,FNDR,,5500.0,PERFIL,GOBIERNO REGIONAL - REGION VI LIBERT. BERNARDO O.,MUNICIPALIDAD DE RENGO,5500.0,Rengo (comunal),Comunal,-34.40518,-70.86324,2000s,Pre-PLADECO
20157590,CONSTRUCCION PAVIMENTACION CALLE CHORRILLOS RENGO,2003,PROYECTO,Transporte y Vialidad,"TRANSPORTE URBANO,VIALIDAD PEATONAL",FNDR,FI,50038.0,PERFIL,GOBIERNO REGIONAL - REGION VI LIBERT. BERNARDO O.,MUNICIPALIDAD DE RENGO,50038.0,Rengo (comunal),Comunal,-34.40518,-70.86324,2000s,Pre-PLADECO
20157826,CONSTRUCCION PAVIMENTACION CALLE SAN MARTIN NORTE - RENGO,2003,PROYECTO,Transporte y Vialidad,"TRANSPORTE URBANO,VIALIDAD PEATONAL",FNDR,,193367.0,PERFIL,GOBIERNO REGIONAL - REGION VI LIBERT. BERNARDO O.,MUNICIPALIDAD DE RENGO,193367.0,Rengo (comunal),Comunal,-34.40518,-70.86324,2000s,Pre-PLADECO
20157998,CONSTRUCCION CICLOVIA RUTA H-511 SECTOR RENGO-ROSARIO,2003,PROYECTO,Transporte y Vialidad,"TRANSPORTE URBANO,VIALIDAD PEATONAL",FNDR,OT,121299.0,PERFIL,GOBIERNO REGIONAL - REGION VI LIBERT. BERNARDO O.,MUNICIPALIDAD DE RENGO,121299.0,Rosario,Rural,-34.34788,-70.84245,2000s,Pre-PLADECO
20163169,"MEJORAMIENTO Y AMPLIACIÓN SISTEMA A.P.R. LO CARTAGENA, RENGO",2003,PROYECTO,Recursos Hídricos,AGUA POTABLE,Sectorial,OT,80500.0,EJECUCION,DIRECCION DE PLANEAMIENTO,DIRECCION DE OBRAS HIDRAULICAS MOP VI REGION,80500.0,Lo Cartagena,Rural,-34.39026,-70.8737,2000s,Pre-PLADECO
20163170,MEJORAMIENTO SERVICIO APR HUILQUIO CERRILLOS,2003,PROYECTO,Recursos Hídricos,AGUA POTABLE,Sectorial,FI,124800.0,EJECUCION,DIRECCION DE PLANEAMIENTO,DIRECCION DE OBRAS HIDRAULICAS MOP VI REGION,124800.0,Rengo (comunal),Comunal,-34.40518,-70.86324,2000s,Pre-PLADECO
20166055,DIAGNOSTICO DE LA OFERT. Y DEM.LABORAL DEL LICEO INDUSTRIAL C-15,2003,ESTUDIO BASICO,Turismo y Comercio,INTERSUBSECTORIAL COMERCIO Y TURISMO,FNDR,FI,8610.0,PERFIL,MUNICIPALIDAD DE RENGO - GOBIERNO REGIONAL - REGION VI LIBERT. BERNARDO O.,MUNICIPALIDAD DE RENGO,8610.0,Rengo (comunal),Comunal,-34.40518,-70.86324,2000s,Pre-PLADECO
20168036,MEJORAMIENTO EJE VIAL AVDA. RIQUELME - RENGO,2003,PROYECTO,Transporte y Vialidad,"TRANSPORTE URBANO,VIALIDAD PEATONAL",FNDR,RS,112026.0,PERFIL,GOBIERNO REGIONAL - REGION VI LIBERT. BERNARDO O.,SEREMI VIVIENDA VI REGION,112026.0,Rengo (comunal),Comunal,-34.40518,-70.86324,2000s,Pre-PLADECO
20171414,LEVANTAMIENTO CALLE BALMACEDA HASTA EL CHAPETON,2003,ESTUDIO BASICO,Transporte y Vialidad,"TRANSPORTE URBANO,VIALIDAD PEATONAL",FNDR,FI,149000.0,PERFIL,GOBIERNO REGIONAL - REGION VI LIBERT. BERNARDO O.,MUNICIPALIDAD DE RENGO,149000.0,Rengo (comunal),Comunal,-34.40518,-70.86324,2000s,Pre-PLADECO
20178674,EQUIPAMIENTO SERVICIO DE MEDICINA HOSPITAL DE RENGO,2003,PROYECTO,Salud,MEDIA COMPLEJIDAD,Sectorial,,20500.0,PERFIL,MINISTERIO DE SALUD,SERVICIO SALUD OHIGGINS,20500.0,Rengo (comunal),Comunal,-34.40518,-70.86324,2000s,Pre-PLADECO
20181830,REPOSICION SALA CUNA CENTRO ABIERTO BELLO HORIZONTE,2003,PROYECTO,Educación y Cultura,EDUCACION PREBASICA,FNDR,RS,65143.0,PERFIL,GOBIERNO REGIONAL - REGION VI LIBERT. BERNARDO O.,INTEGRA,65143.0,Rengo (comunal),Comunal,-34.40518,-70.86324,2000s,Pre-PLADECO
20181902,CONSTRUCCION ALUMBRADO PUBLICO PUENTE LO CARTAGENA-PUEBLO HUNDIDO,2003,PROYECTO,Energía,ALUMBRADO PUBLICO,FNDR,FI,3743.0,PERFIL,GOBIERNO REGIONAL - REGION VI LIBERT. BERNARDO O.,MUNICIPALIDAD DE RENGO,3743.0,Pueblo Hundido,Rural,-34.37959,-70.88094,2000s,Pre-PLADECO
20181941,CONSTRUCCION ELECTRIFICACION LOTEO LA ESPERANZA SECTOR LA GLORIA LO,2003,PROYECTO,Energía,ALUMBRADO PUBLICO,FNDR,,5600.0,PERFIL,GOBIERNO REGIONAL - REGION VI LIBERT. BERNARDO O.,MUNICIPALIDAD DE RENGO,5600.0,Rengo (comunal),Comunal,-34.40518,-70.86324,2000s,Pre-PLADECO
20182032,AMPLIACION ESCUELA GUSTAVO BISQUERTT S. DE POPETA RENGO,2003,PROYECTO,Educación y Cultura,EDUCACION BASICA Y MEDIA,FNDR,FI,105426.0,PERFIL,GOBIERNO REGIONAL - REGION VI LIBERT. BERNARDO O.,MUNICIPALIDAD DE RENGO,105426.0,Popeta,Rural,-34.42,-70.88,2000s,Pre-PLADECO
20182113,CONSTRUCCION CONSULTORIO URBANO PARA RENGO,2003,PROYECTO,Salud,BAJA COMPLEJIDAD,FNDR,,320000.0,EJECUCION,GOBIERNO REGIONAL - REGION VI LIBERT. BERNARDO O.,MUNICIPALIDAD DE RENGO,320000.0,Rengo (comunal),Comunal,-34.40518,-70.86324,2000s,Pre-PLADECO
20182113,CONSTRUCCION CONSULTORIO URBANO PARA RENGO,2003,PROYECTO,Salud,BAJA COMPLEJIDAD,FNDR,OT,10000.0,EJECUCION,GOBIERNO REGIONAL - REGION VI LIBERT. BERNARDO O.,MUNICIPALIDAD DE RENGO,10000.0,Rengo (comunal),Comunal,-34.40518,-70.86324,2000s,Pre-PLADECO
20182458,CONSTRUCCION PASO BAJO NIVELFF.CC. AVDA. BISQUERTT,2003,PROYECTO,Transporte y Vialidad,"TRANSPORTE URBANO,VIALIDAD PEATONAL",FNDR,FI,5300.0,PERFIL,GOBIERNO REGIONAL - REGION VI LIBERT. BERNARDO O.,MUNICIPALIDAD DE RENGO,5300.0,Rengo (comunal),Comunal,-34.40518,-70.86324,2000s,Pre-PLADECO
20182491,CONSTRUCCION PAVIMENTACION CALLE JOSE TOMAS VALENCIA,2003,PROYECTO,Transporte y Vialidad,"TRANSPORTE URBANO,VIALIDAD PEATONAL",FNDR,,31075.0,PERFIL,GOBIERNO REGIONAL - REGION VI LIBERT. BERNARDO O.,MUNICIPALIDAD DE RENGO,31075.0,Rengo (comunal),Comunal,-34.40518,-70.86324,2000s,Pre-PLADECO
20182667,HABILITACION CINE TEATRO MUNCIPAL DE RENGO,2003,PROYECTO,Educación y Cultura,ARTE Y CULTURA,FNDR,,66000.0,PERFIL,GOBIERNO REGIONAL - REGION VI LIBERT. BERNARDO O.,MUNICIPALIDAD DE RENGO,66000.0,Rengo (comunal),Comunal,-34.40518,-70.86324,2000s,Pre-PLADECO
20182745,MEJORAMIENTO EJE VIAL AVDA. RIQUELME.COMUNA DE RENGO,2003,PROYECTO,Transporte y Vialidad,"TRANSPORTE URBANO,VIALIDAD PEATONAL",FNDR,,108785.0,PERFIL,GOBIERNO REGIONAL - REGION VI LIBERT. BERNARDO O.,MUNICIPALIDAD DE RENGO,108785.0,Rengo (comunal),Comunal,-34.40518,-70.86324,2000s,Pre-PLADECO
20182785,CONSTRUCCION CICLOVIA RUTA H-60-RENGO SECTOR VILLA DEL COBIL,2003,PROYECTO,Transporte y Vialidad,"TRANSPORTE URBANO,VIALIDAD PEATONAL",FNDR,OT,234754.0,PERFIL,GOBIERNO REGIONAL - REGION VI LIBERT. BERNARDO O.,MUNICIPALIDAD DE RENGO,234754.0,Cobil,Rural,-34.39994,-70.89498,2000s,Pre-PLADECO
20185458,CONSTRUCCION DE TRIBUNALES PARA LA REFORMA JUDICIAL EN RENGO,2003,PROYECTO,Justicia y Seguridad,ADMINISTRACION DE JUSTICIA,Sectorial,RS,367577.0,EJECUCION,CORPORACION ADMINISTRATIVA DEL PODER JUDICIAL,CORPORACION ADMINISTRATIVA DEL PODER JUDICIAL,367577.0,Rengo (comunal),Comunal,-34.40518,-70.86324,2000s,Pre-PLADECO
20187714,AMPLIACION ESCUELA RIO CLARO DE RENGO PARA LA JEC,2003,PROYECTO,Educación y Cultura,EDUCACION BASICA Y MEDIA,Sectorial,RS,10001.0,PERFIL,SUBSECRETARIA DE EDUCACION,MUNICIPALIDAD DE RENGO,10001.0,Rengo (comunal),Comunal,-34.40518,-70.86324,2000s,Pre-PLADECO
20187714,AMPLIACION ESCUELA RIO CLARO DE RENGO PARA LA JEC,2003,PROYECTO,Educación y Cultura,EDUCACION BASICA Y MEDIA,Sectorial,FI,251191.0,PERFIL,GOBIERNO REGIONAL - REGION VI LIBERT. BERNARDO O. - SUBSECRETARIA DE EDUCACION,MUNICIPALIDAD DE RENGO,251191.0,Rengo (comunal),Comunal,-34.40518,-70.86324,2000s,Pre-PLADECO
20187784,AMPLIACION ESCUELA APALTA PARA LA JEC,2003,PROYECTO,Educación y Cultura,EDUCACION BASICA Y MEDIA,Sectorial,OT,208000.0,PERFIL,SUBSECRETARIA DE EDUCACION,MUNICIPALIDAD DE RENGO,208000.0,Apalta,Rural,-34.33885,-70.86644,2000s,Pre-PLADECO
20187786,AMPLIACION ESCUELA SANTA TERESA DE AVILA,2003,PROYECTO,Educación y Cultura,EDUCACION BASICA Y MEDIA,Sectorial,FI,150340.0,PERFIL,MUNICIPALIDAD DE RENGO - SUBSECRETARIA DE EDUCACION,MUNICIPALIDAD DE RENGO,150340.0,Rengo (comunal),Comunal,-34.40518,-70.86324,2000s,Pre-PLADECO
20187786,AMPLIACION ESCUELA SANTA TERESA DE AVILA,2003,PROYECTO,Educación y Cultura,EDUCACION BASICA Y MEDIA,Sectorial,RS,8000.0,PERFIL,SUBSECRETARIA DE EDUCACION,MUNICIPALIDAD DE RENGO,8000.0,Rengo (comunal),Comunal,-34.40518,-70.86324,2000s,Pre-PLADECO
20189842,"MEJORAMIENTO Y AMPLIACIÓN SERVICIO APR DE LO DE LOBOS, RENGO",2003,PROYECTO,Recursos Hídricos,AGUA POTABLE,Sectorial,FI,23000.0,EJECUCION,DIRECCION DE PLANEAMIENTO - DIRECCION DE OBRAS HIDRAULICAS,DIRECCION DE OBRAS HIDRAULICAS MOP VI REGION,112439.0,Lo De Lobo,Rural,-34.37523,-70.82941,2000s,Pre-PLADECO
20189843,REPOSICION SERVICIO AGUA POTABLE RURAL DE POPETA,2003,PROYECTO,Recursos Hídricos,AGUA POTABLE,Sectorial,,115000.0,EJECUCION,DIRECCION DE PLANEAMIENTO,DIRECCION DE OBRAS HIDRAULICAS MOP VI REGION,115000.0,Popeta,Rural,-34.42,-70.88,2000s,Pre-PLADECO
20191587,AMPLIACION LICEO LUIS URBINA FLORES,2003,PROYECTO,Educación y Cultura,EDUCACION BASICA Y MEDIA,FNDR,OT,306000.0,PERFIL,MUNICIPALIDAD DE RENGO - GOBIERNO REGIONAL - REGION VI LIBERT. BERNARDO O.,MUNICIPALIDAD DE RENGO,306000.0,Rengo (comunal),Comunal,-34.40518,-70.86324,2000s,Pre-PLADECO
20191592,AMPLIACION ESCUELA EL NARANJAL,2003,PROYECTO,Educación y Cultura,EDUCACION BASICA Y MEDIA,FNDR,OT,79500.0,PERFIL,MUNICIPALIDAD DE RENGO - GOBIERNO REGIONAL - REGION VI LIBERT. BERNARDO O.,MUNICIPALIDAD DE RENGO,79500.0,Rengo (comunal),Comunal,-34.40518,-70.86324,2000s,Pre-PLADECO
20191796,AMPLIACION PLANTA TRATAMIENTO ESCUELA ESMERALDA,2003,PROYECTO,Educación y Cultura,EDUCACION BASICA Y MEDIA,FNDR,OT,13500.0,PERFIL,MUNICIPALIDAD DE RENGO - GOBIERNO REGIONAL - REGION VI LIBERT. BERNARDO O.,MUNICIPALIDAD DE RENGO,13500.0,Esmeralda,Rural,-34.34281,-70.9049,2000s,Pre-PLADECO
20191829,MEJORAMIENTO ALCANTARILLADO ESCUELA RINCONADA DE MALAMBO,2003,PROYECTO,Educación y Cultura,EDUCACION BASICA Y MEDIA,FNDR,,21000.0,PERFIL,MUNICIPALIDAD DE RENGO - GOBIERNO REGIONAL - REGION VI LIBERT. BERNARDO O.,MUNICIPALIDAD DE RENGO,21000.0,Malambo,Rural,-34.42437,-70.83827,2000s,Pre-PLADECO
20191891,CONSTRUCCION RED DE AGUA POTABLE CALLEJON MICHIMALONGO,2003,PROYECTO,Recursos Hídricos,AGUA POTABLE,FNDR,FI,7500.0,PERFIL,MUNICIPALIDAD DE RENGO - GOBIERNO REGIONAL - REGION VI LIBERT. BERNARDO O.,MUNICIPALIDAD DE RENGO,7500.0,Rengo (comunal),Comunal,-34.40518,-70.86324,2000s,Pre-PLADECO
20191943,ADQUISICION MAQUINA EXCAVADORA,2003,PROYECTO,Multisectorial,"DEFENSAS FLUVIALES,MARITIMAS Y CAUCES NATURALES",Sectorial,,93000.0,PERFIL,SUBSECRETARIA DESARROLLO REGIONAL Y ADMINISTRATIVO,MUNICIPALIDAD DE RENGO,93000.0,Rengo (comunal),Comunal,-34.40518,-70.86324,2000s,Pre-PLADECO
20191983,MEJORAMIENTO ALUMBRADO PUBLICO COMUNA DE RENGO,2003,PROYECTO,Energía,ALUMBRADO PUBLICO,FNDR,,11000.0,PERFIL,GOBIERNO REGIONAL - REGION VI LIBERT. BERNARDO O.,MUNICIPALIDAD DE RENGO,11000.0,Rengo (comunal),Comunal,-34.40518,-70.86324,2000s,Pre-PLADECO
20192011,CONSERVACION DEFENSAS FLUVIALES SECTOR POPETA A LA CHIMBA,2003,PROYECTO,Multisectorial,"DEFENSAS FLUVIALES,MARITIMAS Y CAUCES NATURALES",FNDR,OT,15500.0,PERFIL,GOBIERNO REGIONAL - REGION VI LIBERT. BERNARDO O.,MUNICIPALIDAD DE RENGO,15500.0,La Chimba,Rural,-34.40804,-70.81718,2000s,Pre-PLADECO
20192056,CONSTRUCCION AREAS VERDES DE PARQUES Y COMPLEJOS DEPORTIVOS,2003,PROYECTO,Multisectorial,MEDIO AMBIENTE,FNDR,,16000.0,PERFIL,GOBIERNO REGIONAL - REGION VI LIBERT. BERNARDO O.,MUNICIPALIDAD DE RENGO,16000.0,Rengo (comunal),Comunal,-34.40518,-70.86324,2000s,Pre-PLADECO
20192056,CONSTRUCCION AREAS VERDES DE PARQUES Y COMPLEJOS DEPORTIVOS,2003,PROYECTO,Multisectorial,MEDIO AMBIENTE,FNDR,,6000.0,PERFIL,GOBIERNO REGIONAL - REGION VI LIBERT. BERNARDO O.,MUNICIPALIDAD DE RENGO,6000.0,Rengo (comunal),Comunal,-34.40518,-70.86324,2000s,Pre-PLADECO
20192136,CONSTRUCCION CAMARINES ESTADIO DE ROSARIO,2003,PROYECTO,Deporte,ADMINISTRACION DEPORTES Y RECREACION,Sectorial,OT,23000.0,PERFIL,INSTITUTO NACIONAL DE DEPORTES DE CHILE,MUNICIPALIDAD DE RENGO,23000.0,Rosario,Rural,-34.34788,-70.84245,2000s,Pre-PLADECO
20192163,CONSTRUCCION LOSA INICIACION DE PATINAJE,2003,PROYECTO,Deporte,DEPORTE RECREATIVO,Sectorial,OT,55500.0,PERFIL,INSTITUTO NACIONAL DE DEPORTES DE CHILE - MUNICIPALIDAD DE RENGO,MUNICIPALIDAD DE RENGO,55500.0,Rengo (comunal),Comunal,-34.40518,-70.86324,2000s,Pre-PLADECO
20192630,CONSTRUCCION COMPLEJO DEPORTIVO PARQUE CRIOLLO.RENGO,2003,PROYECTO,Deporte,DEPORTE RECREATIVO,Sectorial,OT,54160.0,PERFIL,INSTITUTO NACIONAL DE DEPORTES DE CHILE,MUNICIPALIDAD DE RENGO,54160.0,Rengo (comunal),Comunal,-34.40518,-70.86324,2000s,Pre-PLADECO
20192636,CONSTRUCCION PARQUE CRIOLLO SEGUNDA ETAPA,2003,PROYECTO,Deporte,DEPORTE RECREATIVO,Sectorial,OT,59500.0,PERFIL,INSTITUTO NACIONAL DE DEPORTES DE CHILE,MUNICIPALIDAD DE RENGO,59500.0,Rengo (comunal),Comunal,-34.40518,-70.86324,2000s,Pre-PLADECO
20192649,HABILITACION CINE TEATRO MUNICIPAL DE RENGO SEGUNDA ETAPA,2003,PROYECTO,Educación y Cultura,ARTE Y CULTURA,FNDR,,119000.0,PERFIL,GOBIERNO REGIONAL - REGION VI LIBERT. BERNARDO O.,MUNICIPALIDAD DE RENGO,119000.0,Rengo (comunal),Comunal,-34.40518,-70.86324,2000s,Pre-PLADECO
20192712,HABILITACION PISCINA TEMPERADA HOSPITAL DE RENGO,2003,PROYECTO,Salud,MEDIA COMPLEJIDAD,FNDR,OT,18128.0,PERFIL,GOBIERNO REGIONAL - REGION VI LIBERT. BERNARDO O.,SERVICIO SALUD OHIGGINS,18128.0,Rengo (comunal),Comunal,-34.40518,-70.86324,2000s,Pre-PLADECO
20193368,"AMPLIACION AGUA POTABLE CALLEJONES SECTOR LA ESMERALDA, ROSARIO",2003,PROYECTO,Recursos Hídricos,AGUA POTABLE,FNDR,OT,23264.0,EJECUCION,GOBIERNO REGIONAL - REGION VI LIBERT. BERNARDO O.,MUNICIPALIDAD DE RENGO,23264.0,Esmeralda,Rural,-34.34281,-70.9049,2000s,Pre-PLADECO
20195001,EQUIPAMIENTO DE OITM PARA LA ACTUALIZACION DEL CATASTRO DE ROLES RGO,2003,PROYECTO,Multisectorial,ADMINISTRACION MULTISECTOR,Municipal,RS,2995.0,PERFIL,MUNICIPALIDAD DE RENGO,MUNICIPALIDAD DE RENGO,2995.0,Rengo (comunal),Comunal,-34.40518,-70.86324,2000s,Pre-PLADECO
30027592,"CONSTRUCCION DE ANDENES E ILUMINACION PARADERO TRENES ROSARIO, RENGO",2003,PROYECTO,Transporte y Vialidad,TRANSPORTE FERROVIARIO,FNDR,RS,3257.0,EJECUCION,GOBIERNO REGIONAL - REGION VI LIBERT. BERNARDO O.,GOBIERNO REGIONAL - REGION VI LIBERT. BERNARDO O.,3257.0,Rosario,Rural,-34.34788,-70.84245,2000s,Pre-PLADECO
30028792,"REPARACION Y DESVIO CANAL RAMIRANO, COMUNA DE RENGO",2003,PROYECTO,Recursos Hídricos,EVACUACION DISPOSICION FINAL AGUAS SERVIDAS,FNDR,RS,2748.0,EJECUCION,GOBIERNO REGIONAL - REGION VI LIBERT. BERNARDO O.,GOBIERNO REGIONAL - REGION VI LIBERT. BERNARDO O.,2748.0,Rengo (comunal),Comunal,-34.40518,-70.86324,2000s,Pre-PLADECO
20145189,CONSTRUCCION SALON MULTIUSO CARCEL DE RENGO,2004,PROYECTO,Justicia y Seguridad,ADMINISTRACION DE JUSTICIA,FNDR,,80614.0,PERFIL,GOBIERNO REGIONAL - REGION VI LIBERT. BERNARDO O.,GENDARMERIA VI REGION LIB.GRAL. BERNARDO O'HIGGINS,80614.0,Rengo (comunal),Comunal,-34.40518,-70.86324,2000s,Pre-PLADECO
20146715,CONSTRUCCION CUARTEL TERCERA COMPAÑIA DE BOMBEROS ROSARIO - RENGO,2004,PROYECTO,Seguridad Pública,SEGURIDAD PÃšBLICA,FNDR,RS,107305.0,EJECUCION,GOBIERNO REGIONAL - REGION VI LIBERT. BERNARDO O.,MUNICIPALIDAD DE RENGO,107305.0,Rosario,Rural,-34.34788,-70.84245,2000s,Pre-PLADECO
20157354,CONSTRUCCION ALUMBRADO PUBLICO CALLE SAN MARTIN NORTE,2004,PROYECTO,Energía,ALUMBRADO PUBLICO,FNDR,RS,1340.0,PERFIL,GOBIERNO REGIONAL - REGION VI LIBERT. BERNARDO O.,MUNICIPALIDAD DE RENGO,1340.0,Rengo (comunal),Comunal,-34.40518,-70.86324,2000s,Pre-PLADECO
20157590,CONSTRUCCION PAVIMENTACION CALLE CHORRILLOS RENGO,2004,PROYECTO,Transporte y Vialidad,"TRANSPORTE URBANO,VIALIDAD PEATONAL",FNDR,,51451.0,PERFIL,GOBIERNO REGIONAL - REGION VI LIBERT. BERNARDO O.,MUNICIPALIDAD DE RENGO,51451.0,Rengo (comunal),Comunal,-34.40518,-70.86324,2000s,Pre-PLADECO
20157826,CONSTRUCCION PAVIMENTACION CALLE SAN MARTIN NORTE - RENGO,2004,PROYECTO,Transporte y Vialidad,"TRANSPORTE URBANO,VIALIDAD PEATONAL",FNDR,,204070.0,PERFIL,GOBIERNO REGIONAL - REGION VI LIBERT. BERNARDO O.,MUNICIPALIDAD DE RENGO,204070.0,Rengo (comunal),Comunal,-34.40518,-70.86324,2000s,Pre-PLADECO
20157998,CONSTRUCCION CICLOVIA RUTA H-511 SECTOR RENGO-ROSARIO,2004,PROYECTO,Transporte y Vialidad,"TRANSPORTE URBANO,VIALIDAD PEATONAL",Sectorial,,133336.0,PERFIL,DIRECCION DE VIALIDAD,MUNICIPALIDAD DE RENGO,133336.0,Rosario,Rural,-34.34788,-70.84245,2000s,Pre-PLADECO
20160094,CONSTRUCCION COMPLEJO DEPORTIVO PARQUE CRIOLLO,2004,PROYECTO,Deporte,DEPORTE RECREATIVO,FNDR,,92630.0,PERFIL,GOBIERNO REGIONAL - REGION VI LIBERT. BERNARDO O.,MUNICIPALIDAD DE RENGO,92630.0,Rengo (comunal),Comunal,-34.40518,-70.86324,2000s,Pre-PLADECO
20163169,"MEJORAMIENTO Y AMPLIACIÓN SISTEMA A.P.R. LO CARTAGENA, RENGO",2004,PROYECTO,Recursos Hídricos,AGUA POTABLE,FNDR,,45000.0,EJECUCION,GOBIERNO REGIONAL - REGION VI LIBERT. BERNARDO O.,DIRECCION DE OBRAS HIDRAULICAS MOP VI REGION,82773.0,Lo Cartagena,Rural,-34.39026,-70.8737,2000s,Pre-PLADECO
20163170,MEJORAMIENTO SERVICIO APR HUILQUIO CERRILLOS,2004,PROYECTO,Recursos Hídricos,AGUA POTABLE,FNDR,RS,30771.0,EJECUCION,GOBIERNO REGIONAL - REGION VI LIBERT. BERNARDO O.,DIRECCION DE OBRAS HIDRAULICAS MOP VI REGION,151571.0,Rengo (comunal),Comunal,-34.40518,-70.86324,2000s,Pre-PLADECO
20171414,LEVANTAMIENTO CALLE BALMACEDA HASTA EL CHAPETON,2004,ESTUDIO BASICO,Transporte y Vialidad,"TRANSPORTE URBANO,VIALIDAD PEATONAL",FNDR,,153207.0,PERFIL,GOBIERNO REGIONAL - REGION VI LIBERT. BERNARDO O.,MUNICIPALIDAD DE RENGO,153207.0,Rengo (comunal),Comunal,-34.40518,-70.86324,2000s,Pre-PLADECO
20182032,AMPLIACION ESCUELA GUSTAVO BISQUERTT S. DE POPETA RENGO,2004,PROYECTO,Educación y Cultura,EDUCACION BASICA Y MEDIA,FNDR,,108402.0,PERFIL,GOBIERNO REGIONAL - REGION VI LIBERT. BERNARDO O.,MUNICIPALIDAD DE RENGO,108402.0,Popeta,Rural,-34.42,-70.88,2000s,Pre-PLADECO
20182113,CONSTRUCCION CONSULTORIO URBANO PARA RENGO,2004,PROYECTO,Salud,BAJA COMPLEJIDAD,FNDR,,337713.0,EJECUCION,GOBIERNO REGIONAL - REGION VI LIBERT. BERNARDO O.,MUNICIPALIDAD DE RENGO,337713.0,Rengo (comunal),Comunal,-34.40518,-70.86324,2000s,Pre-PLADECO
20182113,CONSTRUCCION CONSULTORIO URBANO PARA RENGO,2004,PROYECTO,Salud,BAJA COMPLEJIDAD,FNDR,RS,19500.0,EJECUCION,GOBIERNO REGIONAL - REGION VI LIBERT. BERNARDO O.,MUNICIPALIDAD DE RENGO,19500.0,Rengo (comunal),Comunal,-34.40518,-70.86324,2000s,Pre-PLADECO
20182458,CONSTRUCCION PASO BAJO NIVELFF.CC. AVDA. BISQUERTT,2004,PROYECTO,Transporte y Vialidad,"TRANSPORTE URBANO,VIALIDAD PEATONAL",FNDR,,66000.0,PERFIL,GOBIERNO REGIONAL - REGION VI LIBERT. BERNARDO O.,MUNICIPALIDAD DE RENGO,66000.0,Rengo (comunal),Comunal,-34.40518,-70.86324,2000s,Pre-PLADECO
20182491,CONSTRUCCION PAVIMENTACION CALLE JOSE TOMAS VALENCIA,2004,PROYECTO,Transporte y Vialidad,"TRANSPORTE URBANO,VIALIDAD PEATONAL",FNDR,,22129.0,PERFIL,GOBIERNO REGIONAL - REGION VI LIBERT. BERNARDO O.,MUNICIPALIDAD DE RENGO,22129.0,Rengo (comunal),Comunal,-34.40518,-70.86324,2000s,Pre-PLADECO
20182667,HABILITACION CINE TEATRO MUNCIPAL DE RENGO,2004,PROYECTO,Educación y Cultura,ARTE Y CULTURA,FNDR,,69758.0,PERFIL,GOBIERNO REGIONAL - REGION VI LIBERT. BERNARDO O.,MUNICIPALIDAD DE RENGO,69758.0,Rengo (comunal),Comunal,-34.40518,-70.86324,2000s,Pre-PLADECO
20182745,MEJORAMIENTO EJE VIAL AVDA. RIQUELME.COMUNA DE RENGO,2004,PROYECTO,Transporte y Vialidad,"TRANSPORTE URBANO,VIALIDAD PEATONAL",FNDR,,114805.0,PERFIL,GOBIERNO REGIONAL - REGION VI LIBERT. BERNARDO O.,MUNICIPALIDAD DE RENGO,114805.0,Rengo (comunal),Comunal,-34.40518,-70.86324,2000s,Pre-PLADECO
20182766,CONSTRUCCION CICLOVIA RUTA H-50-RENGO,2004,PROYECTO,Transporte y Vialidad,"TRANSPORTE URBANO,VIALIDAD PEATONAL",FNDR,,76005.0,PERFIL,GOBIERNO REGIONAL - REGION VI LIBERT. BERNARDO O.,MUNICIPALIDAD DE RENGO,76005.0,Rengo (comunal),Comunal,-34.40518,-70.86324,2000s,Pre-PLADECO
20182785,CONSTRUCCION CICLOVIA RUTA H-60-RENGO SECTOR VILLA DEL COBIL,2004,PROYECTO,Transporte y Vialidad,"TRANSPORTE URBANO,VIALIDAD PEATONAL",FNDR,,241383.0,PERFIL,GOBIERNO REGIONAL - REGION VI LIBERT. BERNARDO O.,MUNICIPALIDAD DE RENGO,241383.0,Cobil,Rural,-34.39994,-70.89498,2000s,Pre-PLADECO
20185458,CONSTRUCCION DE TRIBUNALES PARA LA REFORMA JUDICIAL EN RENGO,2004,PROYECTO,Justicia y Seguridad,ADMINISTRACION DE JUSTICIA,Sectorial,RS,75571.0,EJECUCION,CORPORACION ADMINISTRATIVA DEL PODER JUDICIAL,CORPORACION ADMINISTRATIVA DEL PODER JUDICIAL,378459.0,Rengo (comunal),Comunal,-34.40518,-70.86324,2000s,Pre-PLADECO
20189842,"MEJORAMIENTO Y AMPLIACIÓN SERVICIO APR DE LO DE LOBOS, RENGO",2004,PROYECTO,Recursos Hídricos,AGUA POTABLE,Sectorial,OT,40000.0,EJECUCION,DIRECCION DE OBRAS HIDRAULICAS,DIRECCION DE OBRAS HIDRAULICAS MOP VI REGION,201021.0,Lo De Lobo,Rural,-34.37523,-70.82941,2000s,Pre-PLADECO
20189843,REPOSICION SERVICIO AGUA POTABLE RURAL DE POPETA,2004,PROYECTO,Recursos Hídricos,AGUA POTABLE,Sectorial,RS,93150.0,EJECUCION,DIRECCION DE OBRAS HIDRAULICAS,DIRECCION DE OBRAS HIDRAULICAS MOP VI REGION,215836.0,Popeta,Rural,-34.42,-70.88,2000s,Pre-PLADECO
20191592,AMPLIACION ESCUELA EL NARANJAL,2004,PROYECTO,Educación y Cultura,EDUCACION BASICA Y MEDIA,FNDR,,81743.0,PERFIL,GOBIERNO REGIONAL - REGION VI LIBERT. BERNARDO O.,MUNICIPALIDAD DE RENGO,81743.0,Rengo (comunal),Comunal,-34.40518,-70.86324,2000s,Pre-PLADECO
20192011,CONSERVACION DEFENSAS FLUVIALES SECTOR POPETA A LA CHIMBA,2004,PROYECTO,Multisectorial,"DEFENSAS FLUVIALES,MARITIMAS Y CAUCES NATURALES",FNDR,,15937.0,PERFIL,GOBIERNO REGIONAL - REGION VI LIBERT. BERNARDO O.,MUNICIPALIDAD DE RENGO,15937.0,La Chimba,Rural,-34.40804,-70.81718,2000s,Pre-PLADECO
20192056,CONSTRUCCION AREAS VERDES DE PARQUES Y COMPLEJOS DEPORTIVOS,2004,PROYECTO,Multisectorial,MEDIO AMBIENTE,FNDR,,36000.0,PERFIL,GOBIERNO REGIONAL - REGION VI LIBERT. BERNARDO O.,MUNICIPALIDAD DE RENGO,36000.0,Rengo (comunal),Comunal,-34.40518,-70.86324,2000s,Pre-PLADECO
20192110,CONSTRUCCION AREAS VERDES CALLES Y PLAZAS DE LA COMUNA DE RENGO,2004,PROYECTO,Multisectorial,MEDIO AMBIENTE,FNDR,,36500.0,PERFIL,GOBIERNO REGIONAL - REGION VI LIBERT. BERNARDO O.,MUNICIPALIDAD DE RENGO,36500.0,Rengo (comunal),Comunal,-34.40518,-70.86324,2000s,Pre-PLADECO
20192136,CONSTRUCCION CAMARINES ESTADIO DE ROSARIO,2004,PROYECTO,Deporte,ADMINISTRACION DEPORTES Y RECREACION,Sectorial,FI,28000.0,PERFIL,INSTITUTO NACIONAL DE DEPORTES DE CHILE,MUNICIPALIDAD DE RENGO,28000.0,Rosario,Rural,-34.34788,-70.84245,2000s,Pre-PLADECO
20192163,CONSTRUCCION LOSA INICIACION DE PATINAJE,2004,PROYECTO,Deporte,DEPORTE RECREATIVO,FNDR,OT,18711.0,PERFIL,GOBIERNO REGIONAL - REGION VI LIBERT. BERNARDO O.,MUNICIPALIDAD DE RENGO,18711.0,Rengo (comunal),Comunal,-34.40518,-70.86324,2000s,Pre-PLADECO
20193368,"AMPLIACION AGUA POTABLE CALLEJONES SECTOR LA ESMERALDA, ROSARIO",2004,PROYECTO,Recursos Hídricos,AGUA POTABLE,FNDR,,30483.0,EJECUCION,GOBIERNO REGIONAL - REGION VI LIBERT. BERNARDO O.,MUNICIPALIDAD DE RENGO,30483.0,Esmeralda,Rural,-34.34281,-70.9049,2000s,Pre-PLADECO
30005466,CONSTRUCCION SEDE UNIVERSIDAD DE VALPARAISO EN RENGO,2004,PROYECTO,Educación y Cultura,EDUCACION SUPERIOR,FNDR,RS,100000.0,EJECUCION,GOBIERNO REGIONAL - REGION VI LIBERT. BERNARDO O.,GOBIERNO REGIONAL - REGION VI LIBERT. BERNARDO O.,1200000.0,Rengo (comunal),Comunal,-34.40518,-70.86324,2000s,Pre-PLADECO
30005981,CONSTRUCCION ALUMBRADO PUBLICO VARIOS SECTORES,2004,PROYECTO,Energía,ALUMBRADO PUBLICO,FNDR,RS,26240.0,PERFIL,GOBIERNO REGIONAL - REGION VI LIBERT. BERNARDO O.,MUNICIPALIDAD DE RENGO,26240.0,Rengo (comunal),Comunal,-34.40518,-70.86324,2000s,Pre-PLADECO
30006840,INVESTIGACION SOBRE EL DESARROLLO PRODUCTICO COMUNAL,2004,ESTUDIO BASICO,Turismo y Comercio,INTERSUBSECTORIAL COMERCIO Y TURISMO,FNDR,,27000.0,PERFIL,GOBIERNO REGIONAL - REGION VI LIBERT. BERNARDO O.,MUNICIPALIDAD DE RENGO,27000.0,Rengo (comunal),Comunal,-34.40518,-70.86324,2000s,Pre-PLADECO
30007507,EXPLOTACION DEL DESARROLLO TURISTICODEL SECTOR DE POPETA,2004,PROYECTO,Turismo y Comercio,INTERSUBSECTORIAL COMERCIO Y TURISMO,FNDR,,37000.0,PERFIL,GOBIERNO REGIONAL - REGION VI LIBERT. BERNARDO O.,MUNICIPALIDAD DE RENGO,37000.0,Popeta,Rural,-34.42,-70.88,2000s,Pre-PLADECO
30008803,CONSTRUCCION PAVIMENTACION CALLE LAUTARO NORTE - RENGO,2004,PROYECTO,Transporte y Vialidad,"TRANSPORTE URBANO,VIALIDAD PEATONAL",FNDR,,142000.0,PERFIL,GOBIERNO REGIONAL - REGION VI LIBERT. BERNARDO O.,MUNICIPALIDAD DE RENGO,142000.0,Rengo (comunal),Comunal,-34.40518,-70.86324,2000s,Pre-PLADECO
30008862,REPOSICION PARCIAL SALA CUNA BELLO HORIZONTE,2004,PROYECTO,Educación y Cultura,EDUCACION PREBASICA,FNDR,RS,67136.0,EJECUCION,GOBIERNO REGIONAL - REGION VI LIBERT. BERNARDO O.,GOBIERNO REGIONAL - REGION VI LIBERT. BERNARDO O.,67136.0,Rengo (comunal),Comunal,-34.40518,-70.86324,2000s,Pre-PLADECO
30029617,AMPLIACION PARA LA JEC ESCUELA SANTA TERESA DE AVILA DE RENGO,2004,PROYECTO,Educación y Cultura,EDUCACION BASICA Y MEDIA,Sectorial,FI,194002.0,EJECUCION,GOBIERNO REGIONAL - REGION VI LIBERT. BERNARDO O. - SUBSECRETARIA DE EDUCACION,MUNICIPALIDAD DE RENGO,229984.0,Rengo (comunal),Comunal,-34.40518,-70.86324,2000s,Pre-PLADECO
30029617,AMPLIACION PARA LA JEC ESCUELA SANTA TERESA DE AVILA DE RENGO,2004,PROYECTO,Educación y Cultura,EDUCACION BASICA Y MEDIA,Sectorial,RS,12000.0,EJECUCION,SUBSECRETARIA DE EDUCACION,MUNICIPALIDAD DE RENGO,12000.0,Rengo (comunal),Comunal,-34.40518,-70.86324,2000s,Pre-PLADECO
30029622,AMPLIACION PARA LA JEC ESCUELA RIO CLARO LA ISLA LOCAL 1,2004,PROYECTO,Educación y Cultura,EDUCACION BASICA Y MEDIA,Sectorial,RS,3800.0,EJECUCION,SUBSECRETARIA DE EDUCACION,MUNICIPALIDAD DE RENGO,3800.0,Rengo (comunal),Comunal,-34.40518,-70.86324,2000s,Pre-PLADECO
30037649,EQUIPAMIENTO MONITOR SALA RECUPERACION HOSPITAL RENGO,2004,PROYECTO,Salud,MEDIA COMPLEJIDAD,FNDR,RS,11398.0,EJECUCION,GOBIERNO REGIONAL - REGION VI LIBERT. BERNARDO O.,SEREMI SALUD VI REGION LIB.GRAL.BERNADO O´HIGGINS,11398.0,Rengo (comunal),Comunal,-34.40518,-70.86324,2000s,Pre-PLADECO
30038182,INSTALACION Y  CONSTRUCCION MONUMENTO CACIQUE RENGO.,2004,PROYECTO,Educación y Cultura,ARTE Y CULTURA,FNDR,RS,5737.0,EJECUCION,GOBIERNO REGIONAL - REGION VI LIBERT. BERNARDO O.,GOBIERNO REGIONAL - REGION VI LIBERT. BERNARDO O.,5737.0,Rengo (comunal),Comunal,-34.40518,-70.86324,2000s,Pre-PLADECO
30038320,CONSTRUCCION PARA LA JEC ESCUELA RIO CLARO LA ISLA LOCAL 2,2004,PROYECTO,Educación y Cultura,EDUCACION BASICA Y MEDIA,Sectorial,RS,3800.0,EJECUCION,SUBSECRETARIA DE EDUCACION,MUNICIPALIDAD DE RENGO,3800.0,Rengo (comunal),Comunal,-34.40518,-70.86324,2000s,Pre-PLADECO
20163169,"MEJORAMIENTO Y AMPLIACIÓN SISTEMA A.P.R. LO CARTAGENA, RENGO",2005,PROYECTO,Recursos Hídricos,AGUA POTABLE,FNDR,RS,997.0,EJECUCION,GOBIERNO REGIONAL - REGION VI LIBERT. BERNARDO O.,DIRECCION DE OBRAS HIDRAULICAS MOP VI REGION,70428.0,Lo Cartagena,Rural,-34.39026,-70.8737,2000s,Pre-PLADECO
20163170,MEJORAMIENTO SERVICIO APR HUILQUIO CERRILLOS,2005,PROYECTO,Recursos Hídricos,AGUA POTABLE,FNDR,RS,122291.0,EJECUCION,GOBIERNO REGIONAL - REGION VI LIBERT. BERNARDO O.,DIRECCION DE OBRAS HIDRAULICAS MOP VI REGION,153062.0,Rengo (comunal),Comunal,-34.40518,-70.86324,2000s,Pre-PLADECO
20182032,AMPLIACION ESCUELA GUSTAVO BISQUERTT S. DE POPETA RENGO,2005,PROYECTO,Educación y Cultura,EDUCACION BASICA Y MEDIA,FNDR,FI,109564.0,PERFIL,GOBIERNO REGIONAL - REGION VI LIBERT. BERNARDO O.,MUNICIPALIDAD DE RENGO,109564.0,Popeta,Rural,-34.42,-70.88,2000s,Pre-PLADECO
20182113,CONSTRUCCION CONSULTORIO URBANO PARA RENGO,2005,PROYECTO,Salud,BAJA COMPLEJIDAD,FNDR,RS,19708.0,EJECUCION,GOBIERNO REGIONAL - REGION VI LIBERT. BERNARDO O.,MUNICIPALIDAD DE RENGO,19708.0,Rengo (comunal),Comunal,-34.40518,-70.86324,2000s,Pre-PLADECO
20182113,CONSTRUCCION CONSULTORIO URBANO PARA RENGO,2005,PROYECTO,Salud,BAJA COMPLEJIDAD,FNDR,RS,101281.0,EJECUCION,MUNICIPALIDAD DE RENGO - GOBIERNO REGIONAL - REGION VI LIBERT. BERNARDO O.,MUNICIPALIDAD DE RENGO,975115.0,Rengo (comunal),Comunal,-34.40518,-70.86324,2000s,Pre-PLADECO
20182458,CONSTRUCCION PASO BAJO NIVELFF.CC. AVDA. BISQUERTT,2005,PROYECTO,Transporte y Vialidad,"TRANSPORTE URBANO,VIALIDAD PEATONAL",FNDR,OT,16000.0,PERFIL,GOBIERNO REGIONAL - REGION VI LIBERT. BERNARDO O.,MUNICIPALIDAD DE RENGO,16000.0,Rengo (comunal),Comunal,-34.40518,-70.86324,2000s,Pre-PLADECO
20185458,CONSTRUCCION DE TRIBUNALES PARA LA REFORMA JUDICIAL EN RENGO,2005,PROYECTO,Justicia y Seguridad,ADMINISTRACION DE JUSTICIA,Sectorial,RS,46473.0,EJECUCION,CORPORACION ADMINISTRATIVA DEL PODER JUDICIAL,CORPORACION ADMINISTRATIVA DEL PODER JUDICIAL,381990.0,Rengo (comunal),Comunal,-34.40518,-70.86324,2000s,Pre-PLADECO
20189842,"MEJORAMIENTO Y AMPLIACIÓN SERVICIO APR DE LO DE LOBOS, RENGO",2005,PROYECTO,Recursos Hídricos,AGUA POTABLE,Sectorial,FI,38176.0,EJECUCION,DIRECCION DE OBRAS HIDRAULICAS,DIRECCION DE OBRAS HIDRAULICAS MOP VI REGION,129875.0,Lo De Lobo,Rural,-34.37523,-70.82941,2000s,Pre-PLADECO
20189843,REPOSICION SERVICIO AGUA POTABLE RURAL DE POPETA,2005,PROYECTO,Recursos Hídricos,AGUA POTABLE,Sectorial,RS,97139.0,EJECUCION,DIRECCION DE OBRAS HIDRAULICAS,DIRECCION DE OBRAS HIDRAULICAS MOP VI REGION,190289.0,Popeta,Rural,-34.42,-70.88,2000s,Pre-PLADECO
20192011,CONSERVACION DEFENSAS FLUVIALES SECTOR POPETA A LA CHIMBA,2005,PROYECTO,Multisectorial,"DEFENSAS FLUVIALES,MARITIMAS Y CAUCES NATURALES",FNDR,OT,16108.0,PERFIL,GOBIERNO REGIONAL - REGION VI LIBERT. BERNARDO O.,MUNICIPALIDAD DE RENGO,16108.0,La Chimba,Rural,-34.40804,-70.81718,2000s,Pre-PLADECO
20192136,CONSTRUCCION CAMARINES ESTADIO DE ROSARIO,2005,PROYECTO,Deporte,ADMINISTRACION DEPORTES Y RECREACION,FNDR,OT,28299.0,PERFIL,GOBIERNO REGIONAL - REGION VI LIBERT. BERNARDO O.,MUNICIPALIDAD DE RENGO,28299.0,Rosario,Rural,-34.34788,-70.84245,2000s,Pre-PLADECO
20192163,CONSTRUCCION LOSA INICIACION DE PATINAJE,2005,PROYECTO,Deporte,DEPORTE RECREATIVO,FNDR,OT,18911.0,PERFIL,GOBIERNO REGIONAL - REGION VI LIBERT. BERNARDO O.,MUNICIPALIDAD DE RENGO,18911.0,Rengo (comunal),Comunal,-34.40518,-70.86324,2000s,Pre-PLADECO
20193368,"AMPLIACION AGUA POTABLE CALLEJONES SECTOR LA ESMERALDA, ROSARIO",2005,PROYECTO,Recursos Hídricos,AGUA POTABLE,FNDR,FI,30810.0,EJECUCION,GOBIERNO REGIONAL - REGION VI LIBERT. BERNARDO O.,MUNICIPALIDAD DE RENGO,30810.0,Esmeralda,Rural,-34.34281,-70.9049,2000s,Pre-PLADECO
30005466,CONSTRUCCION SEDE UNIVERSIDAD DE VALPARAISO EN RENGO,2005,PROYECTO,Educación y Cultura,EDUCACION SUPERIOR,FNDR,RS,714667.0,EJECUCION,GOBIERNO REGIONAL - REGION VI LIBERT. BERNARDO O.,GOBIERNO REGIONAL - REGION VI LIBERT. BERNARDO O.,1083493.0,Rengo (comunal),Comunal,-34.40518,-70.86324,2000s,Pre-PLADECO
30008862,REPOSICION PARCIAL SALA CUNA BELLO HORIZONTE,2005,PROYECTO,Educación y Cultura,EDUCACION PREBASICA,FNDR,RS,60564.0,EJECUCION,GOBIERNO REGIONAL - REGION VI LIBERT. BERNARDO O.,GOBIERNO REGIONAL - REGION VI LIBERT. BERNARDO O.,60564.0,Rengo (comunal),Comunal,-34.40518,-70.86324,2000s,Pre-PLADECO
30029617,AMPLIACION PARA LA JEC ESCUELA SANTA TERESA DE AVILA DE RENGO,2005,PROYECTO,Educación y Cultura,EDUCACION BASICA Y MEDIA,Sectorial,RS,199316.0,EJECUCION,GOBIERNO REGIONAL - REGION VI LIBERT. BERNARDO O. - SUBSECRETARIA DE EDUCACION,MUNICIPALIDAD DE RENGO,199316.0,Rengo (comunal),Comunal,-34.40518,-70.86324,2000s,Pre-PLADECO
30029622,AMPLIACION PARA LA JEC ESCUELA RIO CLARO LA ISLA LOCAL 1,2005,PROYECTO,Educación y Cultura,EDUCACION BASICA Y MEDIA,Sectorial,RS,50571.0,EJECUCION,GOBIERNO REGIONAL - REGION VI LIBERT. BERNARDO O. - SUBSECRETARIA DE EDUCACION,MUNICIPALIDAD DE RENGO,136292.0,Rengo (comunal),Comunal,-34.40518,-70.86324,2000s,Pre-PLADECO
30035471,HABILITACION GIMNASIO DEPORTIVO LA ISLA,2005,PROYECTO,Deporte,DEPORTE COMPETITIVO,FNDR,OT,52900.0,PERFIL,GOBIERNO REGIONAL - REGION VI LIBERT. BERNARDO O.,MUNICIPALIDAD DE RENGO,52900.0,Rengo (comunal),Comunal,-34.40518,-70.86324,2000s,Pre-PLADECO
30038320,CONSTRUCCION PARA LA JEC ESCUELA RIO CLARO LA ISLA LOCAL 2,2005,PROYECTO,Educación y Cultura,EDUCACION BASICA Y MEDIA,Sectorial,RS,51114.0,EJECUCION,MUNICIPALIDAD DE RENGO - GOBIERNO REGIONAL - REGION VI LIBERT. BERNARDO O. - SUB,MUNICIPALIDAD DE RENGO,373698.0,Rengo (comunal),Comunal,-34.40518,-70.86324,2000s,Pre-PLADECO
30040079,MEJORAMIENTO LICEO TOMAS MARIN DE POVEDA,2005,PROYECTO,Educación y Cultura,EDUCACION BASICA Y MEDIA,Sectorial,FI,6517.0,EJECUCION,SUBSECRETARIA DE EDUCACION,MUNICIPALIDAD DE RENGO,6517.0,Rengo (comunal),Comunal,-34.40518,-70.86324,2000s,Pre-PLADECO
30040081,CONSTRUCCION LICEO INDUSTRIAL DE RENGO,2005,PROYECTO,Educación y Cultura,EDUCACION BASICA Y MEDIA,Sectorial,FI,62256.0,EJECUCION,SUBSECRETARIA DE EDUCACION,MUNICIPALIDAD DE RENGO,62256.0,Rengo (comunal),Comunal,-34.40518,-70.86324,2000s,Pre-PLADECO
30040083,AMPLIACION ESCUELA DE APALTA PARA LA JEC,2005,PROYECTO,Educación y Cultura,EDUCACION BASICA Y MEDIA,Sectorial,FI,14000.0,EJECUCION,SUBSECRETARIA DE EDUCACION,MUNICIPALIDAD DE RENGO,14000.0,Apalta,Rural,-34.33885,-70.86644,2000s,Pre-PLADECO
30040161,AMPLIACION PARA LA JEC LICEO LUIS URBINA FLORES,2005,PROYECTO,Educación y Cultura,EDUCACION BASICA Y MEDIA,Sectorial,RS,9000.0,EJECUCION,SUBSECRETARIA DE EDUCACION,MUNICIPALIDAD DE RENGO,9000.0,Rengo (comunal),Comunal,-34.40518,-70.86324,2000s,Pre-PLADECO
30040163,CONSTRUCCION PARA LA JEC LICEO ORIENTE,2005,PROYECTO,Educación y Cultura,EDUCACION BASICA Y MEDIA,Sectorial,RS,43000.0,EJECUCION,SUBSECRETARIA DE EDUCACION,MUNICIPALIDAD DE RENGO,43000.0,Rengo (comunal),Comunal,-34.40518,-70.86324,2000s,Pre-PLADECO
30051152,"MEJORAMIENTO SERVICIO DE APR EL TREBAL - CERRILLOS, COMUNA DE RENGO",2005,PROYECTO,Recursos Hídricos,AGUA POTABLE,Sectorial,OT,13644.0,EJECUCION,DIRECCION DE OBRAS HIDRAULICAS,DIRECCION DE OBRAS HIDRAULICAS MOP VI REGION,13644.0,Rengo (comunal),Comunal,-34.40518,-70.86324,2000s,Pre-PLADECO
30058196,CONSTRUCCION ALUMB PUB. PTE. LA CHIMBA Y CAMINO CHANQUEAHUE DE RENGO,2005,PROYECTO,Energía,ALUMBRADO PUBLICO,FNDR,RS,3853.0,EJECUCION,GOBIERNO REGIONAL - REGION VI LIBERT. BERNARDO O.,MUNICIPALIDAD DE RENGO,3853.0,Chanqueahue,Rural,-34.4335,-70.78779,2000s,Pre-PLADECO
30059065,CONSTRUCCION ALUMBRADO PUBLICO LOS CHOAPINOS DE LA COMUNA DE RENGO,2005,PROYECTO,Energía,ALUMBRADO PUBLICO,FNDR,RS,2420.0,EJECUCION,GOBIERNO REGIONAL - REGION VI LIBERT. BERNARDO O.,MUNICIPALIDAD DE RENGO,2420.0,Los Choapinos,Rural,-34.3192,-70.83674,2000s,Pre-PLADECO
30059749,CONSTRUCCION ALUMBRADO PUBL LOS CHOAPINOS INIA COMUNA DE RENGO,2005,PROYECTO,Energía,ALUMBRADO PUBLICO,FNDR,RS,1361.0,EJECUCION,GOBIERNO REGIONAL - REGION VI LIBERT. BERNARDO O.,MUNICIPALIDAD DE RENGO,1361.0,Los Choapinos,Rural,-34.3192,-70.83674,2000s,Pre-PLADECO
20146715,CONSTRUCCION CUARTEL TERCERA COMPAÑIA DE BOMBEROS ROSARIO - RENGO,2006,PROYECTO,Seguridad Pública,SEGURIDAD PÃšBLICA,FNDR,FI,112149.0,EJECUCION,GOBIERNO REGIONAL - REGION VI LIBERT. BERNARDO O.,MUNICIPALIDAD DE RENGO,112149.0,Rosario,Rural,-34.34788,-70.84245,2000s,Pre-PLADECO
20157590,CONSTRUCCION PAVIMENTACION CALLE CHORRILLOS RENGO,2006,PROYECTO,Transporte y Vialidad,"TRANSPORTE URBANO,VIALIDAD PEATONAL",FNDR,FI,53265.0,PERFIL,GOBIERNO REGIONAL - REGION VI LIBERT. BERNARDO O.,MUNICIPALIDAD DE RENGO,53265.0,Rengo (comunal),Comunal,-34.40518,-70.86324,2000s,Pre-PLADECO
20163169,"MEJORAMIENTO Y AMPLIACIÓN SISTEMA A.P.R. LO CARTAGENA, RENGO",2006,PROYECTO,Recursos Hídricos,AGUA POTABLE,FNDR,RS,71140.0,EJECUCION,GOBIERNO REGIONAL - REGION VI LIBERT. BERNARDO O.,DIRECCION DE OBRAS HIDRAULICAS MOP VI REGION,72137.0,Lo Cartagena,Rural,-34.39026,-70.8737,2000s,Pre-PLADECO
20182032,AMPLIACION ESCUELA GUSTAVO BISQUERTT S. DE POPETA RENGO,2006,PROYECTO,Educación y Cultura,EDUCACION BASICA Y MEDIA,FNDR,OT,112224.0,PERFIL,GOBIERNO REGIONAL - REGION VI LIBERT. BERNARDO O.,MUNICIPALIDAD DE RENGO,112224.0,Popeta,Rural,-34.42,-70.88,2000s,Pre-PLADECO
20182113,CONSTRUCCION CONSULTORIO URBANO PARA RENGO,2006,PROYECTO,Salud,BAJA COMPLEJIDAD,FNDR,RS,308596.0,EJECUCION,GOBIERNO REGIONAL - REGION VI LIBERT. BERNARDO O.,MUNICIPALIDAD DE RENGO,998790.0,Rengo (comunal),Comunal,-34.40518,-70.86324,2000s,Pre-PLADECO
20182745,MEJORAMIENTO EJE VIAL AVDA. RIQUELME.COMUNA DE RENGO,2006,PROYECTO,Transporte y Vialidad,"TRANSPORTE URBANO,VIALIDAD PEATONAL",FNDR,OT,118855.0,PERFIL,GOBIERNO REGIONAL - REGION VI LIBERT. BERNARDO O.,MUNICIPALIDAD DE RENGO,118855.0,Rengo (comunal),Comunal,-34.40518,-70.86324,2000s,Pre-PLADECO
20185458,CONSTRUCCION DE TRIBUNALES PARA LA REFORMA JUDICIAL EN RENGO,2006,PROYECTO,Justicia y Seguridad,ADMINISTRACION DE JUSTICIA,Sectorial,RA,46896.0,EJECUCION,CORPORACION ADMINISTRATIVA DEL PODER JUDICIAL,CORPORACION ADMINISTRATIVA DEL PODER JUDICIAL,390560.0,Rengo (comunal),Comunal,-34.40518,-70.86324,2000s,Pre-PLADECO
20189842,"MEJORAMIENTO Y AMPLIACIÓN SERVICIO APR DE LO DE LOBOS, RENGO",2006,PROYECTO,Recursos Hídricos,AGUA POTABLE,Sectorial,RS,31041.0,EJECUCION,AGUA POTABLE RURAL,DIRECCION DE OBRAS HIDRAULICAS MOP VI REGION,153588.0,Lo De Lobo,Rural,-34.37523,-70.82941,2000s,Pre-PLADECO
20193368,"AMPLIACION AGUA POTABLE CALLEJONES SECTOR LA ESMERALDA, ROSARIO",2006,PROYECTO,Recursos Hídricos,AGUA POTABLE,FNDR,RS,29657.0,EJECUCION,GOBIERNO REGIONAL - REGION VI LIBERT. BERNARDO O.,MUNICIPALIDAD DE RENGO,29657.0,Esmeralda,Rural,-34.34281,-70.9049,2000s,Pre-PLADECO
30005466,CONSTRUCCION SEDE UNIVERSIDAD DE VALPARAISO EN RENGO,2006,PROYECTO,Educación y Cultura,EDUCACION SUPERIOR,FNDR,RS,1132000.0,EJECUCION,GOBIERNO REGIONAL - REGION VI LIBERT. BERNARDO O.,GOBIERNO REGIONAL - REGION VI LIBERT. BERNARDO O.,1332000.0,Rengo (comunal),Comunal,-34.40518,-70.86324,2000s,Pre-PLADECO
30008803,CONSTRUCCION PAVIMENTACION CALLE LAUTARO NORTE - RENGO,2006,PROYECTO,Transporte y Vialidad,"TRANSPORTE URBANO,VIALIDAD PEATONAL",FNDR,FI,147007.0,PERFIL,GOBIERNO REGIONAL - REGION VI LIBERT. BERNARDO O.,MUNICIPALIDAD DE RENGO,147007.0,Rengo (comunal),Comunal,-34.40518,-70.86324,2000s,Pre-PLADECO
30008862,REPOSICION PARCIAL SALA CUNA BELLO HORIZONTE,2006,PROYECTO,Educación y Cultura,EDUCACION PREBASICA,FNDR,RS,31258.0,EJECUCION,GOBIERNO REGIONAL - REGION VI LIBERT. BERNARDO O.,GOBIERNO REGIONAL - REGION VI LIBERT. BERNARDO O.,75256.0,Rengo (comunal),Comunal,-34.40518,-70.86324,2000s,Pre-PLADECO
30029617,AMPLIACION PARA LA JEC ESCUELA SANTA TERESA DE AVILA DE RENGO,2006,PROYECTO,Educación y Cultura,EDUCACION BASICA Y MEDIA,Sectorial,RS,196808.0,EJECUCION,GOBIERNO REGIONAL - REGION VI LIBERT. BERNARDO O. - SUBSECRETARIA DE EDUCACION,MUNICIPALIDAD DE RENGO,198308.0,Rengo (comunal),Comunal,-34.40518,-70.86324,2000s,Pre-PLADECO
30029622,AMPLIACION PARA LA JEC ESCUELA RIO CLARO LA ISLA LOCAL 1,2006,PROYECTO,Educación y Cultura,EDUCACION BASICA Y MEDIA,Sectorial,RS,139599.0,EJECUCION,GOBIERNO REGIONAL - REGION VI LIBERT. BERNARDO O. - SUBSECRETARIA DE EDUCACION,MUNICIPALIDAD DE RENGO,139599.0,Rengo (comunal),Comunal,-34.40518,-70.86324,2000s,Pre-PLADECO
30038320,CONSTRUCCION PARA LA JEC ESCUELA RIO CLARO LA ISLA LOCAL 2,2006,PROYECTO,Educación y Cultura,EDUCACION BASICA Y MEDIA,Sectorial,RS,382771.0,EJECUCION,MUNICIPALIDAD DE RENGO - GOBIERNO REGIONAL - REGION VI LIBERT. BERNARDO O. - SUB,MUNICIPALIDAD DE RENGO,382771.0,Rengo (comunal),Comunal,-34.40518,-70.86324,2000s,Pre-PLADECO
30040079,MEJORAMIENTO LICEO TOMAS MARIN  DE POVEDA,2006,PROYECTO,Educación y Cultura,EDUCACION BASICA Y MEDIA,Sectorial,OT,257881.0,EJECUCION,GOBIERNO REGIONAL - REGION VI LIBERT. BERNARDO O. - SUBSECRETARIA DE EDUCACION,MUNICIPALIDAD DE RENGO,257881.0,Rengo (comunal),Comunal,-34.40518,-70.86324,2000s,Pre-PLADECO
30040079,MEJORAMIENTO LICEO TOMAS MARIN  DE POVEDA,2006,PROYECTO,Educación y Cultura,EDUCACION BASICA Y MEDIA,Sectorial,RS,7427.0,EJECUCION,SUBSECRETARIA DE EDUCACION,MUNICIPALIDAD DE RENGO,7427.0,Rengo (comunal),Comunal,-34.40518,-70.86324,2000s,Pre-PLADECO
30040081,CONSTRUCCION LICEO INDUSTRIAL DE RENGO,2006,PROYECTO,Educación y Cultura,EDUCACION BASICA Y MEDIA,Sectorial,RS,67067.0,EJECUCION,SUBSECRETARIA DE EDUCACION,MUNICIPALIDAD DE RENGO,67067.0,Rengo (comunal),Comunal,-34.40518,-70.86324,2000s,Pre-PLADECO
30040081,CONSTRUCCION LICEO INDUSTRIAL DE RENGO,2006,PROYECTO,Educación y Cultura,EDUCACION BASICA Y MEDIA,Sectorial,OT,672377.0,EJECUCION,GOBIERNO REGIONAL - REGION VI LIBERT. BERNARDO O. - SUBSECRETARIA DE EDUCACION,MUNICIPALIDAD DE RENGO,1512425.0,Rengo (comunal),Comunal,-34.40518,-70.86324,2000s,Pre-PLADECO
30040083,AMPLIACION ESCUELA DE APALTA PARA LA JEC,2006,PROYECTO,Educación y Cultura,EDUCACION BASICA Y MEDIA,Sectorial,RS,14338.0,EJECUCION,SUBSECRETARIA DE EDUCACION,MUNICIPALIDAD DE RENGO,14338.0,Apalta,Rural,-34.33885,-70.86644,2000s,Pre-PLADECO
30040161,AMPLIACION PARA LA JEC LICEO LUIS URBINA FLORES,2006,PROYECTO,Educación y Cultura,EDUCACION BASICA Y MEDIA,Sectorial,RS,51544.0,EJECUCION,MUNICIPALIDAD DE RENGO - GOBIERNO REGIONAL - REGION VI LIBERT. BERNARDO O. - SUB,MUNICIPALIDAD DE RENGO,353969.0,Rengo (comunal),Comunal,-34.40518,-70.86324,2000s,Pre-PLADECO
30040163,CONSTRUCCION PARA LA JEC LICEO ORIENTE,2006,PROYECTO,Educación y Cultura,EDUCACION BASICA Y MEDIA,Sectorial,RS,52055.0,EJECUCION,GOBIERNO REGIONAL - REGION VI LIBERT. BERNARDO O. - SUBSECRETARIA DE EDUCACION,MUNICIPALIDAD DE RENGO,1383809.0,Rengo (comunal),Comunal,-34.40518,-70.86324,2000s,Pre-PLADECO
30042908,CONSTRUCCION COLECTOR DE AGUAS LLUVIAS EGENAU RENGO URBANO I ETAPA,2006,PROYECTO,Transporte y Vialidad,"TRANSPORTE URBANO,VIALIDAD PEATONAL",FNDR,OT,48278.0,PERFIL,GOBIERNO REGIONAL - REGION VI LIBERT. BERNARDO O.,MUNICIPALIDAD DE RENGO,48278.0,Rengo Urbano,Urbano,-34.40518,-70.86324,2000s,Pre-PLADECO
30043582,MEJORAMIENTO CALLES BALMACEDA Y TOMAS VALENCIA-RENGO,2006,PROYECTO,Transporte y Vialidad,"TRANSPORTE URBANO,VIALIDAD PEATONAL",FNDR,RS,96272.0,EJECUCION,GOBIERNO REGIONAL - REGION VI LIBERT. BERNARDO O.,MUNICIPALIDAD DE RENGO,96272.0,Rengo (comunal),Comunal,-34.40518,-70.86324,2000s,Pre-PLADECO
30043967,REPOSICION EDIFICIO CONSISTORIAL MUNICIPALIDAD DE RENGO,2006,PROYECTO,Multisectorial,ADMINISTRACION MULTISECTOR,Municipal,RS,20500.0,PREFACTIBILIDAD,MUNICIPALIDAD DE RENGO,MUNICIPALIDAD DE RENGO,20500.0,Rengo (comunal),Comunal,-34.40518,-70.86324,2000s,Pre-PLADECO
30044907,"MEJORAMIENTO SERVICIO DE APR LOS CHOAPINOS, COMUNA DE RENGO",2006,PROYECTO,Recursos Hídricos,AGUA POTABLE,FNDR,RS,38102.0,EJECUCION,GOBIERNO REGIONAL - REGION VI LIBERT. BERNARDO O.,MUNICIPALIDAD DE RENGO,38102.0,Los Choapinos,Rural,-34.3192,-70.83674,2000s,Pre-PLADECO
30046192,CONSTRUCCION GIMNASIO MUNICIPAL DE ROSARIO,2006,PROYECTO,Deporte,DEPORTE RECREATIVO,FNDR,RS,1669.0,EJECUCION,GOBIERNO REGIONAL - REGION VI LIBERT. BERNARDO O.,MUNICIPALIDAD DE RENGO,276000.0,Rosario,Rural,-34.34788,-70.84245,2000s,Pre-PLADECO
30051152,"MEJORAMIENTO SERVICIO DE APR EL TREBAL - CERRILLOS, COMUNA DE RENGO",2006,PROYECTO,Recursos Hídricos,AGUA POTABLE,Sectorial,RS,1460.0,EJECUCION,AGUA POTABLE RURAL,DIRECCION DE OBRAS HIDRAULICAS MOP VI REGION,14567.0,Rengo (comunal),Comunal,-34.40518,-70.86324,2000s,Pre-PLADECO
30057802,"INSTALACION SERVICIO DE APR LAS NIEVES, COMUNA DE RENGO",2006,PROYECTO,Recursos Hídricos,AGUA POTABLE,Sectorial,OT,7076.0,PERFIL,AGUA POTABLE RURAL,DIRECCION DE OBRAS HIDRAULICAS MOP VI REGION,7076.0,Rengo (comunal),Comunal,-34.40518,-70.86324,2000s,Pre-PLADECO
30058343,CONSTRUCCION COLECTOR DE A. LLUVIAS EGENAU TRAMO SAN MARTIN-COLOCOLO,2006,PROYECTO,Recursos Hídricos,EVACUACION DISPOSICION FINAL AGUAS SERVIDAS,Municipal,RS,18000.0,PERFIL,MUNICIPALIDAD DE RENGO,MUNICIPALIDAD DE RENGO,18000.0,Rengo (comunal),Comunal,-34.40518,-70.86324,2000s,Pre-PLADECO
30058350,CONSTRUCCION COLECTOR DE A. LLUVIAS  PORTALES TRAMO CONDELL-VENEGAS,2006,PROYECTO,Recursos Hídricos,EVACUACION DISPOSICION FINAL AGUAS SERVIDAS,Municipal,RS,19000.0,PERFIL,MUNICIPALIDAD DE RENGO,MUNICIPALIDAD DE RENGO,19000.0,Rengo (comunal),Comunal,-34.40518,-70.86324,2000s,Pre-PLADECO
30058540,CONSERVACION DE CANAL POBLACION Y MUNICIPALIDAD RENGO URBANO,2006,PROYECTO,Multisectorial,"DEFENSAS FLUVIALES,MARITIMAS Y CAUCES NATURALES",Municipal,RS,15928.0,PERFIL,MUNICIPALIDAD DE RENGO,MUNICIPALIDAD DE RENGO,15928.0,Rengo Urbano,Urbano,-34.40518,-70.86324,2000s,Pre-PLADECO
30060027,ACTUALIZACION DEL PLAN DE DESARROLLO COMUNAL DE RENGO,2006,ESTUDIO BASICO,Multisectorial,ADMINISTRACION MULTISECTOR,Municipal,RS,19525.0,PERFIL,MUNICIPALIDAD DE RENGO,MUNICIPALIDAD DE RENGO,19525.0,Rengo (comunal),Comunal,-34.40518,-70.86324,2000s,Pre-PLADECO
30060033,DIAGNOSTICO SISTEMA DE EVACUACION DE AGUAS LLUVIAS DE RENGO,2006,ESTUDIO BASICO,Recursos Hídricos,EVACUACION DISPOSICION FINAL AGUAS SERVIDAS,Municipal,RS,60000.0,PERFIL,MUNICIPALIDAD DE RENGO,MUNICIPALIDAD DE RENGO,60000.0,Rengo (comunal),Comunal,-34.40518,-70.86324,2000s,Pre-PLADECO
30060217,"CONSTRUCCION CASETAS SANITARIAS SECTOR LA ISLA, RENGO",2006,PROYECTO,Vivienda y Urbanismo,SOLUCION HABITACIONAL PARCIAL O COMPLEMENTARIA,Sectorial,RS,15265.0,EJECUCION,SUBSECRETARIA DESARROLLO REGIONAL Y ADMINISTRATIVO,MUNICIPALIDAD DE RENGO,15265.0,Rengo (comunal),Comunal,-34.40518,-70.86324,2000s,Pre-PLADECO
30061072,CONSTRUCCION MULTICANCHA LAS PATAGUAS,2006,PROYECTO,Deporte,DEPORTE FORMATIVO,FNDR,,1669.0,PERFIL,GOBIERNO REGIONAL - REGION VI LIBERT. BERNARDO O.,MUNICIPALIDAD DE RENGO,1669.0,Las Pataguas,Rural,-34.3905,-70.95144,2000s,Pre-PLADECO
30061340,MEJORAMIENTO SERVICIO URGENCIA Y SALA MULTIUSO HOSPITAL RENGO,2006,PROYECTO,Salud,MEDIA COMPLEJIDAD,FNDR,RS,16652.0,EJECUCION,GOBIERNO REGIONAL - REGION VI LIBERT. BERNARDO O.,SERVICIO SALUD OHIGGINS,16652.0,Rengo (comunal),Comunal,-34.40518,-70.86324,2000s,Pre-PLADECO
30062133,CONSTRUCCION CUBIERTA  MULTICANCHA UNION COMUNAL ADULTO MAYOR,2006,PROYECTO,Multisectorial,ORGANIZACION Y SERVICIOS COMUNALES,FNDR,OT,17556.0,PERFIL,GOBIERNO REGIONAL - REGION VI LIBERT. BERNARDO O.,MUNICIPALIDAD DE RENGO,17556.0,Rengo (comunal),Comunal,-34.40518,-70.86324,2000s,Pre-PLADECO
20145235,CONSTRUCCION PARQUE PISCINA DE RENGO,2007,PROYECTO,Multisectorial,DESARROLLO URBANO,FNDR,,448000.0,PERFIL,GOBIERNO REGIONAL - REGION VI LIBERT. BERNARDO O.,MUNICIPALIDAD DE RENGO,448000.0,Rengo (comunal),Comunal,-34.40518,-70.86324,2000s,Pre-PLADECO
20146715,CONSTRUCCION CUARTEL TERCERA COMPAÑIA DE BOMBEROS ROSARIO - RENGO,2007,PROYECTO,Seguridad Pública,SEGURIDAD PÃšBLICA,FNDR,RS,134540.0,EJECUCION,GOBIERNO REGIONAL - REGION VI LIBERT. BERNARDO O.,MUNICIPALIDAD DE RENGO,134540.0,Rosario,Rural,-34.34788,-70.84245,2000s,Pre-PLADECO
20157590,CONSTRUCCION PAVIMENTACION CALLE CHORRILLOS RENGO,2007,PROYECTO,Transporte y Vialidad,"TRANSPORTE URBANO,VIALIDAD PEATONAL",FNDR,FI,92206.0,PERFIL,GOBIERNO REGIONAL - REGION VI LIBERT. BERNARDO O.,MUNICIPALIDAD DE RENGO,92206.0,Rengo (comunal),Comunal,-34.40518,-70.86324,2000s,Pre-PLADECO
20182113,CONSTRUCCION CONSULTORIO URBANO PARA RENGO,2007,PROYECTO,Salud,BAJA COMPLEJIDAD,FNDR,RS,1034869.0,EJECUCION,GOBIERNO REGIONAL - REGION VI LIBERT. BERNARDO O.,MUNICIPALIDAD DE RENGO,1035381.0,Rengo (comunal),Comunal,-34.40518,-70.86324,2000s,Pre-PLADECO
20182417,CONSTRUCCION PAVIMENTACIÓN AVENIDA LAS TORRES COMUNA DE RENGO,2007,PROYECTO,Transporte y Vialidad,"TRANSPORTE URBANO,VIALIDAD PEATONAL",FNDR,RS,132878.0,EJECUCION,GOBIERNO REGIONAL - REGION VI LIBERT. BERNARDO O.,MUNICIPALIDAD DE RENGO,132878.0,Rengo (comunal),Comunal,-34.40518,-70.86324,2000s,Pre-PLADECO
20182458,CONSTRUCCION PASO BAJO NIVELFF.CC. AVDA. BISQUERTT,2007,PROYECTO,Transporte y Vialidad,"TRANSPORTE URBANO,VIALIDAD PEATONAL",FNDR,,106000.0,PERFIL,GOBIERNO REGIONAL - REGION VI LIBERT. BERNARDO O.,MUNICIPALIDAD DE RENGO,106000.0,Rengo (comunal),Comunal,-34.40518,-70.86324,2000s,Pre-PLADECO
20185458,CONSTRUCCION DE TRIBUNALES PARA LA REFORMA JUDICIAL EN RENGO,2007,PROYECTO,Justicia y Seguridad,ADMINISTRACION DE JUSTICIA,Sectorial,RS,46634.0,EJECUCION,CORPORACION ADMINISTRATIVA DEL PODER JUDICIAL,CORPORACION ADMINISTRATIVA DEL PODER JUDICIAL,404419.0,Rengo (comunal),Comunal,-34.40518,-70.86324,2000s,Pre-PLADECO
20189842,"MEJORAMIENTO Y AMPLIACIÓN SERVICIO APR DE LO DE LOBOS, RENGO",2007,PROYECTO,Recursos Hídricos,AGUA POTABLE,Sectorial,RS,115848.0,EJECUCION,AGUA POTABLE RURAL,DIRECCION DE OBRAS HIDRAULICAS MOP VI REGION,146889.0,Lo De Lobo,Rural,-34.37523,-70.82941,2000s,Pre-PLADECO
20192630,CONSTRUCCION COMPLEJO DEPORTIVO PARQUE CRIOLLO.RENGO,2007,PROYECTO,Deporte,DEPORTE RECREATIVO,FNDR,,500000.0,PERFIL,GOBIERNO REGIONAL - REGION VI LIBERT. BERNARDO O.,MUNICIPALIDAD DE RENGO,500000.0,Rengo (comunal),Comunal,-34.40518,-70.86324,2000s,Pre-PLADECO
20193368,"AMPLIACION AGUA POTABLE CALLEJONES SECTOR LA ESMERALDA, ROSARIO",2007,PROYECTO,Recursos Hídricos,AGUA POTABLE,FNDR,RS,30742.0,EJECUCION,GOBIERNO REGIONAL - REGION VI LIBERT. BERNARDO O.,MUNICIPALIDAD DE RENGO,30742.0,Esmeralda,Rural,-34.34281,-70.9049,2000s,Pre-PLADECO
30005466,CONSTRUCCION SEDE UNIVERSIDAD DE VALPARAISO EN RENGO,2007,PROYECTO,Educación y Cultura,EDUCACION SUPERIOR,FNDR,RS,342012.0,EJECUCION,GOBIERNO REGIONAL - REGION VI LIBERT. BERNARDO O.,GOBIERNO REGIONAL - REGION VI LIBERT. BERNARDO O.,2569117.0,Rengo (comunal),Comunal,-34.40518,-70.86324,2000s,Pre-PLADECO
30008803,CONSTRUCCION PAVIMENTACION CALLE LAUTARO NORTE - RENGO,2007,PROYECTO,Transporte y Vialidad,"TRANSPORTE URBANO,VIALIDAD PEATONAL",FNDR,,38544.0,PERFIL,GOBIERNO REGIONAL - REGION VI LIBERT. BERNARDO O.,MUNICIPALIDAD DE RENGO,38544.0,Rengo (comunal),Comunal,-34.40518,-70.86324,2000s,Pre-PLADECO
30029622,AMPLIACION PARA LA JEC ESCUELA RIO CLARO LA ISLA LOCAL 1,2007,PROYECTO,Educación y Cultura,EDUCACION BASICA Y MEDIA,Sectorial,RS,67933.0,EJECUCION,SUBSECRETARIA DE EDUCACION - GOBIERNO REGIONAL - REGION VI LIBERT. BERNARDO O.,MUNICIPALIDAD DE RENGO,129696.0,Rengo (comunal),Comunal,-34.40518,-70.86324,2000s,Pre-PLADECO
30038320,CONSTRUCCION PARA LA JEC ESCUELA RIO CLARO LA ISLA LOCAL 2,2007,PROYECTO,Educación y Cultura,EDUCACION BASICA Y MEDIA,Sectorial,RS,201237.0,EJECUCION,SUBSECRETARIA DE EDUCACION - GOBIERNO REGIONAL - REGION VI LIBERT. BERNARDO O.,MUNICIPALIDAD DE RENGO,386806.0,Rengo (comunal),Comunal,-34.40518,-70.86324,2000s,Pre-PLADECO
30040079,MEJORAMIENTO LICEO TOMAS MARIN  DE POVEDA,2007,PROYECTO,Educación y Cultura,EDUCACION BASICA Y MEDIA,Sectorial,RS,282204.0,EJECUCION,SUBSECRETARIA DE EDUCACION - GOBIERNO REGIONAL - REGION VI LIBERT. BERNARDO O.,MUNICIPALIDAD DE RENGO,282204.0,Rengo (comunal),Comunal,-34.40518,-70.86324,2000s,Pre-PLADECO
30040081,CONSTRUCCION LICEO INDUSTRIAL DE RENGO,2007,PROYECTO,Educación y Cultura,EDUCACION BASICA Y MEDIA,Sectorial,RS,1948.0,EJECUCION,SUBSECRETARIA DE EDUCACION - GOBIERNO REGIONAL - REGION VI LIBERT. BERNARDO O.,MUNICIPALIDAD DE RENGO,1974885.0,Rengo (comunal),Comunal,-34.40518,-70.86324,2000s,Pre-PLADECO
30040161,AMPLIACION PARA LA JEC LICEO LUIS URBINA FLORES,2007,PROYECTO,Educación y Cultura,EDUCACION BASICA Y MEDIA,Sectorial,RS,225626.0,EJECUCION,MUNICIPALIDAD DE RENGO - SUBSECRETARIA DE EDUCACION - GOBIERNO REGIONAL - REGION,MUNICIPALIDAD DE RENGO,371740.0,Rengo (comunal),Comunal,-34.40518,-70.86324,2000s,Pre-PLADECO
30040163,CONSTRUCCION PARA LA JEC LICEO ORIENTE,2007,PROYECTO,Educación y Cultura,EDUCACION BASICA Y MEDIA,Sectorial,RS,1223788.0,EJECUCION,SUBSECRETARIA DE EDUCACION - GOBIERNO REGIONAL - REGION VI LIBERT. BERNARDO O.,MUNICIPALIDAD DE RENGO,1439857.0,Rengo (comunal),Comunal,-34.40518,-70.86324,2000s,Pre-PLADECO
30043967,REPOSICION EDIFICIO CONSISTORIAL MUNICIPALIDAD DE RENGO,2007,PROYECTO,Multisectorial,ADMINISTRACION MULTISECTOR,FNDR,RS,21250.0,EJECUCION,GOBIERNO REGIONAL - REGION VI LIBERT. BERNARDO O.,MUNICIPALIDAD DE RENGO,21250.0,Rengo (comunal),Comunal,-34.40518,-70.86324,2000s,Pre-PLADECO
30044907,"MEJORAMIENTO SERVICIO DE APR LOS CHOAPINOS, COMUNA DE RENGO",2007,PROYECTO,Recursos Hídricos,AGUA POTABLE,FNDR,RS,12088.0,EJECUCION,GOBIERNO REGIONAL - REGION VI LIBERT. BERNARDO O.,MUNICIPALIDAD DE RENGO,12088.0,Los Choapinos,Rural,-34.3192,-70.83674,2000s,Pre-PLADECO
30044907,"MEJORAMIENTO SERVICIO DE APR LOS CHOAPINOS, COMUNA DE RENGO",2007,PROYECTO,Recursos Hídricos,AGUA POTABLE,FNDR,FI,39498.0,EJECUCION,GOBIERNO REGIONAL - REGION VI LIBERT. BERNARDO O.,MUNICIPALIDAD DE RENGO,39498.0,Los Choapinos,Rural,-34.3192,-70.83674,2000s,Pre-PLADECO
30046192,CONSTRUCCION GIMNASIO MUNICIPAL DE ROSARIO,2007,PROYECTO,Deporte,DEPORTE RECREATIVO,FNDR,RS,333735.0,EJECUCION,GOBIERNO REGIONAL - REGION VI LIBERT. BERNARDO O.,MUNICIPALIDAD DE RENGO,333736.0,Rosario,Rural,-34.34788,-70.84245,2000s,Pre-PLADECO
30051152,"MEJORAMIENTO SERVICIO DE APR EL TREBAL - CERRILLOS, COMUNA DE RENGO",2007,PROYECTO,Recursos Hídricos,AGUA POTABLE,Sectorial,RS,8156.0,EJECUCION,AGUA POTABLE RURAL,DIRECCION DE OBRAS HIDRAULICAS MOP VI REGION,9616.0,Rengo (comunal),Comunal,-34.40518,-70.86324,2000s,Pre-PLADECO
30057802,"INSTALACION SERVICIO DE APR LAS NIEVES, COMUNA DE RENGO",2007,PROYECTO,Recursos Hídricos,AGUA POTABLE,Sectorial,OT,7076.0,PERFIL,AGUA POTABLE RURAL,DIRECCION DE OBRAS HIDRAULICAS MOP VI REGION,7076.0,Rengo (comunal),Comunal,-34.40518,-70.86324,2000s,Pre-PLADECO
30060217,"CONSTRUCCION CASETAS SANITARIAS SECTOR LA ISLA, RENGO",2007,PROYECTO,Recursos Hídricos,EVACUACION DISPOSICION FINAL AGUAS SERVIDAS,Sectorial,RS,21244.0,EJECUCION,SUBSECRETARIA DESARROLLO REGIONAL Y ADMINISTRATIVO,MUNICIPALIDAD DE RENGO,21244.0,Rengo (comunal),Comunal,-34.40518,-70.86324,2000s,Pre-PLADECO
30061220,CONSTRUCCION PAVIMENTACION CALLES LAUTARO Y LA PANDINA. RENGO,2007,PROYECTO,Transporte y Vialidad,"TRANSPORTE URBANO,VIALIDAD PEATONAL",FNDR,,124395.0,EJECUCION,GOBIERNO REGIONAL - REGION VI LIBERT. BERNARDO O.,MUNICIPALIDAD DE RENGO,124395.0,Rengo (comunal),Comunal,-34.40518,-70.86324,2000s,Pre-PLADECO
30061223,MEJORAMIENTO PLAZA DE ARMAS CIUDAD DE RENGO,2007,PROYECTO,Multisectorial,ORGANIZACION Y SERVICIOS COMUNALES,FNDR,,277000.0,PERFIL,GOBIERNO REGIONAL - REGION VI LIBERT. BERNARDO O.,MUNICIPALIDAD DE RENGO,277000.0,Ciudad De Rengo,Urbano,-34.40518,-70.86324,2000s,Pre-PLADECO
30062130,DIAGNOSTICO EVACUACIÓN AGUAS LLUVIAS DE LA CIUDAD RENGO,2007,ESTUDIO BASICO,Recursos Hídricos,EVACUACION DISPOSICION FINAL AGUAS SERVIDAS,FNDR,,52002.0,EJECUCION,GOBIERNO REGIONAL - REGION VI LIBERT. BERNARDO O.,DIRECCION DE OBRAS HIDRAULICAS MOP VI REGION,52002.0,Rengo (comunal),Comunal,-34.40518,-70.86324,2000s,Pre-PLADECO
30063450,REPOSICION EQUIPAMIENTO MEDICO-QUIRURGICO HOSPITAL DE RENGO,2007,PROYECTO,Salud,MEDIA COMPLEJIDAD,FNDR,RS,86259.0,EJECUCION,GOBIERNO REGIONAL - REGION VI LIBERT. BERNARDO O.,SERVICIO SALUD OHIGGINS,86259.0,Rengo (comunal),Comunal,-34.40518,-70.86324,2000s,Pre-PLADECO
30063473,REPOSICION OFICINA REGISTRO CIVIL E IDENTIFICACIONES RENGO,2007,PROYECTO,Justicia y Seguridad,INTERSUBSECTORIAL JUSTICIA,Sectorial,,56166.0,PERFIL,SERVICIO DE REGISTRO CIVIL E IDENTIFICACION - GOBIERNO REGIONAL - REGION VI LIBE,REGISTRO CIVIL VI REGION LIB. GRAL. BERNARDO O'HIG,56166.0,Rengo (comunal),Comunal,-34.40518,-70.86324,2000s,Pre-PLADECO
30063546,MEJORAMIENTO EJE VIAL AVDA. RIQUELME - RENGO,2007,PROYECTO,Transporte y Vialidad,"TRANSPORTE URBANO,VIALIDAD PEATONAL",FNDR,RS,103000.0,EJECUCION,GOBIERNO REGIONAL - REGION VI LIBERT. BERNARDO O.,SEREMI VIVIENDA VI REGION,103000.0,Rengo (comunal),Comunal,-34.40518,-70.86324,2000s,Pre-PLADECO
30063776,CONSTRUCCION PAVIMENTACION CALLE BISQUERTT TRAMO EL NARANJAL RENGO,2007,PROYECTO,Transporte y Vialidad,"TRANSPORTE URBANO,VIALIDAD PEATONAL",FNDR,RS,129000.0,EJECUCION,GOBIERNO REGIONAL - REGION VI LIBERT. BERNARDO O.,MUNICIPALIDAD DE RENGO,129000.0,Rengo (comunal),Comunal,-34.40518,-70.86324,2000s,Pre-PLADECO
30063808,CONSTRUCCION PARQUE RECREACIONAL Y DEPORTIVO ORIENTE,2007,PROYECTO,Multisectorial,DESARROLLO URBANO,FNDR,,400000.0,PERFIL,GOBIERNO REGIONAL - REGION VI LIBERT. BERNARDO O.,MUNICIPALIDAD DE RENGO,400000.0,Rengo (comunal),Comunal,-34.40518,-70.86324,2000s,Pre-PLADECO
30064140,CONSTRUCCION REFUGIO ESCOLAR PARQUE HUILQUIO.RENGO,2007,PROYECTO,Multisectorial,ADMINISTRACION MULTISECTOR,FNDR,,248000.0,PERFIL,GOBIERNO REGIONAL - REGION VI LIBERT. BERNARDO O.,MUNICIPALIDAD DE RENGO,248000.0,Rengo (comunal),Comunal,-34.40518,-70.86324,2000s,Pre-PLADECO
30064453,"ANALISIS DESARROLLO PLANES MAESTROS DE GESTIÓN DE TRÁNSITO,RENGO",2007,ESTUDIO BASICO,Transporte y Vialidad,"TRANSPORTE URBANO,VIALIDAD PEATONAL",Sectorial,RS,20000.0,PERFIL,SECTRA,SECTRA,50000.0,Rengo (comunal),Comunal,-34.40518,-70.86324,2000s,Pre-PLADECO
30068490,"AMPLIACION SERVICIO DE APR LO CARTAGENA, COMUNA DE RENGO",2007,PROYECTO,Recursos Hídricos,AGUA POTABLE,FNDR,FI,5480.0,PERFIL,GOBIERNO REGIONAL - REGION VI LIBERT. BERNARDO O.,DIRECCION DE OBRAS HIDRAULICAS MOP VI REGION,5480.0,Lo Cartagena,Rural,-34.39026,-70.8737,2000s,Pre-PLADECO
30068905,CONSTRUCCION CASETAS SANITARIAS LA CHIMBA,2007,PROYECTO,Vivienda y Urbanismo,SOLUCION HABITACIONAL PARCIAL O COMPLEMENTARIA,Sectorial,FI,31000.0,PERFIL,SUBSECRETARIA DESARROLLO REGIONAL Y ADMINISTRATIVO,MUNICIPALIDAD DE RENGO,31000.0,La Chimba,Rural,-34.40804,-70.81718,2000s,Pre-PLADECO
30070238,HABILITACION ACCESO DISCAPACITADOS OFICINA REG.CIVIL - RENGO,2007,PROYECTO,Justicia y Seguridad,ADMINISTRACION SECTORIAL JUSTICIA,FNDR,RS,15467.0,EJECUCION,GOBIERNO REGIONAL - REGION VI LIBERT. BERNARDO O.,REGISTRO CIVIL VI REGION LIB. GRAL. BERNARDO O'HIG,15467.0,Rengo (comunal),Comunal,-34.40518,-70.86324,2000s,Pre-PLADECO
30072219,REPOSICION ESCUELA CARLOS CONDELL DE RENGO,2007,PROYECTO,Educación y Cultura,EDUCACION BASICA Y MEDIA,FNDR,RS,126324.0,PERFIL,GOBIERNO REGIONAL - REGION VI LIBERT. BERNARDO O.,MUNICIPALIDAD DE RENGO,126324.0,Rengo (comunal),Comunal,-34.40518,-70.86324,2000s,Pre-PLADECO
30074992,MEJORAMIENTO ESCUELA E-209 LUIS GALDAMES DE RENGO,2007,PROYECTO,Educación y Cultura,EDUCACION BASICA Y MEDIA,FNDR,RS,149562.0,EJECUCION,GOBIERNO REGIONAL - REGION VI LIBERT. BERNARDO O.,MUNICIPALIDAD DE RENGO,149562.0,Rengo (comunal),Comunal,-34.40518,-70.86324,2000s,Pre-PLADECO
30075709,CONSTRUCCION ALUMBRADO PUBLICO ACCESO UNIVERSIDAD DE VALPO. RENGO,2007,PROYECTO,Energía,ALUMBRADO PUBLICO,FNDR,RS,12057.0,EJECUCION,GOBIERNO REGIONAL - REGION VI LIBERT. BERNARDO O.,MUNICIPALIDAD DE RENGO,12057.0,Rengo (comunal),Comunal,-34.40518,-70.86324,2000s,Pre-PLADECO
30076515,MEJORAMIENTO ACCESO UNIVERSIDAD DE VALPARAISO EN COMUNA DE RENGO,2007,PROYECTO,Transporte y Vialidad,TRANSPORTE CAMINERO,FNDR,RS,98425.0,EJECUCION,GOBIERNO REGIONAL - REGION VI LIBERT. BERNARDO O.,VIALIDAD MOP VI REGION LIB.GRAL. BERNARDO O'HIGGIN,98425.0,Rengo (comunal),Comunal,-34.40518,-70.86324,2000s,Pre-PLADECO
20145235,CONSTRUCCION PARQUE PISCINA DE RENGO,2008,PROYECTO,Multisectorial,DESARROLLO URBANO,FNDR,OT,71000.0,PERFIL,GOBIERNO REGIONAL - REGION VI LIBERT. BERNARDO O.,MUNICIPALIDAD DE RENGO,71000.0,Rengo (comunal),Comunal,-34.40518,-70.86324,2000s,Pre-PLADECO
20146715,CONSTRUCCION CUARTEL TERCERA COMPAÑIA DE BOMBEROS ROSARIO - RENGO,2008,PROYECTO,Seguridad Pública,SEGURIDAD PÃšBLICA,FNDR,RS,90269.0,EJECUCION,GOBIERNO REGIONAL - REGION VI LIBERT. BERNARDO O.,MUNICIPALIDAD DE RENGO,137996.0,Rosario,Rural,-34.34788,-70.84245,2000s,Pre-PLADECO
20157590,CONSTRUCCION PAVIMENTACION CALLE CHORRILLOS RENGO,2008,PROYECTO,Transporte y Vialidad,"TRANSPORTE URBANO,VIALIDAD PEATONAL",FNDR,FI,92206.0,PERFIL,GOBIERNO REGIONAL - REGION VI LIBERT. BERNARDO O.,MUNICIPALIDAD DE RENGO,92206.0,Rengo (comunal),Comunal,-34.40518,-70.86324,2000s,Pre-PLADECO
20182113,CONSTRUCCION CONSULTORIO URBANO PARA RENGO,2008,PROYECTO,Salud,BAJA COMPLEJIDAD,FNDR,RS,845739.0,EJECUCION,GOBIERNO REGIONAL - REGION VI LIBERT. BERNARDO O.,MUNICIPALIDAD DE RENGO,1115656.0,Rengo (comunal),Comunal,-34.40518,-70.86324,2000s,Pre-PLADECO
20185458,CONSTRUCCION DE TRIBUNALES PARA LA REFORMA JUDICIAL EN RENGO,2008,PROYECTO,Justicia y Seguridad,ADMINISTRACION DE JUSTICIA,Sectorial,RS,43137.0,EJECUCION,CORPORACION ADMINISTRATIVA DEL PODER JUDICIAL,CORPORACION ADMINISTRATIVA DEL PODER JUDICIAL,414488.0,Rengo (comunal),Comunal,-34.40518,-70.86324,2000s,Pre-PLADECO
20193368,"AMPLIACION AGUA POTABLE CALLEJONES SECTOR LA ESMERALDA, ROSARIO",2008,PROYECTO,Recursos Hídricos,AGUA POTABLE,FNDR,RS,31532.0,EJECUCION,GOBIERNO REGIONAL - REGION VI LIBERT. BERNARDO O.,MUNICIPALIDAD DE RENGO,31532.0,Esmeralda,Rural,-34.34281,-70.9049,2000s,Pre-PLADECO
30005466,CONSTRUCCION SEDE UNIVERSIDAD DE VALPARAISO EN RENGO,2008,PROYECTO,Educación y Cultura,EDUCACION SUPERIOR,FNDR,IN,1374156.0,EJECUCION,GOBIERNO REGIONAL - REGION VI LIBERT. BERNARDO O.,GOBIERNO REGIONAL - REGION VI LIBERT. BERNARDO O.,2817100.0,Rengo (comunal),Comunal,-34.40518,-70.86324,2000s,Pre-PLADECO
30008803,CONSTRUCCION PAVIMENTACION CALLE LAUTARO NORTE - RENGO,2008,PROYECTO,Transporte y Vialidad,"TRANSPORTE URBANO,VIALIDAD PEATONAL",FNDR,FI,38544.0,PERFIL,GOBIERNO REGIONAL - REGION VI LIBERT. BERNARDO O.,MUNICIPALIDAD DE RENGO,38544.0,Rengo (comunal),Comunal,-34.40518,-70.86324,2000s,Pre-PLADECO
30040079,MEJORAMIENTO LICEO TOMAS MARIN DE POVEDA,2008,PROYECTO,Educación y Cultura,EDUCACION BASICA Y MEDIA,Sectorial,RS,289452.0,EJECUCION,SUBSECRETARIA DE EDUCACION - GOBIERNO REGIONAL - REGION VI LIBERT. BERNARDO O.,MUNICIPALIDAD DE RENGO,289452.0,Rengo (comunal),Comunal,-34.40518,-70.86324,2000s,Pre-PLADECO
30040081,CONSTRUCCION LICEO INDUSTRIAL DE RENGO,2008,PROYECTO,Educación y Cultura,EDUCACION BASICA Y MEDIA,Sectorial,RS,1108100.0,EJECUCION,SUBSECRETARIA DE EDUCACION - GOBIERNO REGIONAL - REGION VI LIBERT. BERNARDO O.,MUNICIPALIDAD DE RENGO,2025598.0,Rengo (comunal),Comunal,-34.40518,-70.86324,2000s,Pre-PLADECO
30040083,AMPLIACION ESCUELA DE APALTA PARA LA JEC,2008,PROYECTO,Educación y Cultura,EDUCACION BASICA Y MEDIA,Sectorial,RS,704998.0,EJECUCION,SUBSECRETARIA DE EDUCACION - GOBIERNO REGIONAL - REGION VI LIBERT. BERNARDO O.,MUNICIPALIDAD DE RENGO,704998.0,Apalta,Rural,-34.33885,-70.86644,2000s,Pre-PLADECO
30040161,AMPLIACION PARA LA JEC LICEO LUIS URBINA FLORES,2008,PROYECTO,Educación y Cultura,EDUCACION BASICA Y MEDIA,Sectorial,RS,136835.0,EJECUCION,MUNICIPALIDAD DE RENGO - SUBSECRETARIA DE EDUCACION - GOBIERNO REGIONAL - REGION,MUNICIPALIDAD DE RENGO,372688.0,Rengo (comunal),Comunal,-34.40518,-70.86324,2000s,Pre-PLADECO
30040163,CONSTRUCCION PARA LA JEC LICEO ORIENTE,2008,PROYECTO,Educación y Cultura,EDUCACION BASICA Y MEDIA,Sectorial,RS,907082.0,EJECUCION,SUBSECRETARIA DE EDUCACION - GOBIERNO REGIONAL - REGION VI LIBERT. BERNARDO O.,MUNICIPALIDAD DE RENGO,1476827.0,Rengo (comunal),Comunal,-34.40518,-70.86324,2000s,Pre-PLADECO
30043582,MEJORAMIENTO CALLES BALMACEDA Y TOMAS VALENCIA-RENGO,2008,PROYECTO,Transporte y Vialidad,"TRANSPORTE URBANO,VIALIDAD PEATONAL",FNDR,FI,99797.0,EJECUCION,GOBIERNO REGIONAL - REGION VI LIBERT. BERNARDO O.,MUNICIPALIDAD DE RENGO,99797.0,Rengo (comunal),Comunal,-34.40518,-70.86324,2000s,Pre-PLADECO
30043967,REPOSICION EDIFICIO CONSISTORIAL MUNICIPALIDAD DE RENGO,2008,PROYECTO,Multisectorial,ADMINISTRACION MULTISECTOR,FNDR,RS,21795.0,EJECUCION,GOBIERNO REGIONAL - REGION VI LIBERT. BERNARDO O.,MUNICIPALIDAD DE RENGO,21795.0,Rengo (comunal),Comunal,-34.40518,-70.86324,2000s,Pre-PLADECO
30044907,"MEJORAMIENTO SERVICIO DE APR LOS CHOAPINOS, COMUNA DE RENGO",2008,PROYECTO,Recursos Hídricos,AGUA POTABLE,FNDR,RS,12400.0,EJECUCION,GOBIERNO REGIONAL - REGION VI LIBERT. BERNARDO O.,MUNICIPALIDAD DE RENGO,12400.0,Los Choapinos,Rural,-34.3192,-70.83674,2000s,Pre-PLADECO
30044907,"MEJORAMIENTO SERVICIO DE APR LOS CHOAPINOS, COMUNA DE RENGO",2008,PROYECTO,Recursos Hídricos,AGUA POTABLE,FNDR,RS,311665.0,EJECUCION,GOBIERNO REGIONAL - REGION VI LIBERT. BERNARDO O.,MUNICIPALIDAD DE RENGO,332897.0,Los Choapinos,Rural,-34.3192,-70.83674,2000s,Pre-PLADECO
30046192,CONSTRUCCION GIMNASIO MUNICIPAL DE ROSARIO,2008,PROYECTO,Deporte,DEPORTE RECREATIVO,FNDR,RS,69272.0,EJECUCION,GOBIERNO REGIONAL - REGION VI LIBERT. BERNARDO O.,MUNICIPALIDAD DE RENGO,342499.0,Rosario,Rural,-34.34788,-70.84245,2000s,Pre-PLADECO
30051152,"MEJORAMIENTO SERVICIO DE APR EL TREBAL - CERRILLOS, COMUNA DE RENGO",2008,PROYECTO,Recursos Hídricos,AGUA POTABLE,Sectorial,FI,210576.0,EJECUCION,AGUA POTABLE RURAL,DIRECCION DE OBRAS HIDRAULICAS MOP VI REGION,210576.0,Rengo (comunal),Comunal,-34.40518,-70.86324,2000s,Pre-PLADECO
30057802,"INSTALACION SERVICIO DE APR LAS NIEVES, COMUNA DE RENGO",2008,PROYECTO,Recursos Hídricos,AGUA POTABLE,Sectorial,FI,7257.0,PERFIL,AGUA POTABLE RURAL,DIRECCION DE OBRAS HIDRAULICAS MOP VI REGION,7257.0,Rengo (comunal),Comunal,-34.40518,-70.86324,2000s,Pre-PLADECO
30061220,CONSTRUCCION PAVIMENTACION  CALLES LAUTARO  Y  LA PANDINA.  RENGO,2008,PROYECTO,Transporte y Vialidad,"TRANSPORTE URBANO,VIALIDAD PEATONAL",FNDR,RS,86205.0,EJECUCION,GOBIERNO REGIONAL - REGION VI LIBERT. BERNARDO O.,MUNICIPALIDAD DE RENGO,86205.0,Rengo (comunal),Comunal,-34.40518,-70.86324,2000s,Pre-PLADECO
30062190,"REPOSICION DEL RETEN DE CARABINEROS POPETA, RENGO",2008,PROYECTO,Seguridad Pública,SEGURIDAD PÃšBLICA,FNDR,FI,6897.0,PERFIL,GOBIERNO REGIONAL - REGION VI LIBERT. BERNARDO O.,DIRECCION DE CARABINEROS VI REGION,6897.0,Popeta,Rural,-34.42,-70.88,2000s,Pre-PLADECO
30063546,MEJORAMIENTO EJE VIAL AVDA. RIQUELME - RENGO,2008,PROYECTO,Transporte y Vialidad,"TRANSPORTE URBANO,VIALIDAD PEATONAL",FNDR,RS,29400.0,EJECUCION,GOBIERNO REGIONAL - REGION VI LIBERT. BERNARDO O.,SEREMI VIVIENDA VI REGION,101000.0,Rengo (comunal),Comunal,-34.40518,-70.86324,2000s,Pre-PLADECO
30063546,MEJORAMIENTO EJE VIAL AVDA. RIQUELME - RENGO,2008,PROYECTO,Transporte y Vialidad,"TRANSPORTE URBANO,VIALIDAD PEATONAL",Sectorial,FI,100000.0,EJECUCION,SERVICIO VIVIENDA Y URBANIZACION VI REGION,SEREMI VIVIENDA VI REGION,100000.0,Rengo (comunal),Comunal,-34.40518,-70.86324,2000s,Pre-PLADECO
30063604,MEJORAMIENTO AVDA PATRIMONIAL JOSE BISQUERT DE RENGO,2008,PROYECTO,Transporte y Vialidad,"TRANSPORTE URBANO,VIALIDAD PEATONAL",Sectorial,FI,92.0,EJECUCION,SERVICIO VIVIENDA Y URBANIZACION VI REGION,SEREMI VIVIENDA VI REGION,223045.0,Rengo (comunal),Comunal,-34.40518,-70.86324,2000s,Pre-PLADECO
30063604,MEJORAMIENTO AVDA PATRIMONIAL JOSE BISQUERT DE RENGO,2008,PROYECTO,Transporte y Vialidad,"TRANSPORTE URBANO,VIALIDAD PEATONAL",Sectorial,RS,15999.0,EJECUCION,MUNICIPALIDAD DE RENGO - SERVICIO VIVIENDA Y URBANIZACION VI REGION,SEREMI VIVIENDA VI REGION,15999.0,Rengo (comunal),Comunal,-34.40518,-70.86324,2000s,Pre-PLADECO
30064140,CONSTRUCCION REFUGIO ESCOLAR PARQUE HUILQUIO.RENGO,2008,PROYECTO,Multisectorial,ADMINISTRACION MULTISECTOR,FNDR,OT,216809.0,PERFIL,GOBIERNO REGIONAL - REGION VI LIBERT. BERNARDO O.,MUNICIPALIDAD DE RENGO,216809.0,Rengo (comunal),Comunal,-34.40518,-70.86324,2000s,Pre-PLADECO
30064453,"ANALISIS DESARROLLO PLANES MAESTROS DE GESTIÓN DE TRÁNSITO,RENGO",2008,ESTUDIO BASICO,Transporte y Vialidad,"TRANSPORTE URBANO,VIALIDAD PEATONAL",Sectorial,RS,25641.0,PERFIL,SECTRA,SECTRA,51282.0,Rengo (comunal),Comunal,-34.40518,-70.86324,2000s,Pre-PLADECO
30068905,CONSTRUCCION CASETAS SANITARIAS LA CHIMBA,2008,PROYECTO,Vivienda y Urbanismo,SOLUCION HABITACIONAL PARCIAL O COMPLEMENTARIA,Sectorial,,31795.0,PERFIL,SUBSECRETARIA DESARROLLO REGIONAL Y ADMINISTRATIVO,MUNICIPALIDAD DE RENGO,31795.0,La Chimba,Rural,-34.40804,-70.81718,2000s,Pre-PLADECO
30070238,HABILITACION ACCESO DISCAPACITADOS OFICINA REG.CIVIL - RENGO,2008,PROYECTO,Justicia y Seguridad,ADMINISTRACION SECTORIAL JUSTICIA,FNDR,RS,21737.0,EJECUCION,GOBIERNO REGIONAL - REGION VI LIBERT. BERNARDO O.,REGISTRO CIVIL VI REGION LIB. GRAL. BERNARDO O'HIG,21737.0,Rengo (comunal),Comunal,-34.40518,-70.86324,2000s,Pre-PLADECO
30070574,AMPLIACION SERVICIO DE AGUA POTABLE SECTOR LA LECHERIA DE ROSARIO,2008,PROYECTO,Recursos Hídricos,AGUA POTABLE,FNDR,FI,30000.0,PERFIL,GOBIERNO REGIONAL - REGION VI LIBERT. BERNARDO O.,MUNICIPALIDAD DE RENGO,30000.0,Rosario,Rural,-34.34788,-70.84245,2000s,Pre-PLADECO
30071503,"INSTALACION SERVICIO DE APR LAS PATAGUAS, RENGO",2008,PROYECTO,Recursos Hídricos,AGUA POTABLE,FNDR,OT,15722.0,PERFIL,GOBIERNO REGIONAL - REGION VI LIBERT. BERNARDO O.,DIRECCION DE OBRAS HIDRAULICAS MOP VI REGION,39306.0,Las Pataguas,Rural,-34.3905,-70.95144,2000s,Pre-PLADECO
30072219,REPOSICION ESCUELA CARLOS CONDELL DE RENGO,2008,PROYECTO,Educación y Cultura,EDUCACION BASICA Y MEDIA,FNDR,RS,129568.0,PERFIL,GOBIERNO REGIONAL - REGION VI LIBERT. BERNARDO O.,MUNICIPALIDAD DE RENGO,129568.0,Rengo (comunal),Comunal,-34.40518,-70.86324,2000s,Pre-PLADECO
30073197,REPOSICION POSTA   EL CERRILLO    DE RENGO,2008,PROYECTO,Salud,BAJA COMPLEJIDAD,FNDR,OT,11500.0,PERFIL,GOBIERNO REGIONAL - REGION VI LIBERT. BERNARDO O.,MUNICIPALIDAD DE RENGO,11500.0,Rengo (comunal),Comunal,-34.40518,-70.86324,2000s,Pre-PLADECO
30074992,MEJORAMIENTO ESCUELA E-209 LUIS GALDAMES DE RENGO,2008,PROYECTO,Educación y Cultura,EDUCACION BASICA Y MEDIA,FNDR,RS,153402.0,EJECUCION,GOBIERNO REGIONAL - REGION VI LIBERT. BERNARDO O.,MUNICIPALIDAD DE RENGO,153402.0,Rengo (comunal),Comunal,-34.40518,-70.86324,2000s,Pre-PLADECO
30075709,CONSTRUCCION ALUMBRADO PUBLICO ACCESO UNIVERSIDAD DE VALPO. RENGO,2008,PROYECTO,Energía,ALUMBRADO PUBLICO,FNDR,RS,12367.0,EJECUCION,GOBIERNO REGIONAL - REGION VI LIBERT. BERNARDO O.,MUNICIPALIDAD DE RENGO,12367.0,Rengo (comunal),Comunal,-34.40518,-70.86324,2000s,Pre-PLADECO
30076515,MEJORAMIENTO ACCESO UNIVERSIDAD DE VALPARAISO EN COMUNA DE RENGO,2008,PROYECTO,Transporte y Vialidad,TRANSPORTE CAMINERO,FNDR,RS,100954.0,EJECUCION,GOBIERNO REGIONAL - REGION VI LIBERT. BERNARDO O.,VIALIDAD MOP VI REGION LIB.GRAL. BERNARDO O'HIGGIN,100954.0,Rengo (comunal),Comunal,-34.40518,-70.86324,2000s,Pre-PLADECO
30076555,MEJORAMIENTO VEREDAS CENTRO COMERCIAL CIUDAD DE RENGO,2008,PROYECTO,Transporte y Vialidad,"TRANSPORTE URBANO,VIALIDAD PEATONAL",FNDR,FI,236738.0,EJECUCION,GOBIERNO REGIONAL - REGION VI LIBERT. BERNARDO O.,MUNICIPALIDAD DE RENGO,236738.0,Ciudad De Rengo,Urbano,-34.40518,-70.86324,2000s,Pre-PLADECO
30076857,"MEJORAMIENTO SERVICIO DE APR DE POPETA, RENGO",2008,PROYECTO,Recursos Hídricos,AGUA POTABLE,FNDR,RS,65745.0,EJECUCION,GOBIERNO REGIONAL - REGION VI LIBERT. BERNARDO O.,DIRECCION DE OBRAS HIDRAULICAS MOP VI REGION,65745.0,Popeta,Rural,-34.42,-70.88,2000s,Pre-PLADECO
30078140,MEJORAMIENTO PISCINA MUNICIPAL DE ROSARIO. COMUNA DE RENGO,2008,PROYECTO,Deporte,RECREACION,FNDR,RS,51208.0,EJECUCION,GOBIERNO REGIONAL - REGION VI LIBERT. BERNARDO O.,MUNICIPALIDAD DE RENGO,51208.0,Rosario,Rural,-34.34788,-70.84245,2000s,Pre-PLADECO
30080203,CONSERVACION EDIFICIO BRIGADA DE INVESTIGACIONES RENGO,2008,PROYECTO,Seguridad Pública,SEGURIDAD PÃšBLICA,FNDR,,76448.0,EJECUCION,GOBIERNO REGIONAL - REGION VI LIBERT. BERNARDO O.,MUNICIPALIDAD DE RENGO,76448.0,Rengo (comunal),Comunal,-34.40518,-70.86324,2000s,Pre-PLADECO
30083819,"CONSTRUCCION RED ALCANTARILLADO SECTOR NORPONIENTE, RENGO",2008,PROYECTO,Recursos Hídricos,EVACUACION DISPOSICION FINAL AGUAS SERVIDAS,FNDR,RS,472782.0,EJECUCION,GOBIERNO REGIONAL - REGION VI LIBERT. BERNARDO O.,MUNICIPALIDAD DE RENGO,561624.0,Rengo (comunal),Comunal,-34.40518,-70.86324,2000s,Pre-PLADECO
30083877,"ANALISIS Y DES. PLANES DE GESTIÓN DE TTO VIAL Y PEATONAL, RENGO",2008,ESTUDIO BASICO,Transporte y Vialidad,"TRANSPORTE URBANO,VIALIDAD PEATONAL",Sectorial,RS,1000.0,EJECUCION,SECTRA,SECTRA,111292.0,Rengo (comunal),Comunal,-34.40518,-70.86324,2000s,Pre-PLADECO
30085976,"CONSERVACION ESCUELA COLONIA ESMERALDA, COMUNA DE RENGO",2008,PROYECTO,Educación y Cultura,EDUCACION BASICA Y MEDIA,FNDR,,16000.0,EJECUCION,GOBIERNO REGIONAL - REGION VI LIBERT. BERNARDO O.,MUNICIPALIDAD DE RENGO,65798.0,Esmeralda,Rural,-34.34281,-70.9049,2000s,Pre-PLADECO
20146715,CONSTRUCCION CUARTEL TERCERA COMPAÑIA DE BOMBEROS ROSARIO - RENGO,2009,PROYECTO,Seguridad Pública,SEGURIDAD PÃšBLICA,FNDR,RS,250.0,EJECUCION,GOBIERNO REGIONAL - REGION VI LIBERT. BERNARDO O.,MUNICIPALIDAD DE RENGO,144908.0,Rosario,Rural,-34.34788,-70.84245,2000s,Pre-PLADECO
20157590,CONSTRUCCION PAVIMENTACION CALLE CHORRILLOS RENGO,2009,PROYECTO,Transporte y Vialidad,"TRANSPORTE URBANO,VIALIDAD PEATONAL",FNDR,FI,81655.0,PERFIL,GOBIERNO REGIONAL - REGION VI LIBERT. BERNARDO O.,MUNICIPALIDAD DE RENGO,81655.0,Rengo (comunal),Comunal,-34.40518,-70.86324,2000s,Pre-PLADECO
20182113,CONSTRUCCION CONSULTORIO URBANO PARA RENGO,2009,PROYECTO,Salud,BAJA COMPLEJIDAD,FNDR,RS,979015.0,EJECUCION,GOBIERNO REGIONAL - REGION VI LIBERT. BERNARDO O.,MUNICIPALIDAD DE RENGO,1450292.0,Rengo (comunal),Comunal,-34.40518,-70.86324,2000s,Pre-PLADECO
20185458,CONSTRUCCION DE TRIBUNALES PARA LA REFORMA JUDICIAL EN RENGO,2009,PROYECTO,Justicia y Seguridad,ADMINISTRACION DE JUSTICIA,Sectorial,RS,753.0,EJECUCION,CORPORACION ADMINISTRATIVA DEL PODER JUDICIAL,CORPORACION ADMINISTRATIVA DEL PODER JUDICIAL,411685.0,Rengo (comunal),Comunal,-34.40518,-70.86324,2000s,Pre-PLADECO
20193368,"AMPLIACION AGUA POTABLE CALLEJONES SECTOR LA ESMERALDA, ROSARIO",2009,PROYECTO,Recursos Hídricos,AGUA POTABLE,FNDR,RS,2882.0,EJECUCION,GOBIERNO REGIONAL - REGION VI LIBERT. BERNARDO O.,MUNICIPALIDAD DE RENGO,33900.0,Esmeralda,Rural,-34.34281,-70.9049,2000s,Pre-PLADECO
30005466,CONSTRUCCION SEDE UNIVERSIDAD DE VALPARAISO EN RENGO,2009,PROYECTO,Educación y Cultura,EDUCACION SUPERIOR,FNDR,IN,105160.0,EJECUCION,GOBIERNO REGIONAL - REGION VI LIBERT. BERNARDO O.,GOBIERNO REGIONAL - REGION VI LIBERT. BERNARDO O.,3234909.0,Rengo (comunal),Comunal,-34.40518,-70.86324,2000s,Pre-PLADECO
30008803,CONSTRUCCION PAVIMENTACION CALLE LAUTARO NORTE - RENGO,2009,PROYECTO,Transporte y Vialidad,"TRANSPORTE URBANO,VIALIDAD PEATONAL",FNDR,FI,41560.0,PERFIL,GOBIERNO REGIONAL - REGION VI LIBERT. BERNARDO O.,MUNICIPALIDAD DE RENGO,41560.0,Rengo (comunal),Comunal,-34.40518,-70.86324,2000s,Pre-PLADECO
30040079,MEJORAMIENTO LICEO TOMAS MARIN DE POVEDA,2009,PROYECTO,Educación y Cultura,EDUCACION BASICA Y MEDIA,Sectorial,RS,337832.0,EJECUCION,SUBSECRETARIA DE EDUCACION - GOBIERNO REGIONAL - REGION VI LIBERT. BERNARDO O.,MUNICIPALIDAD DE RENGO,356609.0,Rengo (comunal),Comunal,-34.40518,-70.86324,2000s,Pre-PLADECO
30040081,CONSTRUCCION LICEO INDUSTRIAL DE RENGO,2009,PROYECTO,Educación y Cultura,EDUCACION BASICA Y MEDIA,Sectorial,RS,1199111.0,EJECUCION,SUBSECRETARIA DE EDUCACION - GOBIERNO REGIONAL - REGION VI LIBERT. BERNARDO O.,MUNICIPALIDAD DE RENGO,2189472.0,Rengo (comunal),Comunal,-34.40518,-70.86324,2000s,Pre-PLADECO
30040083,AMPLIACION ESCUELA DE APALTA PARA LA JEC,2009,PROYECTO,Educación y Cultura,EDUCACION BASICA Y MEDIA,Sectorial,RS,760157.0,EJECUCION,SUBSECRETARIA DE EDUCACION - GOBIERNO REGIONAL - REGION VI LIBERT. BERNARDO O.,MUNICIPALIDAD DE RENGO,760157.0,Apalta,Rural,-34.33885,-70.86644,2000s,Pre-PLADECO
30040163,CONSTRUCCION PARA LA JEC LICEO ORIENTE,2009,PROYECTO,Educación y Cultura,EDUCACION BASICA Y MEDIA,Sectorial,RS,214591.0,EJECUCION,SUBSECRETARIA DE EDUCACION - GOBIERNO REGIONAL - REGION VI LIBERT. BERNARDO O.,MUNICIPALIDAD DE RENGO,1528746.0,Rengo (comunal),Comunal,-34.40518,-70.86324,2000s,Pre-PLADECO
30043582,MEJORAMIENTO CALLES BALMACEDA Y TOMAS VALENCIA-RENGO,2009,PROYECTO,Transporte y Vialidad,"TRANSPORTE URBANO,VIALIDAD PEATONAL",FNDR,FI,88546.0,EJECUCION,GOBIERNO REGIONAL - REGION VI LIBERT. BERNARDO O.,MUNICIPALIDAD DE RENGO,88546.0,Rengo (comunal),Comunal,-34.40518,-70.86324,2000s,Pre-PLADECO
30043967,REPOSICION EDIFICIO CONSISTORIAL MUNICIPALIDAD DE RENGO,2009,PROYECTO,Multisectorial,ADMINISTRACION MULTISECTOR,FNDR,RS,23501.0,EJECUCION,GOBIERNO REGIONAL - REGION VI LIBERT. BERNARDO O.,MUNICIPALIDAD DE RENGO,23501.0,Rengo (comunal),Comunal,-34.40518,-70.86324,2000s,Pre-PLADECO
30044907,"MEJORAMIENTO SERVICIO DE APR LOS CHOAPINOS, COMUNA DE RENGO",2009,PROYECTO,Recursos Hídricos,AGUA POTABLE,FNDR,RS,396914.0,EJECUCION,GOBIERNO REGIONAL - REGION VI LIBERT. BERNARDO O.,MUNICIPALIDAD DE RENGO,397876.0,Los Choapinos,Rural,-34.3192,-70.83674,2000s,Pre-PLADECO
30044907,"MEJORAMIENTO SERVICIO DE APR LOS CHOAPINOS, COMUNA DE RENGO",2009,PROYECTO,Recursos Hídricos,AGUA POTABLE,FNDR,RS,773.0,EJECUCION,GOBIERNO REGIONAL - REGION VI LIBERT. BERNARDO O.,MUNICIPALIDAD DE RENGO,11445.0,Los Choapinos,Rural,-34.3192,-70.83674,2000s,Pre-PLADECO
30051152,"MEJORAMIENTO SERVICIO DE APR EL TREBAL - CERRILLOS, COMUNA DE RENGO",2009,PROYECTO,Recursos Hídricos,AGUA POTABLE,Sectorial,RS,40250.0,EJECUCION,AGUA POTABLE RURAL,DIRECCION DE OBRAS HIDRAULICAS MOP VI REGION,225484.0,Rengo (comunal),Comunal,-34.40518,-70.86324,2000s,Pre-PLADECO
30057802,"INSTALACION SERVICIO DE APR LAS NIEVES, COMUNA DE RENGO",2009,PROYECTO,Recursos Hídricos,AGUA POTABLE,Sectorial,FI,7825.0,PERFIL,AGUA POTABLE RURAL,DIRECCION DE OBRAS HIDRAULICAS MOP VI REGION,7825.0,Rengo (comunal),Comunal,-34.40518,-70.86324,2000s,Pre-PLADECO
30060217,"CONSTRUCCION CASETAS SANITARIAS SECTOR LA ISLA, RENGO",2009,PROYECTO,Recursos Hídricos,EVACUACION DISPOSICION FINAL AGUAS SERVIDAS,FNDR,RS,509721.0,EJECUCION,GOBIERNO REGIONAL - REGION VI LIBERT. BERNARDO O.,MUNICIPALIDAD DE RENGO,509721.0,Rengo (comunal),Comunal,-34.40518,-70.86324,2000s,Pre-PLADECO
30061220,CONSTRUCCION PAVIMENTACION  CALLES LAUTARO  Y  LA PANDINA.  RENGO,2009,PROYECTO,Transporte y Vialidad,"TRANSPORTE URBANO,VIALIDAD PEATONAL",FNDR,RS,95809.0,EJECUCION,GOBIERNO REGIONAL - REGION VI LIBERT. BERNARDO O.,MUNICIPALIDAD DE RENGO,95809.0,Rengo (comunal),Comunal,-34.40518,-70.86324,2000s,Pre-PLADECO
30062130,DIAGNOSTICO EVACUACIÓN AGUAS LLUVIAS DE LA CIUDAD RENGO,2009,ESTUDIO BASICO,Recursos Hídricos,EVACUACION DISPOSICION FINAL AGUAS SERVIDAS,FNDR,RS,65000.0,EJECUCION,GOBIERNO REGIONAL - REGION VI LIBERT. BERNARDO O.,DIRECCION DE OBRAS HIDRAULICAS MOP VI REGION,135586.0,Rengo (comunal),Comunal,-34.40518,-70.86324,2000s,Pre-PLADECO
30062190,"REPOSICION DEL RETEN DE CARABINEROS POPETA, RENGO",2009,PROYECTO,Seguridad Pública,SEGURIDAD PÃšBLICA,FNDR,FI,7437.0,PERFIL,GOBIERNO REGIONAL - REGION VI LIBERT. BERNARDO O.,DIRECCION DE CARABINEROS VI REGION,7437.0,Popeta,Rural,-34.42,-70.88,2000s,Pre-PLADECO
30063546,MEJORAMIENTO EJE VIAL AVDA. RIQUELME - RENGO,2009,PROYECTO,Transporte y Vialidad,"TRANSPORTE URBANO,VIALIDAD PEATONAL",Sectorial,RS,124800.0,EJECUCION,SERVICIO VIVIENDA Y URBANIZACION VI REGION,SEREMI VIVIENDA VI REGION,124800.0,Rengo (comunal),Comunal,-34.40518,-70.86324,2000s,Pre-PLADECO
30063604,MEJORAMIENTO AVDA PATRIMONIAL JOSE BISQUERT DE RENGO,2009,PROYECTO,Transporte y Vialidad,"TRANSPORTE URBANO,VIALIDAD PEATONAL",Sectorial,FI,259316.0,EJECUCION,SERVICIO VIVIENDA Y URBANIZACION VI REGION,SEREMI VIVIENDA VI REGION,259316.0,Rengo (comunal),Comunal,-34.40518,-70.86324,2000s,Pre-PLADECO
30070238,HABILITACION ACCESO DISCAPACITADOS OFICINA REG.CIVIL - RENGO,2009,PROYECTO,Justicia y Seguridad,ADMINISTRACION SECTORIAL JUSTICIA,FNDR,RS,23437.0,EJECUCION,GOBIERNO REGIONAL - REGION VI LIBERT. BERNARDO O.,REGISTRO CIVIL VI REGION LIB. GRAL. BERNARDO O'HIG,23438.0,Rengo (comunal),Comunal,-34.40518,-70.86324,2000s,Pre-PLADECO
30070572,CONSTRUCCION PAVIMENTACION CALLE RENGO. COMUNA DE RENGO,2009,PROYECTO,Transporte y Vialidad,"TRANSPORTE URBANO,VIALIDAD PEATONAL",FNDR,RS,193428.0,EJECUCION,GOBIERNO REGIONAL - REGION VI LIBERT. BERNARDO O.,MUNICIPALIDAD DE RENGO,193428.0,Rengo (comunal),Comunal,-34.40518,-70.86324,2000s,Pre-PLADECO
30070574,AMPLIACION SERVICIO DE AGUA POTABLE SECTOR LA LECHERIA DE ROSARIO,2009,PROYECTO,Recursos Hídricos,AGUA POTABLE,FNDR,FI,32347.0,PERFIL,GOBIERNO REGIONAL - REGION VI LIBERT. BERNARDO O.,MUNICIPALIDAD DE RENGO,32347.0,Rosario,Rural,-34.34788,-70.84245,2000s,Pre-PLADECO
30072219,REPOSICION ESCUELA CARLOS CONDELL DE RENGO,2009,PROYECTO,Educación y Cultura,EDUCACION BASICA Y MEDIA,FNDR,FI,139706.0,PERFIL,GOBIERNO REGIONAL - REGION VI LIBERT. BERNARDO O.,MUNICIPALIDAD DE RENGO,139706.0,Rengo (comunal),Comunal,-34.40518,-70.86324,2000s,Pre-PLADECO
30076555,MEJORAMIENTO VEREDAS CENTRO COMERCIAL CIUDAD DE RENGO,2009,PROYECTO,Transporte y Vialidad,"TRANSPORTE URBANO,VIALIDAD PEATONAL",FNDR,RS,341916.0,EJECUCION,GOBIERNO REGIONAL - REGION VI LIBERT. BERNARDO O.,MUNICIPALIDAD DE RENGO,341916.0,Ciudad De Rengo,Urbano,-34.40518,-70.86324,2000s,Pre-PLADECO
30076857,"MEJORAMIENTO SERVICIO DE APR DE POPETA, RENGO",2009,PROYECTO,Recursos Hídricos,AGUA POTABLE,FNDR,RS,91492.0,EJECUCION,GOBIERNO REGIONAL - REGION VI LIBERT. BERNARDO O.,DIRECCION DE OBRAS HIDRAULICAS MOP VI REGION,91492.0,Popeta,Rural,-34.42,-70.88,2000s,Pre-PLADECO
30078140,MEJORAMIENTO PISCINA MUNICIPAL DE ROSARIO. COMUNA DE RENGO,2009,PROYECTO,Deporte,RECREACION,FNDR,RS,55214.0,EJECUCION,GOBIERNO REGIONAL - REGION VI LIBERT. BERNARDO O.,MUNICIPALIDAD DE RENGO,55214.0,Rosario,Rural,-34.34788,-70.84245,2000s,Pre-PLADECO
30078141,MEJORAMIENTO PISCINA  MUNICIPAL DE RENGO,2009,PROYECTO,Deporte,DEPORTE RECREATIVO,FNDR,OT,321196.0,PERFIL,GOBIERNO REGIONAL - REGION VI LIBERT. BERNARDO O.,MUNICIPALIDAD DE RENGO,321196.0,Rengo (comunal),Comunal,-34.40518,-70.86324,2000s,Pre-PLADECO
30080203,CONSERVACION EDIFICIO BRIGADA DE INVESTIGACIONES RENGO,2009,PROYECTO,Seguridad Pública,SEGURIDAD PÃšBLICA,FNDR,,76448.0,EJECUCION,GOBIERNO REGIONAL - REGION VI LIBERT. BERNARDO O.,MUNICIPALIDAD DE RENGO,76448.0,Rengo (comunal),Comunal,-34.40518,-70.86324,2000s,Pre-PLADECO
30080563,REPOSICION REFUGIOS PEATONALES RENGO Y ROSARIO.COMUNA DE RENGO,2009,PROYECTO,Transporte y Vialidad,"TRANSPORTE URBANO,VIALIDAD PEATONAL",,FI,0,EJECUCION,,MUNICIPALIDAD DE RENGO,0,Rosario,Rural,-34.34788,-70.84245,2000s,Pre-PLADECO
30080891,INSTALACION SEMAFOROS CIUDAD DE RENGO,2009,PROYECTO,Transporte y Vialidad,"TRANSPORTE URBANO,VIALIDAD PEATONAL",FNDR,OT,31052.0,PERFIL,GOBIERNO REGIONAL - REGION VI LIBERT. BERNARDO O.,MUNICIPALIDAD DE RENGO,31052.0,Ciudad De Rengo,Urbano,-34.40518,-70.86324,2000s,Pre-PLADECO
30081375,CONSTRUCCION RED CONTRA INCENDIO C.C.P. RENGO,2009,PROYECTO,Justicia y Seguridad,REHABILITACION ADULTOS,FNDR,RS,3000.0,EJECUCION,GOBIERNO REGIONAL - REGION VI LIBERT. BERNARDO O.,GENDARMERIA VI REGION LIB.GRAL. BERNARDO O'HIGGINS,3000.0,Rengo (comunal),Comunal,-34.40518,-70.86324,2000s,Pre-PLADECO
30083085,AMPLIACION DEL CENTRO CUMPLIMIENTO PENITENCIARIO DE RENGO,2009,PROYECTO,Justicia y Seguridad,REHABILITACION ADULTOS,Sectorial,RS,77320.0,DISEÑO,SUBSECRETARIA DE JUSTICIA,GENDARMERIA DE CHILE,77320.0,Rengo (comunal),Comunal,-34.40518,-70.86324,2000s,Pre-PLADECO
30083514,MEJORAMIENTO PLAZA DE ARMAS DE RENGO,2009,PROYECTO,Multisectorial,DESARROLLO URBANO,Sectorial,OT,30000.0,EJECUCION,MUNICIPALIDAD DE RANCAGUA - SERVICIO VIVIENDA Y URBANIZACION VI REGION,MUNICIPALIDAD DE RENGO,30000.0,Rengo (comunal),Comunal,-34.40518,-70.86324,2000s,Pre-PLADECO
30083819,"CONSTRUCCION RED ALCANTARILLADO SECTOR NORPONIENTE, RENGO",2009,PROYECTO,Recursos Hídricos,EVACUACION DISPOSICION FINAL AGUAS SERVIDAS,FNDR,RS,509771.0,EJECUCION,GOBIERNO REGIONAL - REGION VI LIBERT. BERNARDO O.,MUNICIPALIDAD DE RENGO,605563.0,Rengo (comunal),Comunal,-34.40518,-70.86324,2000s,Pre-PLADECO
30083877,"ANALISIS Y DES. PLANES DE GESTIÓN DE TTO VIAL Y PEATONAL, RENGO",2009,ESTUDIO BASICO,Transporte y Vialidad,"TRANSPORTE URBANO,VIALIDAD PEATONAL",Sectorial,RS,30001.0,EJECUCION,SECTRA,SECTRA,119999.0,Rengo (comunal),Comunal,-34.40518,-70.86324,2000s,Pre-PLADECO
30085140,"CONSTRUCCION SISTEMA TÉRMICO, ENERGETICO SOLAR CCP RENGO",2009,PROYECTO,Justicia y Seguridad,REHABILITACION ADULTOS,FNDR,OT,2328.0,PERFIL,GOBIERNO REGIONAL - REGION VI LIBERT. BERNARDO O.,GENDARMERIA VI REGION LIB.GRAL. BERNARDO O'HIGGINS,2328.0,Rengo (comunal),Comunal,-34.40518,-70.86324,2000s,Pre-PLADECO
30085976,"CONSERVACION ESCUELA COLONIA ESMERALDA, COMUNA DE RENGO",2009,PROYECTO,Educación y Cultura,EDUCACION BASICA Y MEDIA,FNDR,,65798.0,EJECUCION,GOBIERNO REGIONAL - REGION VI LIBERT. BERNARDO O.,MUNICIPALIDAD DE RENGO,65798.0,Esmeralda,Rural,-34.34281,-70.9049,2000s,Pre-PLADECO
30088277,REPOSICION DEL RETEN POPETA COMO IMPLEMENTACION DEL PCSP,2009,PROYECTO,Seguridad Pública,SEGURIDAD PÃšBLICA,Sectorial,RS,142286.0,EJECUCION,CARABINEROS DE CHILE,CARABINEROS DE CHILE,244024.0,Popeta,Rural,-34.42,-70.88,2000s,Pre-PLADECO
30092633,CONSERVACION EDIFICIO UNIVERSIDAD EN RENGO,2009,PROYECTO,Educación y Cultura,EDUCACION SUPERIOR,FNDR,,113500.0,PERFIL,GOBIERNO REGIONAL - REGION VI LIBERT. BERNARDO O.,MUNICIPALIDAD DE RENGO,113500.0,Rengo (comunal),Comunal,-34.40518,-70.86324,2000s,Pre-PLADECO
20182113,CONSTRUCCION CONSULTORIO URBANO PARA RENGO,2010,PROYECTO,Salud,BAJA COMPLEJIDAD,FNDR,RS,169428.0,EJECUCION,GOBIERNO REGIONAL - REGION VI LIBERT. BERNARDO O.,MUNICIPALIDAD DE RENGO,1542531.0,Rengo (comunal),Comunal,-34.40518,-70.86324,2010s,PLADECO 2010-2018
20182745,MEJORAMIENTO  EJE VIAL AVDA. RIQUELME.COMUNA DE RENGO,2010,PROYECTO,Transporte y Vialidad,"TRANSPORTE URBANO,VIALIDAD PEATONAL",FNDR,OT,123000.0,PERFIL,GOBIERNO REGIONAL - REGION VI LIBERT. BERNARDO O.,MUNICIPALIDAD DE RENGO,126000.0,Rengo (comunal),Comunal,-34.40518,-70.86324,2010s,PLADECO 2010-2018
30040079,MEJORAMIENTO LICEO TOMAS MARIN  DE POVEDA,2010,PROYECTO,Educación y Cultura,EDUCACION BASICA Y MEDIA,Sectorial,RS,175238.0,EJECUCION,SUBSECRETARIA DE EDUCACION - GOBIERNO REGIONAL - REGION VI LIBERT. BERNARDO O.,MUNICIPALIDAD DE RENGO,414493.0,Rengo (comunal),Comunal,-34.40518,-70.86324,2010s,PLADECO 2010-2018
30040081,CONSTRUCCION LICEO INDUSTRIAL DE RENGO,2010,PROYECTO,Educación y Cultura,EDUCACION BASICA Y MEDIA,Sectorial,RS,1355008.0,EJECUCION,SUBSECRETARIA DE EDUCACION - GOBIERNO REGIONAL - REGION VI LIBERT. BERNARDO O.,MUNICIPALIDAD DE RENGO,2772078.0,Rengo (comunal),Comunal,-34.40518,-70.86324,2010s,PLADECO 2010-2018
30040083,AMPLIACION ESCUELA DE APALTA PARA LA JEC,2010,PROYECTO,Educación y Cultura,EDUCACION BASICA Y MEDIA,Sectorial,RS,760208.0,EJECUCION,SUBSECRETARIA DE EDUCACION - GOBIERNO REGIONAL - REGION VI LIBERT. BERNARDO O.,MUNICIPALIDAD DE RENGO,760208.0,Apalta,Rural,-34.33885,-70.86644,2010s,PLADECO 2010-2018
30043582,MEJORAMIENTO CALLES BALMACEDA Y TOMAS VALENCIA-RENGO,2010,PROYECTO,Transporte y Vialidad,"TRANSPORTE URBANO,VIALIDAD PEATONAL",FNDR,RS,68837.0,EJECUCION,GOBIERNO REGIONAL - REGION VI LIBERT. BERNARDO O.,MUNICIPALIDAD DE RENGO,68837.0,Rengo (comunal),Comunal,-34.40518,-70.86324,2010s,PLADECO 2010-2018
30043967,REPOSICION EDIFICIO CONSISTORIAL MUNICIPALIDAD DE RENGO,2010,PROYECTO,Multisectorial,ADMINISTRACION MULTISECTOR,FNDR,RS,21037.0,EJECUCION,GOBIERNO REGIONAL - REGION VI LIBERT. BERNARDO O.,MUNICIPALIDAD DE RENGO,21037.0,Rengo (comunal),Comunal,-34.40518,-70.86324,2010s,PLADECO 2010-2018
30044907,"MEJORAMIENTO SERVICIO DE APR LOS CHOAPINOS, COMUNA DE RENGO",2010,PROYECTO,Recursos Hídricos,AGUA POTABLE,FNDR,RS,121378.0,EJECUCION,GOBIERNO REGIONAL - REGION VI LIBERT. BERNARDO O.,MUNICIPALIDAD DE RENGO,432663.0,Los Choapinos,Rural,-34.3192,-70.83674,2010s,PLADECO 2010-2018
30051152,"MEJORAMIENTO SERVICIO DE APR EL TREBAL - CERRILLOS, COMUNA DE RENGO",2010,PROYECTO,Recursos Hídricos,AGUA POTABLE,Sectorial,RS,221029.0,EJECUCION,AGUA POTABLE RURAL,DIRECCION DE OBRAS HIDRAULICAS MOP VI REGION,261279.0,Rengo (comunal),Comunal,-34.40518,-70.86324,2010s,PLADECO 2010-2018
30060217,"CONSTRUCCION CASETAS SANITARIAS SECTOR LA ISLA, RENGO",2010,PROYECTO,Recursos Hídricos,EVACUACION DISPOSICION FINAL AGUAS SERVIDAS,FNDR,RS,608845.0,EJECUCION,GOBIERNO REGIONAL - REGION VI LIBERT. BERNARDO O.,MUNICIPALIDAD DE RENGO,608845.0,Rengo (comunal),Comunal,-34.40518,-70.86324,2010s,PLADECO 2010-2018
30061220,CONSTRUCCION PAVIMENTACION  CALLES LAUTARO  Y  LA PANDINA.  RENGO,2010,PROYECTO,Transporte y Vialidad,"TRANSPORTE URBANO,VIALIDAD PEATONAL",FNDR,RS,1000.0,EJECUCION,GOBIERNO REGIONAL - REGION VI LIBERT. BERNARDO O.,MUNICIPALIDAD DE RENGO,93950.0,Rengo (comunal),Comunal,-34.40518,-70.86324,2010s,PLADECO 2010-2018
30062130,DIAGNOSTICO EVACUACIÓN AGUAS LLUVIAS DE LA CIUDAD RENGO,2010,ESTUDIO BASICO,Recursos Hídricos,EVACUACION DISPOSICION FINAL AGUAS SERVIDAS,FNDR,RS,69610.0,EJECUCION,GOBIERNO REGIONAL - REGION VI LIBERT. BERNARDO O.,DIRECCION DE OBRAS HIDRAULICAS MOP VI REGION,145202.0,Rengo (comunal),Comunal,-34.40518,-70.86324,2010s,PLADECO 2010-2018
30063546,MEJORAMIENTO EJE VIAL AVDA. RIQUELME - RENGO,2010,PROYECTO,Transporte y Vialidad,"TRANSPORTE URBANO,VIALIDAD PEATONAL",FNDR,RS,69402.0,EJECUCION,GOBIERNO REGIONAL - REGION VI LIBERT. BERNARDO O.,SEREMI VIVIENDA VI REGION,133652.0,Rengo (comunal),Comunal,-34.40518,-70.86324,2010s,PLADECO 2010-2018
30064140,CONSTRUCCION REFUGIO ESCOLAR PARQUE HUILQUIO.RENGO,2010,PROYECTO,Multisectorial,ADMINISTRACION MULTISECTOR,FNDR,OT,250351.0,PERFIL,GOBIERNO REGIONAL - REGION VI LIBERT. BERNARDO O.,MUNICIPALIDAD DE RENGO,250351.0,Rengo (comunal),Comunal,-34.40518,-70.86324,2010s,PLADECO 2010-2018
30070238,HABILITACION ACCESO DISCAPACITADOS OFICINA REG.CIVIL - RENGO,2010,PROYECTO,Justicia y Seguridad,ADMINISTRACION SECTORIAL JUSTICIA,FNDR,RS,9281.0,EJECUCION,GOBIERNO REGIONAL - REGION VI LIBERT. BERNARDO O.,REGISTRO CIVIL VI REGION LIB. GRAL. BERNARDO O'HIG,14144.0,Rengo (comunal),Comunal,-34.40518,-70.86324,2010s,PLADECO 2010-2018
30076555,MEJORAMIENTO VEREDAS CENTRO COMERCIAL CIUDAD DE RENGO,2010,PROYECTO,Transporte y Vialidad,"TRANSPORTE URBANO,VIALIDAD PEATONAL",FNDR,RS,365165.0,EJECUCION,GOBIERNO REGIONAL - REGION VI LIBERT. BERNARDO O.,MUNICIPALIDAD DE RENGO,365165.0,Ciudad De Rengo,Urbano,-34.40518,-70.86324,2010s,PLADECO 2010-2018
30076857,"MEJORAMIENTO SERVICIO DE APR DE POPETA, RENGO",2010,PROYECTO,Recursos Hídricos,AGUA POTABLE,FNDR,RS,61553.0,EJECUCION,GOBIERNO REGIONAL - REGION VI LIBERT. BERNARDO O.,DIRECCION DE OBRAS HIDRAULICAS MOP VI REGION,95508.0,Popeta,Rural,-34.42,-70.88,2010s,PLADECO 2010-2018
30078140,MEJORAMIENTO PISCINA MUNICIPAL DE ROSARIO. COMUNA DE RENGO,2010,PROYECTO,Deporte,RECREACION,FNDR,RS,59128.0,EJECUCION,GOBIERNO REGIONAL - REGION VI LIBERT. BERNARDO O.,MUNICIPALIDAD DE RENGO,59129.0,Rosario,Rural,-34.34788,-70.84245,2010s,PLADECO 2010-2018
30078141,MEJORAMIENTO PISCINA  MUNICIPAL DE RENGO,2010,PROYECTO,Deporte,DEPORTE RECREATIVO,FNDR,OT,343975.0,PERFIL,GOBIERNO REGIONAL - REGION VI LIBERT. BERNARDO O.,MUNICIPALIDAD DE RENGO,343975.0,Rengo (comunal),Comunal,-34.40518,-70.86324,2010s,PLADECO 2010-2018
30080203,CONSERVACION EDIFICIO BRIGADA DE INVESTIGACIONES RENGO,2010,PROYECTO,Seguridad Pública,SEGURIDAD PÃšBLICA,FNDR,,5640.0,EJECUCION,GOBIERNO REGIONAL - REGION VI LIBERT. BERNARDO O.,MUNICIPALIDAD DE RENGO,76242.0,Rengo (comunal),Comunal,-34.40518,-70.86324,2010s,PLADECO 2010-2018
30080563,REPOSICION REFUGIOS PEATONALES RENGO Y ROSARIO.COMUNA DE RENGO,2010,PROYECTO,Transporte y Vialidad,"TRANSPORTE URBANO,VIALIDAD PEATONAL",FNDR,RS,143426.0,EJECUCION,GOBIERNO REGIONAL - REGION VI LIBERT. BERNARDO O.,MUNICIPALIDAD DE RENGO,143426.0,Rosario,Rural,-34.34788,-70.84245,2010s,PLADECO 2010-2018
30080891,INSTALACION SEMAFOROS CIUDAD DE RENGO,2010,PROYECTO,Transporte y Vialidad,"TRANSPORTE URBANO,VIALIDAD PEATONAL",FNDR,OT,33254.0,PERFIL,GOBIERNO REGIONAL - REGION VI LIBERT. BERNARDO O.,MUNICIPALIDAD DE RENGO,33254.0,Ciudad De Rengo,Urbano,-34.40518,-70.86324,2010s,PLADECO 2010-2018
30081375,CONSTRUCCION RED CONTRA INCENDIO C.C.P. RENGO,2010,PROYECTO,Justicia y Seguridad,REHABILITACION ADULTOS,FNDR,RS,3213.0,EJECUCION,GOBIERNO REGIONAL - REGION VI LIBERT. BERNARDO O.,GENDARMERIA VI REGION LIB.GRAL. BERNARDO O'HIGGINS,3213.0,Rengo (comunal),Comunal,-34.40518,-70.86324,2010s,PLADECO 2010-2018
30081375,CONSTRUCCION RED CONTRA INCENDIO C.C.P. RENGO,2010,PROYECTO,Justicia y Seguridad,REHABILITACION ADULTOS,FNDR,RS,70661.0,EJECUCION,GOBIERNO REGIONAL - REGION VI LIBERT. BERNARDO O.,GENDARMERIA VI REGION LIB.GRAL. BERNARDO O'HIGGINS,70661.0,Rengo (comunal),Comunal,-34.40518,-70.86324,2010s,PLADECO 2010-2018
30083085,AMPLIACION DEL CENTRO CUMPLIMIENTO PENITENCIARIO DE RENGO,2010,PROYECTO,Justicia y Seguridad,REHABILITACION ADULTOS,Sectorial,RS,82803.0,DISEÑO,SUBSECRETARIA DE JUSTICIA,GENDARMERIA DE CHILE,82803.0,Rengo (comunal),Comunal,-34.40518,-70.86324,2010s,PLADECO 2010-2018
30083819,"CONSTRUCCION RED ALCANTARILLADO SECTOR NORPONIENTE, RENGO",2010,PROYECTO,Recursos Hídricos,EVACUACION DISPOSICION FINAL AGUAS SERVIDAS,FNDR,RS,129280.0,EJECUCION,GOBIERNO REGIONAL - REGION VI LIBERT. BERNARDO O.,MUNICIPALIDAD DE RENGO,649280.0,Rengo (comunal),Comunal,-34.40518,-70.86324,2010s,PLADECO 2010-2018
30083877,"ANALISIS Y DES. PLANES DE GESTIÓN DE TTO VIAL Y PEATONAL, RENGO",2010,ESTUDIO BASICO,Transporte y Vialidad,"TRANSPORTE URBANO,VIALIDAD PEATONAL",Sectorial,RS,47775.0,EJECUCION,SECTRA,SECTRA,119437.0,Rengo (comunal),Comunal,-34.40518,-70.86324,2010s,PLADECO 2010-2018
30085140,"CONSTRUCCION SISTEMA TÉRMICO, ENERGETICO SOLAR CCP RENGO",2010,PROYECTO,Justicia y Seguridad,REHABILITACION ADULTOS,FNDR,OT,2500.0,PERFIL,GOBIERNO REGIONAL - REGION VI LIBERT. BERNARDO O.,GENDARMERIA VI REGION LIB.GRAL. BERNARDO O'HIGGINS,2500.0,Rengo (comunal),Comunal,-34.40518,-70.86324,2010s,PLADECO 2010-2018
30085976,"CONSERVACION ESCUELA COLONIA ESMERALDA, COMUNA DE RENGO",2010,PROYECTO,Educación y Cultura,EDUCACION BASICA Y MEDIA,FNDR,,3378.0,EJECUCION,GOBIERNO REGIONAL - REGION VI LIBERT. BERNARDO O.,MUNICIPALIDAD DE RENGO,70887.0,Esmeralda,Rural,-34.34281,-70.9049,2010s,PLADECO 2010-2018
30086791,MEJORAMIENTO GIMNASIO MUNICIPAL DE RENGO,2010,PROYECTO,Deporte,ADMINISTRACION DEPORTES Y RECREACION,FNDR,OT,126368.0,EJECUCION,GOBIERNO REGIONAL - REGION VI LIBERT. BERNARDO O.,MUNICIPALIDAD DE RENGO,126368.0,Rengo (comunal),Comunal,-34.40518,-70.86324,2010s,PLADECO 2010-2018
30088277,REPOSICION DEL RETEN POPETA COMO IMPLEMENTACION DEL PCSP,2010,PROYECTO,Seguridad Pública,SEGURIDAD PÃšBLICA,Sectorial,RS,261333.0,EJECUCION,CARABINEROS DE CHILE,CARABINEROS DE CHILE,261333.0,Popeta,Rural,-34.42,-70.88,2010s,PLADECO 2010-2018
30091419,CONSTRUCCION ABOVEDAMIENTO CANAL POBLACION Y COLECTOR EGENAU.RENGO,2010,PROYECTO,Recursos Hídricos,AGUAS LLUVIAS,FNDR,OT,186628.0,EJECUCION,GOBIERNO REGIONAL - REGION VI LIBERT. BERNARDO O.,MUNICIPALIDAD DE RENGO,186628.0,Rengo (comunal),Comunal,-34.40518,-70.86324,2010s,PLADECO 2010-2018
30091420,CONSTRUCCION COLECTOR AGUAS LLUVIAS LAUTARO.CIUDAD DE RENGO,2010,PROYECTO,Recursos Hídricos,EVACUACION DISPOSICION FINAL AGUAS SERVIDAS,FNDR,OT,141085.0,PERFIL,GOBIERNO REGIONAL - REGION VI LIBERT. BERNARDO O.,MUNICIPALIDAD DE RENGO,141085.0,Ciudad De Rengo,Urbano,-34.40518,-70.86324,2010s,PLADECO 2010-2018
30091583,CONSTRUCCION PAVIMENTACION AVDA. SAN MARTIN.RENGO,2010,PROYECTO,Transporte y Vialidad,"TRANSPORTE URBANO,VIALIDAD PEATONAL",FNDR,OT,251000.0,PERFIL,GOBIERNO REGIONAL - REGION VI LIBERT. BERNARDO O.,MUNICIPALIDAD DE RENGO,251000.0,Rengo (comunal),Comunal,-34.40518,-70.86324,2010s,PLADECO 2010-2018
30091584,"MEJORAMIENTO AVDA ALONSO DE ERCILLA, COMUNA DE RENGO",2010,PROYECTO,Transporte y Vialidad,"TRANSPORTE URBANO,VIALIDAD PEATONAL",FNDR,OT,61000.0,DISEÑO,GOBIERNO REGIONAL - REGION VI LIBERT. BERNARDO O.,MUNICIPALIDAD DE RENGO,61000.0,Rengo (comunal),Comunal,-34.40518,-70.86324,2010s,PLADECO 2010-2018
30091805,CONSTRUCCION ESPACIOS PUBLICOS PARA EL DEPORTE.COMUNA DE RENGO,2010,PROYECTO,Deporte,DEPORTE RECREATIVO,FNDR,OT,100000.0,PERFIL,GOBIERNO REGIONAL - REGION VI LIBERT. BERNARDO O.,MUNICIPALIDAD DE RENGO,100000.0,Rengo (comunal),Comunal,-34.40518,-70.86324,2010s,PLADECO 2010-2018
30100601,REPARACION LICEO TOMAS MARIN DE POVEDA,2010,PROYECTO,Educación y Cultura,EDUCACION MEDIA TECNICO,FNDR,OT,222000.0,PERFIL,GOBIERNO REGIONAL - REGION VI LIBERT. BERNARDO O.,MUNICIPALIDAD DE RENGO,222000.0,Rengo (comunal),Comunal,-34.40518,-70.86324,2010s,PLADECO 2010-2018
20182113,CONSTRUCCION CONSULTORIO URBANO PARA RENGO,2011,PROYECTO,Salud,BAJA COMPLEJIDAD,FNDR,RS,63873.0,EJECUCION,GOBIERNO REGIONAL - REGION VI LIBERT. BERNARDO O.,MUNICIPALIDAD DE RENGO,1535803.0,Rengo (comunal),Comunal,-34.40518,-70.86324,2010s,PLADECO 2010-2018
20182458,CONSTRUCCION PASO BAJO NIVELFF.CC. AVDA. BISQUERTT,2011,PROYECTO,Transporte y Vialidad,"TRANSPORTE URBANO,VIALIDAD PEATONAL",FNDR,OT,83889.0,PERFIL,GOBIERNO REGIONAL - REGION VI LIBERT. BERNARDO O.,MUNICIPALIDAD DE RENGO,83889.0,Rengo (comunal),Comunal,-34.40518,-70.86324,2010s,PLADECO 2010-2018
20182458,CONSTRUCCION PASO BAJO NIVELFF.CC. AVDA. BISQUERTT,2011,PROYECTO,Transporte y Vialidad,"TRANSPORTE URBANO,VIALIDAD PEATONAL",FNDR,OT,102000.0,PERFIL,GOBIERNO REGIONAL - REGION VI LIBERT. BERNARDO O.,MUNICIPALIDAD DE RENGO,102000.0,Rengo (comunal),Comunal,-34.40518,-70.86324,2010s,PLADECO 2010-2018
30040079,MEJORAMIENTO LICEO TOMAS MARIN  DE POVEDA,2011,PROYECTO,Educación y Cultura,EDUCACION BASICA Y MEDIA,Sectorial,RS,203247.0,EJECUCION,SUBSECRETARIA DE EDUCACION - GOBIERNO REGIONAL - REGION VI LIBERT. BERNARDO O.,MUNICIPALIDAD DE RENGO,414037.0,Rengo (comunal),Comunal,-34.40518,-70.86324,2010s,PLADECO 2010-2018
30040081,CONSTRUCCION LICEO INDUSTRIAL DE RENGO,2011,PROYECTO,Educación y Cultura,EDUCACION BASICA Y MEDIA,Sectorial,RS,1459000.0,EJECUCION,SUBSECRETARIA DE EDUCACION - GOBIERNO REGIONAL - REGION VI LIBERT. BERNARDO O.,MUNICIPALIDAD DE RENGO,2638029.0,Rengo (comunal),Comunal,-34.40518,-70.86324,2010s,PLADECO 2010-2018
30040083,AMPLIACION ESCUELA DE APALTA PARA LA JEC,2011,PROYECTO,Educación y Cultura,EDUCACION BASICA Y MEDIA,Sectorial,RS,760208.0,EJECUCION,SUBSECRETARIA DE EDUCACION - GOBIERNO REGIONAL - REGION VI LIBERT. BERNARDO O.,MUNICIPALIDAD DE RENGO,760208.0,Apalta,Rural,-34.33885,-70.86644,2010s,PLADECO 2010-2018
30043582,MEJORAMIENTO CALLES BALMACEDA Y TOMAS VALENCIA-RENGO,2011,PROYECTO,Transporte y Vialidad,"TRANSPORTE URBANO,VIALIDAD PEATONAL",FNDR,RS,3315.0,EJECUCION,GOBIERNO REGIONAL - REGION VI LIBERT. BERNARDO O.,MUNICIPALIDAD DE RENGO,68837.0,Rengo (comunal),Comunal,-34.40518,-70.86324,2010s,PLADECO 2010-2018
30043967,REPOSICION EDIFICIO CONSISTORIAL MUNICIPALIDAD DE RENGO,2011,PROYECTO,Multisectorial,ADMINISTRACION MULTISECTOR,Sectorial,OT,4460841.0,EJECUCION,SUBSECRETARIA DESARROLLO REGIONAL Y ADMINISTRATIVO,MUNICIPALIDAD DE RENGO,4460841.0,Rengo (comunal),Comunal,-34.40518,-70.86324,2010s,PLADECO 2010-2018
30043967,REPOSICION EDIFICIO CONSISTORIAL MUNICIPALIDAD DE RENGO,2011,PROYECTO,Multisectorial,ADMINISTRACION MULTISECTOR,FNDR,RS,10120.0,EJECUCION,GOBIERNO REGIONAL - REGION VI LIBERT. BERNARDO O.,MUNICIPALIDAD DE RENGO,22940.0,Rengo (comunal),Comunal,-34.40518,-70.86324,2010s,PLADECO 2010-2018
30060217,"CONSTRUCCION CASETAS SANITARIAS SECTOR LA ISLA, RENGO",2011,PROYECTO,Recursos Hídricos,EVACUACION DISPOSICION FINAL AGUAS SERVIDAS,FNDR,RS,71000.0,EJECUCION,GOBIERNO REGIONAL - REGION VI LIBERT. BERNARDO O.,MUNICIPALIDAD DE RENGO,727487.0,Rengo (comunal),Comunal,-34.40518,-70.86324,2010s,PLADECO 2010-2018
30062130,DIAGNOSTICO EVACUACIÓN AGUAS LLUVIAS DE LA CIUDAD RENGO,2011,ESTUDIO BASICO,Recursos Hídricos,EVACUACION DISPOSICION FINAL AGUAS SERVIDAS,FNDR,RS,69611.0,EJECUCION,GOBIERNO REGIONAL - REGION VI LIBERT. BERNARDO O.,DIRECCION DE OBRAS HIDRAULICAS MOP VI REGION,145204.0,Rengo (comunal),Comunal,-34.40518,-70.86324,2010s,PLADECO 2010-2018
30063546,MEJORAMIENTO EJE VIAL AVDA. RIQUELME - RENGO,2011,PROYECTO,Transporte y Vialidad,"TRANSPORTE URBANO,VIALIDAD PEATONAL",FNDR,RS,109993.0,EJECUCION,GOBIERNO REGIONAL - REGION VI LIBERT. BERNARDO O.,SEREMI VIVIENDA VI REGION,133021.0,Rengo (comunal),Comunal,-34.40518,-70.86324,2010s,PLADECO 2010-2018
30063604,MEJORAMIENTO AVDA PATRIMONIAL JOSE BISQUERT DE RENGO,2011,PROYECTO,Transporte y Vialidad,"TRANSPORTE URBANO,VIALIDAD PEATONAL",Sectorial,RS,75822.0,EJECUCION,MUNICIPALIDAD DE RENGO - SERVICIO VIVIENDA Y URBANIZACION VI REGION,SEREMI VIVIENDA VI REGION,449446.0,Rengo (comunal),Comunal,-34.40518,-70.86324,2010s,PLADECO 2010-2018
30064140,CONSTRUCCION REFUGIO ESCOLAR PARQUE HUILQUIO.RENGO,2011,PROYECTO,Multisectorial,ADMINISTRACION MULTISECTOR,FNDR,,250353.0,PERFIL,GOBIERNO REGIONAL - REGION VI LIBERT. BERNARDO O.,MUNICIPALIDAD DE RENGO,250353.0,Rengo (comunal),Comunal,-34.40518,-70.86324,2010s,PLADECO 2010-2018
30068905,CONSTRUCCION CASETAS SANITARIAS LA CHIMBA,2011,PROYECTO,Vivienda y Urbanismo,SOLUCION HABITACIONAL PARCIAL O COMPLEMENTARIA,FNDR,OT,36714.0,PERFIL,GOBIERNO REGIONAL - REGION VI LIBERT. BERNARDO O.,MUNICIPALIDAD DE RENGO,36714.0,La Chimba,Rural,-34.40804,-70.81718,2010s,PLADECO 2010-2018
30072428,REPOSICION CUARTEL 2ª COMPAÑIA DE BOMBEROS DE RENGO,2011,PROYECTO,Seguridad Pública,SEGURIDAD PÃšBLICA,FNDR,FI,174938.0,PERFIL,GOBIERNO REGIONAL - REGION VI LIBERT. BERNARDO O.,MUNICIPALIDAD DE RENGO,174938.0,Rengo (comunal),Comunal,-34.40518,-70.86324,2010s,PLADECO 2010-2018
30073197,REPOSICION POSTA EL CERRILLO DE RENGO,2011,PROYECTO,Salud,BAJA COMPLEJIDAD,FNDR,FI,73323.0,PERFIL,GOBIERNO REGIONAL - REGION VI LIBERT. BERNARDO O.,MUNICIPALIDAD DE RENGO,99881.0,Rengo (comunal),Comunal,-34.40518,-70.86324,2010s,PLADECO 2010-2018
30076555,MEJORAMIENTO VEREDAS CENTRO COMERCIAL CIUDAD DE RENGO,2011,PROYECTO,Transporte y Vialidad,"TRANSPORTE URBANO,VIALIDAD PEATONAL",FNDR,RS,296635.0,EJECUCION,GOBIERNO REGIONAL - REGION VI LIBERT. BERNARDO O.,MUNICIPALIDAD DE RENGO,378679.0,Ciudad De Rengo,Urbano,-34.40518,-70.86324,2010s,PLADECO 2010-2018
30078140,MEJORAMIENTO PISCINA MUNICIPAL DE ROSARIO. COMUNA DE RENGO,2011,PROYECTO,Deporte,RECREACION,FNDR,RS,58059.0,EJECUCION,GOBIERNO REGIONAL - REGION VI LIBERT. BERNARDO O.,MUNICIPALIDAD DE RENGO,58059.0,Rosario,Rural,-34.34788,-70.84245,2010s,PLADECO 2010-2018
30078141,MEJORAMIENTO PISCINA MUNICIPAL DE RENGO,2011,PROYECTO,Deporte,DEPORTE RECREATIVO,FNDR,FI,452001.0,PERFIL,GOBIERNO REGIONAL - REGION VI LIBERT. BERNARDO O.,MUNICIPALIDAD DE RENGO,499183.0,Rengo (comunal),Comunal,-34.40518,-70.86324,2010s,PLADECO 2010-2018
30080539,MEJORAMIENTO PAVIMENTACION VARIAS CALLES DE RENGO,2011,PROYECTO,Transporte y Vialidad,"TRANSPORTE URBANO,VIALIDAD PEATONAL",FNDR,OT,186341.0,PERFIL,GOBIERNO REGIONAL - REGION VI LIBERT. BERNARDO O.,MUNICIPALIDAD DE RENGO,186341.0,Rengo (comunal),Comunal,-34.40518,-70.86324,2010s,PLADECO 2010-2018
30080563,REPOSICION REFUGIOS PEATONALES RENGO Y ROSARIO.COMUNA DE RENGO,2011,PROYECTO,Transporte y Vialidad,"TRANSPORTE URBANO,VIALIDAD PEATONAL",FNDR,RS,143426.0,EJECUCION,GOBIERNO REGIONAL - REGION VI LIBERT. BERNARDO O.,MUNICIPALIDAD DE RENGO,143426.0,Rosario,Rural,-34.34788,-70.84245,2010s,PLADECO 2010-2018
30080891,INSTALACION SEMAFOROS CIUDAD DE RENGO,2011,PROYECTO,Transporte y Vialidad,"TRANSPORTE URBANO,VIALIDAD PEATONAL",FNDR,OT,33254.0,PERFIL,GOBIERNO REGIONAL - REGION VI LIBERT. BERNARDO O.,MUNICIPALIDAD DE RENGO,33254.0,Ciudad De Rengo,Urbano,-34.40518,-70.86324,2010s,PLADECO 2010-2018
30081375,CONSTRUCCION RED CONTRA INCENDIO C.C.P. RENGO,2011,PROYECTO,Justicia y Seguridad,REHABILITACION ADULTOS,FNDR,RS,70661.0,EJECUCION,GOBIERNO REGIONAL - REGION VI LIBERT. BERNARDO O.,GENDARMERIA VI REGION LIB.GRAL. BERNARDO O'HIGGINS,70661.0,Rengo (comunal),Comunal,-34.40518,-70.86324,2010s,PLADECO 2010-2018
30083085,AMPLIACION DEL CENTRO CUMPLIMIENTO PENITENCIARIO DE RENGO,2011,PROYECTO,Justicia y Seguridad,REHABILITACION ADULTOS,Sectorial,RS,80304.0,DISEÑO,SUBSECRETARIA DE JUSTICIA,GENDARMERIA DE CHILE,80304.0,Rengo (comunal),Comunal,-34.40518,-70.86324,2010s,PLADECO 2010-2018
30083514,MEJORAMIENTO PLAZA DE ARMAS DE RENGO,2011,PROYECTO,Multisectorial,DESARROLLO URBANO,Sectorial,RS,11141.0,EJECUCION,SERVICIO VIVIENDA Y URBANIZACION VI REGION,MUNICIPALIDAD DE RENGO,38140.0,Rengo (comunal),Comunal,-34.40518,-70.86324,2010s,PLADECO 2010-2018
30083877,"ANALISIS Y DES. PLANES DE GESTIÓN DE TTO VIAL Y PEATONAL, RENGO",2011,ESTUDIO BASICO,Transporte y Vialidad,"TRANSPORTE URBANO,VIALIDAD PEATONAL",Sectorial,RS,71662.0,EJECUCION,SECTRA,SECTRA,119437.0,Rengo (comunal),Comunal,-34.40518,-70.86324,2010s,PLADECO 2010-2018
30085140,"CONSTRUCCION SISTEMA TÉRMICO, ENERGETICO SOLAR CCP RENGO",2011,PROYECTO,Justicia y Seguridad,REHABILITACION ADULTOS,FNDR,OT,2500.0,PERFIL,GOBIERNO REGIONAL - REGION VI LIBERT. BERNARDO O.,GENDARMERIA VI REGION LIB.GRAL. BERNARDO O'HIGGINS,2500.0,Rengo (comunal),Comunal,-34.40518,-70.86324,2010s,PLADECO 2010-2018
30086791,MEJORAMIENTO GIMNASIO MUNICIPAL DE RENGO,2011,PROYECTO,Deporte,ADMINISTRACION DEPORTES Y RECREACION,FNDR,OT,421501.0,EJECUCION,GOBIERNO REGIONAL - REGION VI LIBERT. BERNARDO O.,MUNICIPALIDAD DE RENGO,421501.0,Rengo (comunal),Comunal,-34.40518,-70.86324,2010s,PLADECO 2010-2018
30091419,CONSTRUCCION  ABOVEDAMIENTO CANAL POBLACION Y COLECTOR EGENAU.RENGO,2011,PROYECTO,Recursos Hídricos,AGUAS LLUVIAS,FNDR,OT,186628.0,EJECUCION,GOBIERNO REGIONAL - REGION VI LIBERT. BERNARDO O.,MUNICIPALIDAD DE RENGO,186628.0,Rengo (comunal),Comunal,-34.40518,-70.86324,2010s,PLADECO 2010-2018
30091420,CONSTRUCCION COLECTOR AGUAS LLUVIAS LAUTARO.CIUDAD DE RENGO,2011,PROYECTO,Recursos Hídricos,EVACUACION DISPOSICION FINAL AGUAS SERVIDAS,FNDR,OT,141085.0,PERFIL,GOBIERNO REGIONAL - REGION VI LIBERT. BERNARDO O.,MUNICIPALIDAD DE RENGO,141085.0,Ciudad De Rengo,Urbano,-34.40518,-70.86324,2010s,PLADECO 2010-2018
30091492,CONSTRUCCION PAVIMENTACION BALMACEDA Y EL CHAPETON. RENGO,2011,PROYECTO,Transporte y Vialidad,"TRANSPORTE URBANO,VIALIDAD PEATONAL",FNDR,OT,250000.0,PERFIL,GOBIERNO REGIONAL - REGION VI LIBERT. BERNARDO O.,MUNICIPALIDAD DE RENGO,250000.0,Rengo (comunal),Comunal,-34.40518,-70.86324,2010s,PLADECO 2010-2018
30091583,CONSTRUCCION PAVIMENTACION AVDA. SAN MARTIN.RENGO,2011,PROYECTO,Transporte y Vialidad,"TRANSPORTE URBANO,VIALIDAD PEATONAL",FNDR,OT,251000.0,PERFIL,GOBIERNO REGIONAL - REGION VI LIBERT. BERNARDO O.,MUNICIPALIDAD DE RENGO,251000.0,Rengo (comunal),Comunal,-34.40518,-70.86324,2010s,PLADECO 2010-2018
30091584,"MEJORAMIENTO AVDA ALONSO DE ERCILLA, COMUNA DE RENGO",2011,PROYECTO,Transporte y Vialidad,"TRANSPORTE URBANO,VIALIDAD PEATONAL",FNDR,RS,75000.0,DISEÑO,GOBIERNO REGIONAL - REGION VI LIBERT. BERNARDO O.,MUNICIPALIDAD DE RENGO,75000.0,Rengo (comunal),Comunal,-34.40518,-70.86324,2010s,PLADECO 2010-2018
30091593,REPOSICION ALUMBRADO PUBLICO DE LA COMUNA DE RENGO,2011,PROYECTO,Energía,ADMINISTRACION ENERGIA,FNDR,OT,121000.0,PERFIL,GOBIERNO REGIONAL - REGION VI LIBERT. BERNARDO O.,MUNICIPALIDAD DE RENGO,121000.0,Rengo (comunal),Comunal,-34.40518,-70.86324,2010s,PLADECO 2010-2018
30091805,CONSTRUCCION ESPACIOS PUBLICOS PARA EL DEPORTE.COMUNA DE RENGO,2011,PROYECTO,Deporte,DEPORTE RECREATIVO,FNDR,FI,753000.0,PERFIL,GOBIERNO REGIONAL - REGION VI LIBERT. BERNARDO O.,MUNICIPALIDAD DE RENGO,999180.0,Rengo (comunal),Comunal,-34.40518,-70.86324,2010s,PLADECO 2010-2018
30096233,"CONSTRUCCION CASETAS SANITARIAS ESMERALDA PRIMERA ETAPA, RENGO",2011,PROYECTO,Recursos Hídricos,EVACUACION DISPOSICION FINAL AGUAS SERVIDAS,Sectorial,RS,42000.0,PERFIL,SUBSECRETARIA DESARROLLO REGIONAL Y ADMINISTRATIVO,MUNICIPALIDAD DE RENGO,42000.0,Esmeralda,Rural,-34.34281,-70.9049,2010s,PLADECO 2010-2018
30100156,REPOSICION VEREDAS SECTOR CENTRO CIUDAD DE RENGO,2011,PROYECTO,Transporte y Vialidad,"TRANSPORTE URBANO,VIALIDAD PEATONAL",FNDR,FI,442163.0,PERFIL,GOBIERNO REGIONAL - REGION VI LIBERT. BERNARDO O.,MUNICIPALIDAD DE RENGO,442163.0,Ciudad De Rengo,Urbano,-34.40518,-70.86324,2010s,PLADECO 2010-2018
30100160,REPOSICION ESCUELA ESPECIAL TERESA NARETTO DE NICOLETTI,2011,PROYECTO,Educación y Cultura,EDUCACION DIFERENCIAL Y ESPECIAL,FNDR,OT,520278.0,PERFIL,GOBIERNO REGIONAL - REGION VI LIBERT. BERNARDO O.,MUNICIPALIDAD DE RENGO,520278.0,Rengo (comunal),Comunal,-34.40518,-70.86324,2010s,PLADECO 2010-2018
30103618,CONSTRUCCION CENTRO DE ESTUDIO Y TRABAJO LOS CESARES DE RENGO,2011,PROYECTO,Justicia y Seguridad,INTERSUBSECTORIAL JUSTICIA,Sectorial,RS,21633.0,PERFIL,GENDARMERIA DE CHILE,GENDARMERIA DE CHILE,33187.0,Rengo (comunal),Comunal,-34.40518,-70.86324,2010s,PLADECO 2010-2018
30104226,"CONSERVACION CENTRO DE LACTANTES Y PRE ESCOLARES,  VI REGION",2011,PROYECTO,Justicia y Seguridad,ASISTENCIA DE MENORES,FNDR,,85000.0,EJECUCION,GOBIERNO REGIONAL - REGION VI LIBERT. BERNARDO O.,SERVICIO NACIONAL DE MENORES VI REGION,85000.0,Rengo (comunal),Comunal,-34.40518,-70.86324,2010s,PLADECO 2010-2018
30104226,"CONSERVACION CENTRO DE LACTANTES Y PRE ESCOLARES,  VI REGION",2011,PROYECTO,Justicia y Seguridad,ASISTENCIA DE MENORES,FNDR,,14250.0,EJECUCION,GOBIERNO REGIONAL - REGION VI LIBERT. BERNARDO O.,SERVICIO NACIONAL DE MENORES VI REGION,14250.0,Rengo (comunal),Comunal,-34.40518,-70.86324,2010s,PLADECO 2010-2018
30104229,AMPLIACION DE BAÑOS Y DORMITORIOS DEL CENTRO DE LACTANTES Y PREESC,2011,PROYECTO,Justicia y Seguridad,ASISTENCIA DE MENORES,FNDR,FI,17200.0,PERFIL,GOBIERNO REGIONAL - REGION VI LIBERT. BERNARDO O.,SERVICIO NACIONAL DE MENORES VI REGION,17200.0,Rengo (comunal),Comunal,-34.40518,-70.86324,2010s,PLADECO 2010-2018
30104673,CONSTRUCCION COMPLEJO POLIDEPORTIVO ORIENTE I ETAPA.RENGO,2011,PROYECTO,Deporte,DEPORTE COMPETITIVO,FNDR,RS,300000.0,EJECUCION,GOBIERNO REGIONAL - REGION VI LIBERT. BERNARDO O.,MUNICIPALIDAD DE RENGO,300000.0,Rengo (comunal),Comunal,-34.40518,-70.86324,2010s,PLADECO 2010-2018
30107255,REPARACION EDIFICIO GORE RUTA 5 SUR RENGO(EX-UNIVERSIDAD),2011,PROYECTO,Multisectorial,ADMINISTRACION MULTISECTOR,FNDR,RS,109229.0,DISEÑO,GOBIERNO REGIONAL - REGION VI LIBERT. BERNARDO O.,GOBIERNO REGIONAL - REGION VI LIBERT. BERNARDO O.,109229.0,Rengo (comunal),Comunal,-34.40518,-70.86324,2010s,PLADECO 2010-2018
30110365,HABILITACION UNIDAD DE PACIENTE INTERMEDIO HOSPITAL DE RENGO,2011,PROYECTO,Salud,MEDIA COMPLEJIDAD,FNDR,RS,55756.0,EJECUCION,GOBIERNO REGIONAL - REGION VI LIBERT. BERNARDO O.,SERVICIO SALUD OHIGGINS,55756.0,Rengo (comunal),Comunal,-34.40518,-70.86324,2010s,PLADECO 2010-2018
30111307,REPARACION GIMNASIO MUNICIPAL DE ROSARIO. COMUNA DE RENGO,2011,PROYECTO,Deporte,ADMINISTRACION DEPORTES Y RECREACION,Sectorial,RS,60930.0,PERFIL,SUBSECRETARIA DESARROLLO REGIONAL Y ADMINISTRATIVO,MUNICIPALIDAD DE RENGO,60930.0,Rosario,Rural,-34.34788,-70.84245,2010s,PLADECO 2010-2018
30111328,CONSTRUCCION PLANTA TRATAMIENTO AGUAS SERVIDAS ESCUELA DE POPETA,2011,PROYECTO,Recursos Hídricos,EVACUACION DISPOSICION FINAL AGUAS SERVIDAS,FNDR,,49994.0,PERFIL,GOBIERNO REGIONAL - REGION VI LIBERT. BERNARDO O.,MUNICIPALIDAD DE RENGO,49994.0,Popeta,Rural,-34.42,-70.88,2010s,PLADECO 2010-2018
30111332,ADQUISICION GRUPO ELECTROGENO COMITE APR CHOAPINOS-LA ALIANZA,2011,PROYECTO,Energía,ADMINISTRACION ENERGIA,FNDR,,13864.0,PERFIL,GOBIERNO REGIONAL - REGION VI LIBERT. BERNARDO O.,MUNICIPALIDAD DE RENGO,13864.0,Rengo (comunal),Comunal,-34.40518,-70.86324,2010s,PLADECO 2010-2018
30111361,CONSTRUCCION PLANTA TRATAMIENTO AGUAS SERVIDAS ESCUELA LO DE LOBOS,2011,PROYECTO,Recursos Hídricos,EVACUACION DISPOSICION FINAL AGUAS SERVIDAS,FNDR,,49994.0,PERFIL,GOBIERNO REGIONAL - REGION VI LIBERT. BERNARDO O.,MUNICIPALIDAD DE RENGO,49994.0,Lo De Lobo,Rural,-34.37523,-70.82941,2010s,PLADECO 2010-2018
30111366,MEJORAMIENTO AREA VERDE SECTOR COPA DE AGUA,2011,PROYECTO,Multisectorial,DESARROLLO URBANO,FNDR,,49990.0,PERFIL,GOBIERNO REGIONAL - REGION VI LIBERT. BERNARDO O.,MUNICIPALIDAD DE RENGO,49990.0,Rengo (comunal),Comunal,-34.40518,-70.86324,2010s,PLADECO 2010-2018
30111373,CONSTRUCCION AREA VERDE Y MULTICANCHA EL DURAZNAL DE CHANQUEAHUE,2011,PROYECTO,Multisectorial,DESARROLLO URBANO,FNDR,,49076.0,PERFIL,GOBIERNO REGIONAL - REGION VI LIBERT. BERNARDO O.,MUNICIPALIDAD DE RENGO,49076.0,Chanqueahue,Rural,-34.4335,-70.78779,2010s,PLADECO 2010-2018
30111388,CONSTRUCCION SEDE COMUNITARIA L0 CARTAGENA,2011,PROYECTO,Multisectorial,DESARROLLO URBANO,FNDR,,49504.0,PERFIL,GOBIERNO REGIONAL - REGION VI LIBERT. BERNARDO O.,MUNICIPALIDAD DE RENGO,49504.0,Rengo (comunal),Comunal,-34.40518,-70.86324,2010s,PLADECO 2010-2018
30111422,CONSTRUCCION AREA VERDE INTERIOR POBLACION DOMINGO PAREDES,2011,PROYECTO,Multisectorial,DESARROLLO URBANO,FNDR,,49999.0,PERFIL,GOBIERNO REGIONAL - REGION VI LIBERT. BERNARDO O.,MUNICIPALIDAD DE RENGO,49999.0,Rengo (comunal),Comunal,-34.40518,-70.86324,2010s,PLADECO 2010-2018
30111483,CONSTRUCCION MULTICANCHA Y AREA VERDE POBLACION Nº2,2011,PROYECTO,Multisectorial,DESARROLLO URBANO,FNDR,,46486.0,PERFIL,GOBIERNO REGIONAL - REGION VI LIBERT. BERNARDO O.,MUNICIPALIDAD DE RENGO,46486.0,Rengo (comunal),Comunal,-34.40518,-70.86324,2010s,PLADECO 2010-2018
30111492,CONSTRUCCION AREA VERDE VILLA ESPERANZA DE LO DE LOBOS,2011,PROYECTO,Multisectorial,DESARROLLO URBANO,FNDR,,29261.0,PERFIL,GOBIERNO REGIONAL - REGION VI LIBERT. BERNARDO O.,MUNICIPALIDAD DE RENGO,29261.0,Lo De Lobo,Rural,-34.37523,-70.82941,2010s,PLADECO 2010-2018
30111501,CONSTRUCCION VEREDAS AVDA. RENATO CORREA,2011,PROYECTO,Multisectorial,DESARROLLO URBANO,FNDR,,36782.0,PERFIL,GOBIERNO REGIONAL - REGION VI LIBERT. BERNARDO O.,MUNICIPALIDAD DE RENGO,36782.0,Rengo (comunal),Comunal,-34.40518,-70.86324,2010s,PLADECO 2010-2018
30111524,CONSTRUCCION VEREDAS VARIOS SECTORES DE RENGO,2011,PROYECTO,Multisectorial,DESARROLLO URBANO,FNDR,,43307.0,PERFIL,GOBIERNO REGIONAL - REGION VI LIBERT. BERNARDO O.,MUNICIPALIDAD DE RENGO,43307.0,Rengo (comunal),Comunal,-34.40518,-70.86324,2010s,PLADECO 2010-2018
30111526,CONSTRUCCION VEREDAS CALLE MANUEL FCO CORREA Y CALLE BUQUES Y MADERA,2011,PROYECTO,Multisectorial,DESARROLLO URBANO,FNDR,,41323.0,PERFIL,GOBIERNO REGIONAL - REGION VI LIBERT. BERNARDO O.,MUNICIPALIDAD DE RENGO,41323.0,Rengo (comunal),Comunal,-34.40518,-70.86324,2010s,PLADECO 2010-2018
30111594,MEJORAMIENTO REMODELACION AREA VERDE EL ROMERAL,2011,PROYECTO,Multisectorial,DESARROLLO URBANO,FNDR,,27813.0,PERFIL,GOBIERNO REGIONAL - REGION VI LIBERT. BERNARDO O.,MUNICIPALIDAD DE RENGO,27813.0,Rengo (comunal),Comunal,-34.40518,-70.86324,2010s,PLADECO 2010-2018
30111596,MEJORAMIENTO PLAZA SECTOR LA ISLA,2011,PROYECTO,Multisectorial,DESARROLLO URBANO,FNDR,,39574.0,PERFIL,GOBIERNO REGIONAL - REGION VI LIBERT. BERNARDO O.,MUNICIPALIDAD DE RENGO,39574.0,Rengo (comunal),Comunal,-34.40518,-70.86324,2010s,PLADECO 2010-2018
30111620,CONSTRUCCION PLAZA LOS ALEROS DEL BOSQUE,2011,PROYECTO,Multisectorial,DESARROLLO URBANO,FNDR,,40628.0,PERFIL,GOBIERNO REGIONAL - REGION VI LIBERT. BERNARDO O.,MUNICIPALIDAD DE RENGO,40628.0,Rengo (comunal),Comunal,-34.40518,-70.86324,2010s,PLADECO 2010-2018
30111647,CONSTRUCCION ILUMINACION CANCHA LO CARTAGENA,2011,PROYECTO,Multisectorial,DESARROLLO URBANO,FNDR,,28549.0,PERFIL,GOBIERNO REGIONAL - REGION VI LIBERT. BERNARDO O.,MUNICIPALIDAD DE RENGO,28549.0,Lo Cartagena,Rural,-34.39026,-70.8737,2010s,PLADECO 2010-2018
30111679,CONSTRUCCION ILUMINACION CANCHA LA PISCINA,2011,PROYECTO,Multisectorial,DESARROLLO URBANO,FNDR,,28549.0,PERFIL,GOBIERNO REGIONAL - REGION VI LIBERT. BERNARDO O.,MUNICIPALIDAD DE RENGO,28549.0,Rengo (comunal),Comunal,-34.40518,-70.86324,2010s,PLADECO 2010-2018
30111682,CONSTRUCCION ILUMINACION CANCHA UNION LAS VILLAS,2011,PROYECTO,Multisectorial,DESARROLLO URBANO,FNDR,,28549.0,PERFIL,GOBIERNO REGIONAL - REGION VI LIBERT. BERNARDO O.,MUNICIPALIDAD DE RENGO,28549.0,Rengo (comunal),Comunal,-34.40518,-70.86324,2010s,PLADECO 2010-2018
30111684,CONSTRUCCION ILUMINACION CANCHA EL GALES,2011,PROYECTO,Multisectorial,DESARROLLO URBANO,FNDR,,28549.0,PERFIL,GOBIERNO REGIONAL - REGION VI LIBERT. BERNARDO O.,MUNICIPALIDAD DE RENGO,28549.0,Rengo (comunal),Comunal,-34.40518,-70.86324,2010s,PLADECO 2010-2018
30111732,CONSTRUCCION AREA VERDE BANDEJONES POBLACIONES DOMINGO PAREDES,2011,PROYECTO,Multisectorial,DESARROLLO URBANO,FNDR,,49999.0,PERFIL,GOBIERNO REGIONAL - REGION VI LIBERT. BERNARDO O.,MUNICIPALIDAD DE RENGO,49999.0,Rengo (comunal),Comunal,-34.40518,-70.86324,2010s,PLADECO 2010-2018
30111915,CONSTRUCCION ILUMINACION CANCHA LA ISLA,2011,PROYECTO,Multisectorial,DESARROLLO URBANO,FNDR,,28549.0,PERFIL,GOBIERNO REGIONAL - REGION VI LIBERT. BERNARDO O.,MUNICIPALIDAD DE RENGO,28549.0,Rengo (comunal),Comunal,-34.40518,-70.86324,2010s,PLADECO 2010-2018
30111923,CONSTRUCCION ILUMINACION CANCHA EL CERRILLO,2011,PROYECTO,Multisectorial,DESARROLLO URBANO,FNDR,,28549.0,PERFIL,GOBIERNO REGIONAL - REGION VI LIBERT. BERNARDO O.,MUNICIPALIDAD DE RENGO,28549.0,Rengo (comunal),Comunal,-34.40518,-70.86324,2010s,PLADECO 2010-2018
30111934,CONSTRUCCION ILUMINACION CANCHA RINCONADA DE MALAMBO,2011,PROYECTO,Multisectorial,DESARROLLO URBANO,FNDR,,28549.0,PERFIL,GOBIERNO REGIONAL - REGION VI LIBERT. BERNARDO O.,MUNICIPALIDAD DE RENGO,28549.0,Malambo,Rural,-34.42437,-70.83827,2010s,PLADECO 2010-2018
30112022,EQUIPAMIENTO CIRCUITOS DEPORTIVOS Y J.INFANTILES PARA PLAZA V.LETELI,2011,PROYECTO,Multisectorial,DESARROLLO URBANO,FNDR,,49915.0,PERFIL,GOBIERNO REGIONAL - REGION VI LIBERT. BERNARDO O.,MUNICIPALIDAD DE RENGO,49915.0,Rengo (comunal),Comunal,-34.40518,-70.86324,2010s,PLADECO 2010-2018
30112024,"EQUIPAMIENTO CIRCUITOS DEPORTIVOS, J. INFANTILES PLAZA AMERICAS Y LA",2011,PROYECTO,Multisectorial,DESARROLLO URBANO,FNDR,,31942.0,PERFIL,GOBIERNO REGIONAL - REGION VI LIBERT. BERNARDO O.,MUNICIPALIDAD DE RENGO,31942.0,Rengo (comunal),Comunal,-34.40518,-70.86324,2010s,PLADECO 2010-2018
30112028,EQUIPAMIENTO DEPORTIVO Y JUEGOS PLAZA OPORTUNIDAD Y EL CIPRES,2011,PROYECTO,Multisectorial,DESARROLLO URBANO,FNDR,,49403.0,PERFIL,GOBIERNO REGIONAL - REGION VI LIBERT. BERNARDO O.,MUNICIPALIDAD DE RENGO,49403.0,Rengo (comunal),Comunal,-34.40518,-70.86324,2010s,PLADECO 2010-2018
30112029,EQUIPAMIENTO DEPORTIVO Y JUEGOS PARQUE LA PISCINA Y C.ARRAU,2011,PROYECTO,Multisectorial,DESARROLLO URBANO,FNDR,,41665.0,PERFIL,GOBIERNO REGIONAL - REGION VI LIBERT. BERNARDO O.,MUNICIPALIDAD DE RENGO,41665.0,Rengo (comunal),Comunal,-34.40518,-70.86324,2010s,PLADECO 2010-2018
30112030,EQUIPAMIENTO DEPORTIVO Y JUEGOS PLAZA URETA Y GIMNASIO ROSARIO,2011,PROYECTO,Multisectorial,DESARROLLO URBANO,FNDR,,38755.0,PERFIL,GOBIERNO REGIONAL - REGION VI LIBERT. BERNARDO O.,MUNICIPALIDAD DE RENGO,38755.0,Rosario,Rural,-34.34788,-70.84245,2010s,PLADECO 2010-2018
30112037,"EQUIPAMIENTO DEPORTIVO Y JUEGOS RINCONADA, LAS TORRES Y EL CERRILLO",2011,PROYECTO,Multisectorial,DESARROLLO URBANO,FNDR,,44186.0,PERFIL,GOBIERNO REGIONAL - REGION VI LIBERT. BERNARDO O.,MUNICIPALIDAD DE RENGO,44186.0,Rengo (comunal),Comunal,-34.40518,-70.86324,2010s,PLADECO 2010-2018
30112039,EQUIPAMIENTO DEPORTIVOS Y JUEGOS VILLA SANTA ANA Y PARRONALES,2011,PROYECTO,Multisectorial,DESARROLLO URBANO,FNDR,,49941.0,PERFIL,GOBIERNO REGIONAL - REGION VI LIBERT. BERNARDO O.,MUNICIPALIDAD DE RENGO,49941.0,Rengo (comunal),Comunal,-34.40518,-70.86324,2010s,PLADECO 2010-2018
30112115,CONSERVACION PLAN INVIERNO 2011 MONUMENTOS NACIONALES Y DE INTERES P,2011,PROYECTO,Vivienda y Urbanismo,SOLUCION HABITACIONAL PARCIAL O COMPLEMENTARIA,FNDR,,10298.0,PERFIL,GOBIERNO REGIONAL - REGION VI LIBERT. BERNARDO O.,MUNICIPALIDAD DE RENGO,10298.0,Rengo (comunal),Comunal,-34.40518,-70.86324,2010s,PLADECO 2010-2018
30112119,CONSTRUCCION SEDE POBLACION VALENTIN LETELIER COMUNA DE RENGO,2011,PROYECTO,Multisectorial,DESARROLLO URBANO,FNDR,,49504.0,PERFIL,GOBIERNO REGIONAL - REGION VI LIBERT. BERNARDO O.,MUNICIPALIDAD DE RENGO,49504.0,Rengo (comunal),Comunal,-34.40518,-70.86324,2010s,PLADECO 2010-2018
30112398,CONSTRUCCION COMPLEJO POLIDEPORTIVO ORIENTE II ETAPA. RENGO,2011,PROYECTO,Deporte,DEPORTE RECREATIVO,FNDR,RS,573403.0,EJECUCION,GOBIERNO REGIONAL - REGION VI LIBERT. BERNARDO O.,MUNICIPALIDAD DE RENGO,1022618.0,Rengo (comunal),Comunal,-34.40518,-70.86324,2010s,PLADECO 2010-2018
30113520,REPARACION TEATRO MUNICIPAL DE RENGO. COMUNA DE RENGO,2011,PROYECTO,Educación y Cultura,ADMINISTRACION EDUCACION Y CULTURA,Sectorial,FI,72700.0,PERFIL,SUBSECRETARIA DESARROLLO REGIONAL Y ADMINISTRATIVO,MUNICIPALIDAD DE RENGO,72700.0,Rengo (comunal),Comunal,-34.40518,-70.86324,2010s,PLADECO 2010-2018
30115314,CONSTRUCCION MULTICANCHA CLUB DEPORTIVO NACIONAL DE ROSARIO PICHIGUA,2011,PROYECTO,Multisectorial,DESARROLLO URBANO,FNDR,,26701.0,PERFIL,GOBIERNO REGIONAL - REGION VI LIBERT. BERNARDO O.,MUNICIPALIDAD DE RENGO,26701.0,Rosario,Rural,-34.34788,-70.84245,2010s,PLADECO 2010-2018
30118917,CONSTRUCCION TERMINACIONES SALONES COMUNITARIOS PARROQUIA DE RENGO,2011,PROYECTO,Multisectorial,DESARROLLO URBANO,FNDR,,49985.0,PERFIL,GOBIERNO REGIONAL - REGION VI LIBERT. BERNARDO O.,MUNICIPALIDAD DE RENGO,49985.0,Rengo (comunal),Comunal,-34.40518,-70.86324,2010s,PLADECO 2010-2018
20145235,CONSTRUCCION PARQUE PISCINA DE RENGO,2012,PROYECTO,Multisectorial,DESARROLLO URBANO,FNDR,FI,742181.0,PERFIL,GOBIERNO REGIONAL - REGION VI LIBERT. BERNARDO O.,MUNICIPALIDAD DE RENGO,742181.0,Rengo (comunal),Comunal,-34.40518,-70.86324,2010s,PLADECO 2010-2018
20182458,CONSTRUCCION PASO BAJO NIVELFF.CC. AVDA. BISQUERTT,2012,PROYECTO,Transporte y Vialidad,"TRANSPORTE URBANO,VIALIDAD PEATONAL",FNDR,OT,105988.0,PERFIL,GOBIERNO REGIONAL - REGION VI LIBERT. BERNARDO O.,MUNICIPALIDAD DE RENGO,105988.0,Rengo (comunal),Comunal,-34.40518,-70.86324,2010s,PLADECO 2010-2018
20192630,CONSTRUCCION COMPLEJO DEPORTIVO PARQUE CRIOLLO.RENGO,2012,PROYECTO,Deporte,DEPORTE RECREATIVO,FNDR,FI,615332.0,PERFIL,GOBIERNO REGIONAL - REGION VI LIBERT. BERNARDO O.,MUNICIPALIDAD DE RENGO,615332.0,Rengo (comunal),Comunal,-34.40518,-70.86324,2010s,PLADECO 2010-2018
30040079,MEJORAMIENTO LICEO TOMAS MARIN  DE POVEDA,2012,PROYECTO,Educación y Cultura,EDUCACION BASICA Y MEDIA,FNDR,RS,24191.0,EJECUCION,GOBIERNO REGIONAL - REGION VI LIBERT. BERNARDO O.,MUNICIPALIDAD DE RENGO,309051.0,Rengo (comunal),Comunal,-34.40518,-70.86324,2010s,PLADECO 2010-2018
30040081,CONSTRUCCION LICEO INDUSTRIAL DE RENGO,2012,PROYECTO,Educación y Cultura,EDUCACION BASICA Y MEDIA,Sectorial,RS,1220427.0,EJECUCION,SUBSECRETARIA DE EDUCACION - GOBIERNO REGIONAL - REGION VI LIBERT. BERNARDO O.,MUNICIPALIDAD DE RENGO,2704304.0,Rengo (comunal),Comunal,-34.40518,-70.86324,2010s,PLADECO 2010-2018
30040083,AMPLIACION ESCUELA DE APALTA PARA LA JEC,2012,PROYECTO,Educación y Cultura,EDUCACION BASICA Y MEDIA,Sectorial,RS,641469.0,EJECUCION,SUBSECRETARIA DE EDUCACION - GOBIERNO REGIONAL - REGION VI LIBERT. BERNARDO O.,MUNICIPALIDAD DE RENGO,768265.0,Apalta,Rural,-34.33885,-70.86644,2010s,PLADECO 2010-2018
30043967,REPOSICION EDIFICIO CONSISTORIAL MUNICIPALIDAD DE RENGO,2012,PROYECTO,Multisectorial,ADMINISTRACION MULTISECTOR,FNDR,OT,2296461.0,EJECUCION,GOBIERNO REGIONAL - REGION VI LIBERT. BERNARDO O.,MUNICIPALIDAD DE RENGO,3914753.0,Rengo (comunal),Comunal,-34.40518,-70.86324,2010s,PLADECO 2010-2018
30043967,REPOSICION EDIFICIO CONSISTORIAL MUNICIPALIDAD DE RENGO,2012,PROYECTO,Multisectorial,ADMINISTRACION MULTISECTOR,Sectorial,RS,133317.0,EJECUCION,SUBSECRETARIA DESARROLLO REGIONAL Y ADMINISTRATIVO,MUNICIPALIDAD DE RENGO,133317.0,Rengo (comunal),Comunal,-34.40518,-70.86324,2010s,PLADECO 2010-2018
30060217,"CONSTRUCCION CASETAS SANITARIAS SECTOR LA ISLA, RENGO",2012,PROYECTO,Recursos Hídricos,EVACUACION DISPOSICION FINAL AGUAS SERVIDAS,FNDR,RS,73112.0,EJECUCION,GOBIERNO REGIONAL - REGION VI LIBERT. BERNARDO O.,MUNICIPALIDAD DE RENGO,749127.0,Rengo (comunal),Comunal,-34.40518,-70.86324,2010s,PLADECO 2010-2018
30062130,DIAGNOSTICO EVACUACIÓN AGUAS LLUVIAS DE LA CIUDAD RENGO,2012,ESTUDIO BASICO,Recursos Hídricos,EVACUACION DISPOSICION FINAL AGUAS SERVIDAS,FNDR,RS,43939.0,EJECUCION,GOBIERNO REGIONAL - REGION VI LIBERT. BERNARDO O.,DIRECCION DE OBRAS HIDRAULICAS MOP VI REGION,150621.0,Rengo (comunal),Comunal,-34.40518,-70.86324,2010s,PLADECO 2010-2018
30063546,MEJORAMIENTO EJE VIAL AVDA. RIQUELME - RENGO,2012,PROYECTO,Transporte y Vialidad,"TRANSPORTE URBANO,VIALIDAD PEATONAL",FNDR,RS,23852.0,EJECUCION,GOBIERNO REGIONAL - REGION VI LIBERT. BERNARDO O.,SEREMI VIVIENDA VI REGION,125081.0,Rengo (comunal),Comunal,-34.40518,-70.86324,2010s,PLADECO 2010-2018
30063604,MEJORAMIENTO AVDA PATRIMONIAL JOSE BISQUERT DE RENGO,2012,PROYECTO,Transporte y Vialidad,"TRANSPORTE URBANO,VIALIDAD PEATONAL",Sectorial,RS,51512.0,EJECUCION,SERVICIO VIVIENDA Y URBANIZACION VI REGION,SEREMI VIVIENDA VI REGION,651760.0,Rengo (comunal),Comunal,-34.40518,-70.86324,2010s,PLADECO 2010-2018
30064140,CONSTRUCCION REFUGIO ESCOLAR PARQUE HUILQUIO.RENGO,2012,PROYECTO,Multisectorial,ADMINISTRACION MULTISECTOR,FNDR,OT,260143.0,PERFIL,GOBIERNO REGIONAL - REGION VI LIBERT. BERNARDO O.,MUNICIPALIDAD DE RENGO,260143.0,Rengo (comunal),Comunal,-34.40518,-70.86324,2010s,PLADECO 2010-2018
30073197,REPOSICION POSTA   EL CERRILLO    DE RENGO,2012,PROYECTO,Salud,BAJA COMPLEJIDAD,FNDR,FI,96496.0,PERFIL,GOBIERNO REGIONAL - REGION VI LIBERT. BERNARDO O.,MUNICIPALIDAD DE RENGO,176496.0,Rengo (comunal),Comunal,-34.40518,-70.86324,2010s,PLADECO 2010-2018
30075161,REPOSICION ESCUELA DIFERENCIAL TERESA N,2012,PROYECTO,Educación y Cultura,EDUCACION DIFERENCIAL Y ESPECIAL,FNDR,OT,185935.0,PERFIL,GOBIERNO REGIONAL - REGION VI LIBERT. BERNARDO O.,MUNICIPALIDAD DE RENGO,185935.0,Rengo (comunal),Comunal,-34.40518,-70.86324,2010s,PLADECO 2010-2018
30076555,MEJORAMIENTO VEREDAS CENTRO COMERCIAL CIUDAD DE RENGO,2012,PROYECTO,Transporte y Vialidad,"TRANSPORTE URBANO,VIALIDAD PEATONAL",FNDR,RS,6549.0,EJECUCION,GOBIERNO REGIONAL - REGION VI LIBERT. BERNARDO O.,MUNICIPALIDAD DE RENGO,381050.0,Ciudad De Rengo,Urbano,-34.40518,-70.86324,2010s,PLADECO 2010-2018
30078141,MEJORAMIENTO PISCINA  MUNICIPAL DE RENGO,2012,PROYECTO,Deporte,DEPORTE RECREATIVO,FNDR,FI,463166.0,PERFIL,GOBIERNO REGIONAL - REGION VI LIBERT. BERNARDO O.,MUNICIPALIDAD DE RENGO,511513.0,Rengo (comunal),Comunal,-34.40518,-70.86324,2010s,PLADECO 2010-2018
30080539,MEJORAMIENTO PAVIMENTACION VARIAS CALLES DE RENGO,2012,PROYECTO,Transporte y Vialidad,"TRANSPORTE URBANO,VIALIDAD PEATONAL",FNDR,FI,104721.0,PERFIL,GOBIERNO REGIONAL - REGION VI LIBERT. BERNARDO O.,MUNICIPALIDAD DE RENGO,104721.0,Rengo (comunal),Comunal,-34.40518,-70.86324,2010s,PLADECO 2010-2018
30080563,REPOSICION REFUGIOS PEATONALES RENGO Y ROSARIO.COMUNA DE RENGO,2012,PROYECTO,Transporte y Vialidad,"TRANSPORTE URBANO,VIALIDAD PEATONAL",FNDR,RS,91509.0,EJECUCION,GOBIERNO REGIONAL - REGION VI LIBERT. BERNARDO O.,MUNICIPALIDAD DE RENGO,141898.0,Rosario,Rural,-34.34788,-70.84245,2010s,PLADECO 2010-2018
30081375,CONSTRUCCION RED CONTRA INCENDIO C.C.P. RENGO,2012,PROYECTO,Justicia y Seguridad,REHABILITACION ADULTOS,FNDR,RS,72763.0,EJECUCION,GOBIERNO REGIONAL - REGION VI LIBERT. BERNARDO O.,GENDARMERIA VI REGION LIB.GRAL. BERNARDO O'HIGGINS,72763.0,Rengo (comunal),Comunal,-34.40518,-70.86324,2010s,PLADECO 2010-2018
30083085,AMPLIACION DEL CENTRO CUMPLIMIENTO PENITENCIARIO DE RENGO,2012,PROYECTO,Justicia y Seguridad,REHABILITACION ADULTOS,Sectorial,RS,7330.0,DISEÑO,SUBSECRETARIA DE JUSTICIA,GENDARMERIA DE CHILE,1381403.0,Rengo (comunal),Comunal,-34.40518,-70.86324,2010s,PLADECO 2010-2018
30083376,REPOSICION PUENTE PATAGUAS 2 EN RUTA H-60 .COMUNA DE RENGO,2012,PROYECTO,Transporte y Vialidad,TRANSPORTE CAMINERO,Sectorial,FI,230003.0,PERFIL,DIRECCION DE VIALIDAD,VIALIDAD MOP VI REGION LIB.GRAL. BERNARDO O'HIGGIN,470004.0,Rengo (comunal),Comunal,-34.40518,-70.86324,2010s,PLADECO 2010-2018
30083514,MEJORAMIENTO PLAZA DE ARMAS DE RENGO,2012,PROYECTO,Multisectorial,DESARROLLO URBANO,Sectorial,RS,18000.0,EJECUCION,SERVICIO VIVIENDA Y URBANIZACION VI REGION,MUNICIPALIDAD DE RENGO,38142.0,Rengo (comunal),Comunal,-34.40518,-70.86324,2010s,PLADECO 2010-2018
30086791,MEJORAMIENTO GIMNASIO MUNICIPAL DE RENGO,2012,PROYECTO,Deporte,ADMINISTRACION DEPORTES Y RECREACION,FNDR,FI,421500.0,EJECUCION,GOBIERNO REGIONAL - REGION VI LIBERT. BERNARDO O.,MUNICIPALIDAD DE RENGO,421500.0,Rengo (comunal),Comunal,-34.40518,-70.86324,2010s,PLADECO 2010-2018
30088270,REPOSICION DE LA 4° COMISARIA RENGO COMO IMPLEMENTACION DEL PCSP,2012,PROYECTO,Seguridad Pública,SEGURIDAD PÃšBLICA,Sectorial,RS,320687.0,PERFIL,CARABINEROS DE CHILE,CARABINEROS DE CHILE,758576.0,Rengo (comunal),Comunal,-34.40518,-70.86324,2010s,PLADECO 2010-2018
30091419,CONSTRUCCION  ABOVEDAMIENTO CANAL POBLACION Y COLECTOR EGENAU.RENGO,2012,PROYECTO,Recursos Hídricos,AGUAS LLUVIAS,FNDR,RS,380389.0,EJECUCION,GOBIERNO REGIONAL - REGION VI LIBERT. BERNARDO O.,MUNICIPALIDAD DE RENGO,380389.0,Rengo (comunal),Comunal,-34.40518,-70.86324,2010s,PLADECO 2010-2018
30091420,CONSTRUCCION COLECTOR AGUAS LLUVIAS LAUTARO.CIUDAD DE RENGO,2012,PROYECTO,Recursos Hídricos,EVACUACION DISPOSICION FINAL AGUAS SERVIDAS,FNDR,OT,146601.0,PERFIL,GOBIERNO REGIONAL - REGION VI LIBERT. BERNARDO O.,MUNICIPALIDAD DE RENGO,146601.0,Ciudad De Rengo,Urbano,-34.40518,-70.86324,2010s,PLADECO 2010-2018
30091492,CONSTRUCCION PAVIMENTACION BALMACEDA Y EL CHAPETON. RENGO,2012,PROYECTO,Transporte y Vialidad,"TRANSPORTE URBANO,VIALIDAD PEATONAL",FNDR,FI,556420.0,PERFIL,GOBIERNO REGIONAL - REGION VI LIBERT. BERNARDO O.,MUNICIPALIDAD DE RENGO,556420.0,Rengo (comunal),Comunal,-34.40518,-70.86324,2010s,PLADECO 2010-2018
30091583,CONSTRUCCION PAVIMENTACION AVDA. SAN MARTIN.RENGO,2012,PROYECTO,Transporte y Vialidad,"TRANSPORTE URBANO,VIALIDAD PEATONAL",FNDR,FI,260814.0,PERFIL,GOBIERNO REGIONAL - REGION VI LIBERT. BERNARDO O.,MUNICIPALIDAD DE RENGO,260814.0,Rengo (comunal),Comunal,-34.40518,-70.86324,2010s,PLADECO 2010-2018
30091584,"MEJORAMIENTO AVDA ALONSO DE ERCILLA, COMUNA DE RENGO",2012,PROYECTO,Transporte y Vialidad,"TRANSPORTE URBANO,VIALIDAD PEATONAL",FNDR,RS,72231.0,DISEÑO,GOBIERNO REGIONAL - REGION VI LIBERT. BERNARDO O.,MUNICIPALIDAD DE RENGO,72231.0,Rengo (comunal),Comunal,-34.40518,-70.86324,2010s,PLADECO 2010-2018
30091584,"MEJORAMIENTO AVDA ALONSO DE ERCILLA, COMUNA DE RENGO",2012,PROYECTO,Transporte y Vialidad,"TRANSPORTE URBANO,VIALIDAD PEATONAL",FNDR,FI,402000.0,DISEÑO,GOBIERNO REGIONAL - REGION VI LIBERT. BERNARDO O.,MUNICIPALIDAD DE RENGO,402000.0,Rengo (comunal),Comunal,-34.40518,-70.86324,2010s,PLADECO 2010-2018
30091593,REPOSICION ALUMBRADO PUBLICO DE LA COMUNA DE RENGO,2012,PROYECTO,Energía,ADMINISTRACION ENERGIA,FNDR,,1270000.0,PERFIL,GOBIERNO REGIONAL - REGION VI LIBERT. BERNARDO O.,MUNICIPALIDAD DE RENGO,1270000.0,Rengo (comunal),Comunal,-34.40518,-70.86324,2010s,PLADECO 2010-2018
30091805,CONSTRUCCION ESPACIOS PUBLICOS PARA EL DEPORTE.COMUNA DE RENGO,2012,PROYECTO,Deporte,DEPORTE RECREATIVO,FNDR,FI,305000.0,PERFIL,GOBIERNO REGIONAL - REGION VI LIBERT. BERNARDO O.,MUNICIPALIDAD DE RENGO,470000.0,Rengo (comunal),Comunal,-34.40518,-70.86324,2010s,PLADECO 2010-2018
30100156,REPOSICION VEREDAS SECTOR CENTRO CIUDAD DE RENGO,2012,PROYECTO,Transporte y Vialidad,"TRANSPORTE URBANO,VIALIDAD PEATONAL",FNDR,FI,459452.0,PERFIL,GOBIERNO REGIONAL - REGION VI LIBERT. BERNARDO O.,MUNICIPALIDAD DE RENGO,459452.0,Ciudad De Rengo,Urbano,-34.40518,-70.86324,2010s,PLADECO 2010-2018
30103128,MEJORAMIENTO BANDEJON CENTRAL AVDA JOSE BISQUERTT DE RENGO,2012,PROYECTO,Transporte y Vialidad,"TRANSPORTE URBANO,VIALIDAD PEATONAL",FNDR,FI,95597.0,PERFIL,GOBIERNO REGIONAL - REGION VI LIBERT. BERNARDO O.,MUNICIPALIDAD DE RENGO,95597.0,Rengo (comunal),Comunal,-34.40518,-70.86324,2010s,PLADECO 2010-2018
30103618,CONSTRUCCION CENTRO DE ESTUDIO Y TRABAJO LOS CESARES DE RENGO,2012,PROYECTO,Justicia y Seguridad,INTERSUBSECTORIAL JUSTICIA,Sectorial,RS,22146.0,PERFIL,GENDARMERIA DE CHILE,GENDARMERIA DE CHILE,22146.0,Rengo (comunal),Comunal,-34.40518,-70.86324,2010s,PLADECO 2010-2018
30104226,"CONSERVACION CENTRO DE LACTANTES Y PRE ESCOLARES,  VI REGION",2012,PROYECTO,Justicia y Seguridad,ASISTENCIA DE MENORES,FNDR,,20851.0,EJECUCION,GOBIERNO REGIONAL - REGION VI LIBERT. BERNARDO O.,SERVICIO NACIONAL DE MENORES VI REGION,99252.0,Rengo (comunal),Comunal,-34.40518,-70.86324,2010s,PLADECO 2010-2018
30104673,CONSTRUCCION COMPLEJO POLIDEPORTIVO ORIENTE I ETAPA.RENGO,2012,PROYECTO,Deporte,DEPORTE COMPETITIVO,FNDR,RS,1001.0,EJECUCION,GOBIERNO REGIONAL - REGION VI LIBERT. BERNARDO O.,MUNICIPALIDAD DE RENGO,308925.0,Rengo (comunal),Comunal,-34.40518,-70.86324,2010s,PLADECO 2010-2018
30108052,"MEJORAMIENTO SERVICIO DE APR RINCONADA DE MALAMBO, RENGO",2012,PROYECTO,Recursos Hídricos,AGUA POTABLE,Sectorial,RS,5560.0,EJECUCION,AGUA POTABLE RURAL,DIRECCION DE OBRAS HIDRAULICAS MOP VI REGION,428073.0,Malambo,Rural,-34.42437,-70.83827,2010s,PLADECO 2010-2018
30108504,CONSTRUCCION CASETAS SANITARIAS RENGO URBANO,2012,PROYECTO,Vivienda y Urbanismo,SOLUCION HABITACIONAL PARCIAL O COMPLEMENTARIA,Sectorial,RS,79988.0,PERFIL,SUBSECRETARIA DESARROLLO REGIONAL Y ADMINISTRATIVO,MUNICIPALIDAD DE RENGO,79988.0,Rengo Urbano,Urbano,-34.40518,-70.86324,2010s,PLADECO 2010-2018
30110018,MEJORAMIENTO COMPLEJO DEPORTIVO EL ESFUERZO,2012,PROYECTO,Deporte,DEPORTE RECREATIVO,FNDR,FI,252000.0,PERFIL,GOBIERNO REGIONAL - REGION VI LIBERT. BERNARDO O.,MUNICIPALIDAD DE RENGO,252000.0,Rengo (comunal),Comunal,-34.40518,-70.86324,2010s,PLADECO 2010-2018
30110037,REPOSICION PAVIMENTACIONES VARIAS CALLES DE RENGO,2012,PROYECTO,Transporte y Vialidad,ADMINISTRACION TRANSPORTE,FNDR,OT,362000.0,PERFIL,GOBIERNO REGIONAL - REGION VI LIBERT. BERNARDO O.,MUNICIPALIDAD DE RENGO,362000.0,Rengo (comunal),Comunal,-34.40518,-70.86324,2010s,PLADECO 2010-2018
30110044,MEJORAMIENTO COMPLEJO DEPORTIVO DE ROSARIO. COMUNA DE RENGO,2012,PROYECTO,Deporte,DEPORTE RECREATIVO,FNDR,FI,352000.0,PERFIL,GOBIERNO REGIONAL - REGION VI LIBERT. BERNARDO O.,MUNICIPALIDAD DE RENGO,352000.0,Rosario,Rural,-34.34788,-70.84245,2010s,PLADECO 2010-2018
30110326,MEJORAMIENTO COMPLEJO DEPORTIVO LA ISLA,2012,PROYECTO,Deporte,ADMINISTRACION DEPORTES Y RECREACION,FNDR,FI,252000.0,PERFIL,GOBIERNO REGIONAL - REGION VI LIBERT. BERNARDO O.,MUNICIPALIDAD DE RENGO,252000.0,Rengo (comunal),Comunal,-34.40518,-70.86324,2010s,PLADECO 2010-2018
30110365,HABILITACION UNIDAD DE PACIENTE INTERMEDIO HOSPITAL DE RENGO,2012,PROYECTO,Salud,MEDIA COMPLEJIDAD,FNDR,RS,57415.0,EJECUCION,GOBIERNO REGIONAL - REGION VI LIBERT. BERNARDO O.,SERVICIO SALUD OHIGGINS,57415.0,Rengo (comunal),Comunal,-34.40518,-70.86324,2010s,PLADECO 2010-2018
30110778,CONSTRUCCION PARQUE RECREATIVO ORIENTE DE LA COMUNA DE RENGO,2012,PROYECTO,Multisectorial,DESARROLLO URBANO,FNDR,FI,1218044.0,PERFIL,GOBIERNO REGIONAL - REGION VI LIBERT. BERNARDO O.,MUNICIPALIDAD DE RENGO,1218044.0,Rengo (comunal),Comunal,-34.40518,-70.86324,2010s,PLADECO 2010-2018
30111307,REPARACION GIMNASIO MUNICIPAL DE ROSARIO. COMUNA DE RENGO,2012,PROYECTO,Deporte,ADMINISTRACION DEPORTES Y RECREACION,Sectorial,RS,62742.0,PERFIL,SUBSECRETARIA DESARROLLO REGIONAL Y ADMINISTRATIVO,MUNICIPALIDAD DE RENGO,62742.0,Rosario,Rural,-34.34788,-70.84245,2010s,PLADECO 2010-2018
30111328,CONSTRUCCION PLANTA TRATAMIENTO AGUAS SERVIDAS ESCUELA DE POPETA,2012,PROYECTO,Recursos Hídricos,EVACUACION DISPOSICION FINAL AGUAS SERVIDAS,FNDR,,51949.0,PERFIL,GOBIERNO REGIONAL - REGION VI LIBERT. BERNARDO O.,MUNICIPALIDAD DE RENGO,51949.0,Popeta,Rural,-34.42,-70.88,2010s,PLADECO 2010-2018
30111361,CONSTRUCCION PLANTA TRATAMIENTO AGUAS SERVIDAS ESCUELA LO DE LOBOS,2012,PROYECTO,Recursos Hídricos,EVACUACION DISPOSICION FINAL AGUAS SERVIDAS,FNDR,,49994.0,PERFIL,GOBIERNO REGIONAL - REGION VI LIBERT. BERNARDO O.,MUNICIPALIDAD DE RENGO,49994.0,Lo De Lobo,Rural,-34.37523,-70.82941,2010s,PLADECO 2010-2018
30111366,MEJORAMIENTO AREA VERDE SECTOR COPA DE AGUA,2012,PROYECTO,Multisectorial,DESARROLLO URBANO,FNDR,,49990.0,PERFIL,GOBIERNO REGIONAL - REGION VI LIBERT. BERNARDO O.,MUNICIPALIDAD DE RENGO,49990.0,Rengo (comunal),Comunal,-34.40518,-70.86324,2010s,PLADECO 2010-2018
30111388,CONSTRUCCION SEDE COMUNITARIA L0 CARTAGENA,2012,PROYECTO,Multisectorial,DESARROLLO URBANO,FNDR,,49504.0,PERFIL,GOBIERNO REGIONAL - REGION VI LIBERT. BERNARDO O.,MUNICIPALIDAD DE RENGO,49504.0,Rengo (comunal),Comunal,-34.40518,-70.86324,2010s,PLADECO 2010-2018
30111422,CONSTRUCCION AREA VERDE INTERIOR POBLACION DOMINGO PAREDES,2012,PROYECTO,Multisectorial,DESARROLLO URBANO,FNDR,,49999.0,PERFIL,GOBIERNO REGIONAL - REGION VI LIBERT. BERNARDO O.,MUNICIPALIDAD DE RENGO,49999.0,Rengo (comunal),Comunal,-34.40518,-70.86324,2010s,PLADECO 2010-2018
30111492,CONSTRUCCION AREA VERDE VILLA ESPERANZA DE LO DE LOBOS,2012,PROYECTO,Multisectorial,DESARROLLO URBANO,FNDR,,29261.0,PERFIL,GOBIERNO REGIONAL - REGION VI LIBERT. BERNARDO O.,MUNICIPALIDAD DE RENGO,29261.0,Lo De Lobo,Rural,-34.37523,-70.82941,2010s,PLADECO 2010-2018
30111526,CONSTRUCCION VEREDAS CALLE MANUEL FCO CORREA Y CALLE BUQUES Y MADERA,2012,PROYECTO,Multisectorial,DESARROLLO URBANO,FNDR,,42939.0,PERFIL,GOBIERNO REGIONAL - REGION VI LIBERT. BERNARDO O.,MUNICIPALIDAD DE RENGO,42939.0,Rengo (comunal),Comunal,-34.40518,-70.86324,2010s,PLADECO 2010-2018
30111596,MEJORAMIENTO PLAZA SECTOR LA ISLA,2012,PROYECTO,Multisectorial,DESARROLLO URBANO,FNDR,,41121.0,PERFIL,GOBIERNO REGIONAL - REGION VI LIBERT. BERNARDO O.,MUNICIPALIDAD DE RENGO,41121.0,Rengo (comunal),Comunal,-34.40518,-70.86324,2010s,PLADECO 2010-2018
30111647,CONSTRUCCION ILUMINACION CANCHA LO CARTAGENA,2012,PROYECTO,Multisectorial,DESARROLLO URBANO,FNDR,,29665.0,PERFIL,GOBIERNO REGIONAL - REGION VI LIBERT. BERNARDO O.,MUNICIPALIDAD DE RENGO,29665.0,Lo Cartagena,Rural,-34.39026,-70.8737,2010s,PLADECO 2010-2018
30111682,CONSTRUCCION ILUMINACION CANCHA UNION LAS VILLAS,2012,PROYECTO,Multisectorial,DESARROLLO URBANO,FNDR,,29665.0,PERFIL,GOBIERNO REGIONAL - REGION VI LIBERT. BERNARDO O.,MUNICIPALIDAD DE RENGO,29665.0,Rengo (comunal),Comunal,-34.40518,-70.86324,2010s,PLADECO 2010-2018
30111684,CONSTRUCCION ILUMINACION CANCHA EL GALES,2012,PROYECTO,Multisectorial,DESARROLLO URBANO,FNDR,,29665.0,PERFIL,GOBIERNO REGIONAL - REGION VI LIBERT. BERNARDO O.,MUNICIPALIDAD DE RENGO,29665.0,Rengo (comunal),Comunal,-34.40518,-70.86324,2010s,PLADECO 2010-2018
30111923,CONSTRUCCION ILUMINACION CANCHA EL CERRILLO,2012,PROYECTO,Multisectorial,DESARROLLO URBANO,FNDR,,29665.0,PERFIL,GOBIERNO REGIONAL - REGION VI LIBERT. BERNARDO O.,MUNICIPALIDAD DE RENGO,29665.0,Rengo (comunal),Comunal,-34.40518,-70.86324,2010s,PLADECO 2010-2018
30111934,CONSTRUCCION ILUMINACION CANCHA RINCONADA DE MALAMBO,2012,PROYECTO,Multisectorial,DESARROLLO URBANO,FNDR,,29665.0,PERFIL,GOBIERNO REGIONAL - REGION VI LIBERT. BERNARDO O.,MUNICIPALIDAD DE RENGO,29665.0,Malambo,Rural,-34.42437,-70.83827,2010s,PLADECO 2010-2018
30112398,CONSTRUCCION COMPLEJO POLIDEPORTIVO ORIENTE II ETAPA. RENGO,2012,PROYECTO,Deporte,DEPORTE RECREATIVO,FNDR,RS,590460.0,EJECUCION,GOBIERNO REGIONAL - REGION VI LIBERT. BERNARDO O.,MUNICIPALIDAD DE RENGO,1053037.0,Rengo (comunal),Comunal,-34.40518,-70.86324,2010s,PLADECO 2010-2018
30113520,REPARACION TEATRO MUNICIPAL DE RENGO. COMUNA DE RENGO,2012,PROYECTO,Educación y Cultura,ADMINISTRACION EDUCACION Y CULTURA,Sectorial,RS,72704.0,PERFIL,SUBSECRETARIA DESARROLLO REGIONAL Y ADMINISTRATIVO,MUNICIPALIDAD DE RENGO,72704.0,Rengo (comunal),Comunal,-34.40518,-70.86324,2010s,PLADECO 2010-2018
30114863,CONSTRUCCION ESPACIOS PUBLICOS PARA EL DEPORTE EL NARANJAL. RENGO,2012,PROYECTO,Deporte,DEPORTE RECREATIVO,FNDR,FI,250000.0,PERFIL,GOBIERNO REGIONAL - REGION VI LIBERT. BERNARDO O.,MUNICIPALIDAD DE RENGO,250000.0,Rengo (comunal),Comunal,-34.40518,-70.86324,2010s,PLADECO 2010-2018
30115314,CONSTRUCCION MULTICANCHA CLUB DEPORTIVO NACIONAL DE ROSARIO PICHIGUA,2012,PROYECTO,Multisectorial,DESARROLLO URBANO,FNDR,,27495.0,PERFIL,GOBIERNO REGIONAL - REGION VI LIBERT. BERNARDO O.,MUNICIPALIDAD DE RENGO,27495.0,Rosario,Rural,-34.34788,-70.84245,2010s,PLADECO 2010-2018
30118917,CONSTRUCCION TERMINACIONES SALONES COMUNITARIOS PARROQUIA DE RENGO,2012,PROYECTO,Multisectorial,DESARROLLO URBANO,FNDR,,51472.0,PERFIL,GOBIERNO REGIONAL - REGION VI LIBERT. BERNARDO O.,MUNICIPALIDAD DE RENGO,51472.0,Rengo (comunal),Comunal,-34.40518,-70.86324,2010s,PLADECO 2010-2018
30123787,"ADQUISICION EQUIPOS, EQUIPAMIENTO E INSTRUMENTAL HOSP RENGO",2012,PROYECTO,Salud,MEDIA COMPLEJIDAD,Sectorial,,629857.0,PERFIL,MINISTERIO DE SALUD,SERVICIO SALUD OHIGGINS,629857.0,Rengo (comunal),Comunal,-34.40518,-70.86324,2010s,PLADECO 2010-2018
30126644,CONSTRUCCION NORMALIZACIÓN SISTEMA ELECTRICO CCP RENGO,2012,PROYECTO,Justicia y Seguridad,REHABILITACION ADULTOS,FNDR,FI,275841.0,PERFIL,GOBIERNO REGIONAL - REGION VI LIBERT. BERNARDO O.,GENDARMERIA VI REGION LIB.GRAL. BERNARDO O'HIGGINS,275841.0,Rengo (comunal),Comunal,-34.40518,-70.86324,2010s,PLADECO 2010-2018
30128166,"ADQUISICION EQUIPOS COMPUTACIONALES EXÁMEN CONDUCCIÓN, RENGO",2012,PROYECTO,Transporte y Vialidad,ADMINISTRACION TRANSPORTE,FNDR,,2.0,PERFIL,GOBIERNO REGIONAL - REGION VI LIBERT. BERNARDO O.,MUNICIPALIDAD DE RENGO,2128.0,Rengo (comunal),Comunal,-34.40518,-70.86324,2010s,PLADECO 2010-2018
20192630,CONSTRUCCION COMPLEJO DEPORTIVO PARQUE CRIOLLO.RENGO,2013,PROYECTO,Deporte,DEPORTE RECREATIVO,FNDR,FI,633749.0,PERFIL,GOBIERNO REGIONAL - REGION VI LIBERT. BERNARDO O.,MUNICIPALIDAD DE RENGO,633749.0,Rengo (comunal),Comunal,-34.40518,-70.86324,2010s,PLADECO 2010-2018
30040081,CONSTRUCCION LICEO INDUSTRIAL DE RENGO,2013,PROYECTO,Educación y Cultura,EDUCACION BASICA Y MEDIA,Sectorial,RS,1030559.0,EJECUCION,SUBSECRETARIA DE EDUCACION - GOBIERNO REGIONAL - REGION VI LIBERT. BERNARDO O.,MUNICIPALIDAD DE RENGO,2812627.0,Rengo (comunal),Comunal,-34.40518,-70.86324,2010s,PLADECO 2010-2018
30040083,AMPLIACION ESCUELA DE APALTA PARA LA JEC,2013,PROYECTO,Educación y Cultura,EDUCACION BASICA Y MEDIA,Sectorial,RS,467543.0,EJECUCION,SUBSECRETARIA DE EDUCACION - GOBIERNO REGIONAL - REGION VI LIBERT. BERNARDO O.,MUNICIPALIDAD DE RENGO,764889.0,Apalta,Rural,-34.33885,-70.86644,2010s,PLADECO 2010-2018
30043967,REPOSICION EDIFICIO CONSISTORIAL MUNICIPALIDAD DE RENGO,2013,PROYECTO,Multisectorial,ADMINISTRACION MULTISECTOR,Sectorial,RS,415457.0,EJECUCION,SUBSECRETARIA DESARROLLO REGIONAL Y ADMINISTRATIVO,MUNICIPALIDAD DE RENGO,4154567.0,Rengo (comunal),Comunal,-34.40518,-70.86324,2010s,PLADECO 2010-2018
30060217,"CONSTRUCCION CASETAS SANITARIAS SECTOR LA ISLA, RENGO",2013,PROYECTO,Recursos Hídricos,EVACUACION DISPOSICION FINAL AGUAS SERVIDAS,FNDR,RS,191436.0,EJECUCION,GOBIERNO REGIONAL - REGION VI LIBERT. BERNARDO O.,MUNICIPALIDAD DE RENGO,748097.0,Rengo (comunal),Comunal,-34.40518,-70.86324,2010s,PLADECO 2010-2018
30063546,MEJORAMIENTO EJE VIAL AVDA. RIQUELME - RENGO,2013,PROYECTO,Transporte y Vialidad,"TRANSPORTE URBANO,VIALIDAD PEATONAL",Sectorial,RS,813123.0,EJECUCION,SERVICIO VIVIENDA Y URBANIZACION VI REGION,SEREMI VIVIENDA VI REGION,9534337.0,Rengo (comunal),Comunal,-34.40518,-70.86324,2010s,PLADECO 2010-2018
30063604,MEJORAMIENTO AVDA PATRIMONIAL JOSE BISQUERT DE RENGO,2013,PROYECTO,Transporte y Vialidad,"TRANSPORTE URBANO,VIALIDAD PEATONAL",Sectorial,RS,587725.0,EJECUCION,SERVICIO VIVIENDA Y URBANIZACION VI REGION,SEREMI VIVIENDA VI REGION,600682.0,Rengo (comunal),Comunal,-34.40518,-70.86324,2010s,PLADECO 2010-2018
30073197,REPOSICION POSTA   EL CERRILLO    DE RENGO,2013,PROYECTO,Salud,BAJA COMPLEJIDAD,FNDR,FI,90312.0,PERFIL,GOBIERNO REGIONAL - REGION VI LIBERT. BERNARDO O.,MUNICIPALIDAD DE RENGO,165694.0,Rengo (comunal),Comunal,-34.40518,-70.86324,2010s,PLADECO 2010-2018
30078141,MEJORAMIENTO PISCINA  MUNICIPAL DE RENGO,2013,PROYECTO,Deporte,DEPORTE RECREATIVO,FNDR,FI,483732.0,PERFIL,GOBIERNO REGIONAL - REGION VI LIBERT. BERNARDO O.,MUNICIPALIDAD DE RENGO,534226.0,Rengo (comunal),Comunal,-34.40518,-70.86324,2010s,PLADECO 2010-2018
30080539,MEJORAMIENTO PAVIMENTACION VARIAS CALLES DE RENGO,2013,PROYECTO,Transporte y Vialidad,"TRANSPORTE URBANO,VIALIDAD PEATONAL",FNDR,FI,104767.0,PERFIL,GOBIERNO REGIONAL - REGION VI LIBERT. BERNARDO O.,MUNICIPALIDAD DE RENGO,104767.0,Rengo (comunal),Comunal,-34.40518,-70.86324,2010s,PLADECO 2010-2018
30081375,CONSTRUCCION RED CONTRA INCENDIO C.C.P. RENGO,2013,PROYECTO,Justicia y Seguridad,REHABILITACION ADULTOS,FNDR,RS,3720.0,EJECUCION,GOBIERNO REGIONAL - REGION VI LIBERT. BERNARDO O.,GENDARMERIA VI REGION LIB.GRAL. BERNARDO O'HIGGINS,69309.0,Rengo (comunal),Comunal,-34.40518,-70.86324,2010s,PLADECO 2010-2018
30083085,AMPLIACION DEL CENTRO CUMPLIMIENTO PENITENCIARIO DE RENGO,2013,PROYECTO,Justicia y Seguridad,REHABILITACION ADULTOS,Sectorial,RS,11060.0,DISEÑO,SUBSECRETARIA DE JUSTICIA,GENDARMERIA DE CHILE,1444150.0,Rengo (comunal),Comunal,-34.40518,-70.86324,2010s,PLADECO 2010-2018
30083514,MEJORAMIENTO PLAZA DE ARMAS DE RENGO,2013,PROYECTO,Multisectorial,DESARROLLO URBANO,Sectorial,RS,18000.0,EJECUCION,SERVICIO VIVIENDA Y URBANIZACION VI REGION,MUNICIPALIDAD DE RENGO,40954.0,Rengo (comunal),Comunal,-34.40518,-70.86324,2010s,PLADECO 2010-2018
30086791,MEJORAMIENTO GIMNASIO MUNICIPAL DE RENGO,2013,PROYECTO,Deporte,ADMINISTRACION DEPORTES Y RECREACION,FNDR,RS,403128.0,EJECUCION,GOBIERNO REGIONAL - REGION VI LIBERT. BERNARDO O.,MUNICIPALIDAD DE RENGO,403128.0,Rengo (comunal),Comunal,-34.40518,-70.86324,2010s,PLADECO 2010-2018
30088270,REPOSICION DE LA 4° COMISARIA RENGO COMO IMPLEMENTACION DEL PCSP,2013,PROYECTO,Seguridad Pública,SEGURIDAD PÃšBLICA,Sectorial,RS,7073.0,PERFIL,CARABINEROS DE CHILE,CARABINEROS DE CHILE,792262.0,Rengo (comunal),Comunal,-34.40518,-70.86324,2010s,PLADECO 2010-2018
30091419,CONSTRUCCION  ABOVEDAMIENTO CANAL POBLACION Y COLECTOR EGENAU.RENGO,2013,PROYECTO,Recursos Hídricos,AGUAS LLUVIAS,FNDR,RS,1.0,EJECUCION,GOBIERNO REGIONAL - REGION VI LIBERT. BERNARDO O.,MUNICIPALIDAD DE RENGO,397281.0,Rengo (comunal),Comunal,-34.40518,-70.86324,2010s,PLADECO 2010-2018
30091492,CONSTRUCCION PAVIMENTACION BALMACEDA Y EL CHAPETON. RENGO,2013,PROYECTO,Transporte y Vialidad,"TRANSPORTE URBANO,VIALIDAD PEATONAL",FNDR,FI,581127.0,PERFIL,GOBIERNO REGIONAL - REGION VI LIBERT. BERNARDO O.,MUNICIPALIDAD DE RENGO,581127.0,Rengo (comunal),Comunal,-34.40518,-70.86324,2010s,PLADECO 2010-2018
30091583,CONSTRUCCION PAVIMENTACION AVDA. SAN MARTIN.RENGO,2013,PROYECTO,Transporte y Vialidad,"TRANSPORTE URBANO,VIALIDAD PEATONAL",FNDR,FI,268620.0,PERFIL,GOBIERNO REGIONAL - REGION VI LIBERT. BERNARDO O.,MUNICIPALIDAD DE RENGO,268620.0,Rengo (comunal),Comunal,-34.40518,-70.86324,2010s,PLADECO 2010-2018
30091584,"MEJORAMIENTO AVDA ALONSO DE ERCILLA, COMUNA DE RENGO",2013,PROYECTO,Transporte y Vialidad,"TRANSPORTE URBANO,VIALIDAD PEATONAL",FNDR,RS,68821.0,DISEÑO,GOBIERNO REGIONAL - REGION VI LIBERT. BERNARDO O.,MUNICIPALIDAD DE RENGO,68821.0,Rengo (comunal),Comunal,-34.40518,-70.86324,2010s,PLADECO 2010-2018
30091584,"MEJORAMIENTO AVDA ALONSO DE ERCILLA, COMUNA DE RENGO",2013,PROYECTO,Transporte y Vialidad,"TRANSPORTE URBANO,VIALIDAD PEATONAL",FNDR,FI,419850.0,DISEÑO,GOBIERNO REGIONAL - REGION VI LIBERT. BERNARDO O.,MUNICIPALIDAD DE RENGO,419850.0,Rengo (comunal),Comunal,-34.40518,-70.86324,2010s,PLADECO 2010-2018
30091805,CONSTRUCCION ESPACIOS PUBLICOS PARA EL DEPORTE.COMUNA DE RENGO,2013,PROYECTO,Deporte,DEPORTE RECREATIVO,FNDR,FI,318544.0,PERFIL,GOBIERNO REGIONAL - REGION VI LIBERT. BERNARDO O.,MUNICIPALIDAD DE RENGO,630412.0,Rengo (comunal),Comunal,-34.40518,-70.86324,2010s,PLADECO 2010-2018
30096233,"CONSTRUCCION CASETAS SANITARIAS ESMERALDA PRIMERA ETAPA, RENGO",2013,PROYECTO,Recursos Hídricos,EVACUACION DISPOSICION FINAL AGUAS SERVIDAS,FNDR,OT,2010000.0,PERFIL,GOBIERNO REGIONAL - REGION VI LIBERT. BERNARDO O.,MUNICIPALIDAD DE RENGO,5010000.0,Esmeralda,Rural,-34.34281,-70.9049,2010s,PLADECO 2010-2018
30100156,REPOSICION VEREDAS SECTOR CENTRO CIUDAD DE RENGO,2013,PROYECTO,Transporte y Vialidad,"TRANSPORTE URBANO,VIALIDAD PEATONAL",FNDR,FI,475533.0,PERFIL,GOBIERNO REGIONAL - REGION VI LIBERT. BERNARDO O.,MUNICIPALIDAD DE RENGO,475533.0,Ciudad De Rengo,Urbano,-34.40518,-70.86324,2010s,PLADECO 2010-2018
30103618,CONSTRUCCION CENTRO DE ESTUDIO Y TRABAJO LOS CESARES DE RENGO,2013,PROYECTO,Justicia y Seguridad,INTERSUBSECTORIAL JUSTICIA,Sectorial,RS,279811.0,PERFIL,GENDARMERIA DE CHILE,GENDARMERIA DE CHILE,1475223.0,Rengo (comunal),Comunal,-34.40518,-70.86324,2010s,PLADECO 2010-2018
30104673,CONSTRUCCION COMPLEJO POLIDEPORTIVO ORIENTE I ETAPA.RENGO,2013,PROYECTO,Deporte,DEPORTE COMPETITIVO,FNDR,RS,165378.0,EJECUCION,GOBIERNO REGIONAL - REGION VI LIBERT. BERNARDO O.,MUNICIPALIDAD DE RENGO,322644.0,Rengo (comunal),Comunal,-34.40518,-70.86324,2010s,PLADECO 2010-2018
30107255,REPARACION EDIFICIO GORE RUTA 5 SUR RENGO(EX-UNIVERSIDAD),2013,PROYECTO,Multisectorial,ADMINISTRACION MULTISECTOR,FNDR,OT,721000.0,DISEÑO,GOBIERNO REGIONAL - REGION VI LIBERT. BERNARDO O.,GOBIERNO REGIONAL - REGION VI LIBERT. BERNARDO O.,1003727.0,Rengo (comunal),Comunal,-34.40518,-70.86324,2010s,PLADECO 2010-2018
30108052,"MEJORAMIENTO SERVICIO DE APR RINCONADA DE MALAMBO, RENGO",2013,PROYECTO,Recursos Hídricos,AGUA POTABLE,Sectorial,RS,493011.0,EJECUCION,AGUA POTABLE RURAL,DIRECCION DE OBRAS HIDRAULICAS MOP VI REGION,498062.0,Malambo,Rural,-34.42437,-70.83827,2010s,PLADECO 2010-2018
30110018,MEJORAMIENTO COMPLEJO DEPORTIVO EL ESFUERZO,2013,PROYECTO,Deporte,DEPORTE RECREATIVO,FNDR,FI,263190.0,PERFIL,GOBIERNO REGIONAL - REGION VI LIBERT. BERNARDO O.,MUNICIPALIDAD DE RENGO,263190.0,Rengo (comunal),Comunal,-34.40518,-70.86324,2010s,PLADECO 2010-2018
30110044,MEJORAMIENTO COMPLEJO DEPORTIVO DE ROSARIO. COMUNA DE RENGO,2013,PROYECTO,Deporte,DEPORTE RECREATIVO,FNDR,FI,367630.0,PERFIL,GOBIERNO REGIONAL - REGION VI LIBERT. BERNARDO O.,MUNICIPALIDAD DE RENGO,367630.0,Rosario,Rural,-34.34788,-70.84245,2010s,PLADECO 2010-2018
30110326,MEJORAMIENTO COMPLEJO DEPORTIVO LA ISLA,2013,PROYECTO,Deporte,ADMINISTRACION DEPORTES Y RECREACION,FNDR,FI,263190.0,PERFIL,GOBIERNO REGIONAL - REGION VI LIBERT. BERNARDO O.,MUNICIPALIDAD DE RENGO,263190.0,Rengo (comunal),Comunal,-34.40518,-70.86324,2010s,PLADECO 2010-2018
30110778,CONSTRUCCION PARQUE RECREATIVO ORIENTE DE LA COMUNA DE RENGO,2013,PROYECTO,Multisectorial,DESARROLLO URBANO,FNDR,RS,1218045.0,PERFIL,GOBIERNO REGIONAL - REGION VI LIBERT. BERNARDO O.,MUNICIPALIDAD DE RENGO,1218045.0,Rengo (comunal),Comunal,-34.40518,-70.86324,2010s,PLADECO 2010-2018
30111307,REPARACION GIMNASIO MUNICIPAL DE ROSARIO. COMUNA DE RENGO,2013,PROYECTO,Deporte,ADMINISTRACION DEPORTES Y RECREACION,Sectorial,RS,65528.0,PERFIL,SUBSECRETARIA DESARROLLO REGIONAL Y ADMINISTRATIVO,MUNICIPALIDAD DE RENGO,65528.0,Rosario,Rural,-34.34788,-70.84245,2010s,PLADECO 2010-2018
30111647,CONSTRUCCION ILUMINACION CANCHA LO CARTAGENA,2013,PROYECTO,Multisectorial,DESARROLLO URBANO,FNDR,,30982.0,PERFIL,GOBIERNO REGIONAL - REGION VI LIBERT. BERNARDO O.,MUNICIPALIDAD DE RENGO,30982.0,Lo Cartagena,Rural,-34.39026,-70.8737,2010s,PLADECO 2010-2018
30111682,CONSTRUCCION ILUMINACION CANCHA UNION LAS VILLAS,2013,PROYECTO,Multisectorial,DESARROLLO URBANO,FNDR,,30982.0,PERFIL,GOBIERNO REGIONAL - REGION VI LIBERT. BERNARDO O.,MUNICIPALIDAD DE RENGO,30982.0,Rengo (comunal),Comunal,-34.40518,-70.86324,2010s,PLADECO 2010-2018
30111684,CONSTRUCCION ILUMINACION CANCHA EL GALES,2013,PROYECTO,Multisectorial,DESARROLLO URBANO,FNDR,,30982.0,PERFIL,GOBIERNO REGIONAL - REGION VI LIBERT. BERNARDO O.,MUNICIPALIDAD DE RENGO,30982.0,Rengo (comunal),Comunal,-34.40518,-70.86324,2010s,PLADECO 2010-2018
30111915,CONSTRUCCION ILUMINACION CANCHA LA ISLA,2013,PROYECTO,Multisectorial,DESARROLLO URBANO,FNDR,,30982.0,PERFIL,GOBIERNO REGIONAL - REGION VI LIBERT. BERNARDO O.,MUNICIPALIDAD DE RENGO,30982.0,Rengo (comunal),Comunal,-34.40518,-70.86324,2010s,PLADECO 2010-2018
30111934,CONSTRUCCION ILUMINACION CANCHA RINCONADA DE MALAMBO,2013,PROYECTO,Multisectorial,DESARROLLO URBANO,FNDR,,30982.0,PERFIL,GOBIERNO REGIONAL - REGION VI LIBERT. BERNARDO O.,MUNICIPALIDAD DE RENGO,30982.0,Malambo,Rural,-34.42437,-70.83827,2010s,PLADECO 2010-2018
30112398,CONSTRUCCION COMPLEJO POLIDEPORTIVO ORIENTE II ETAPA. RENGO,2013,PROYECTO,Deporte,DEPORTE RECREATIVO,FNDR,RS,616679.0,EJECUCION,GOBIERNO REGIONAL - REGION VI LIBERT. BERNARDO O.,MUNICIPALIDAD DE RENGO,1099796.0,Rengo (comunal),Comunal,-34.40518,-70.86324,2010s,PLADECO 2010-2018
30114863,CONSTRUCCION ESPACIOS PUBLICOS PARA EL DEPORTE EL NARANJAL. RENGO,2013,PROYECTO,Deporte,DEPORTE RECREATIVO,FNDR,FI,261101.0,PERFIL,GOBIERNO REGIONAL - REGION VI LIBERT. BERNARDO O.,MUNICIPALIDAD DE RENGO,261101.0,Rengo (comunal),Comunal,-34.40518,-70.86324,2010s,PLADECO 2010-2018
30123381,CONSTRUCCION CALLES PARQUE ORIENTE,2013,PROYECTO,Transporte y Vialidad,"TRANSPORTE URBANO,VIALIDAD PEATONAL",FNDR,OT,219325.0,PERFIL,GOBIERNO REGIONAL - REGION VI LIBERT. BERNARDO O.,MUNICIPALIDAD DE RENGO,281989.0,Rengo (comunal),Comunal,-34.40518,-70.86324,2010s,PLADECO 2010-2018
30123705,MEJORAMIENTO GESTION VIAL Y PEATONAL DE RENGO,2013,PROYECTO,Transporte y Vialidad,"TRANSPORTE URBANO,VIALIDAD PEATONAL",Sectorial,RS,1727417.0,PERFIL,SUBSIDIO NACIONAL AL TRANSPORTE PUBLICO - SUBSECRETARIA DE TRANSPORTES,MUNICIPALIDAD DE RENGO,4438000.0,Rengo (comunal),Comunal,-34.40518,-70.86324,2010s,PLADECO 2010-2018
30123727,CONSTRUCCION POSTA DE SALUD ESMERALDA,2013,PROYECTO,Salud,BAJA COMPLEJIDAD,FNDR,,175000.0,PERFIL,GOBIERNO REGIONAL - REGION VI LIBERT. BERNARDO O.,MUNICIPALIDAD DE RENGO,175000.0,Esmeralda,Rural,-34.34281,-70.9049,2010s,PLADECO 2010-2018
30123728,NORMALIZACION CENTRO DE SALUD FAMILIAR DE RENGO,2013,PROYECTO,Salud,BAJA COMPLEJIDAD,FNDR,OT,560000.0,PERFIL,GOBIERNO REGIONAL - REGION VI LIBERT. BERNARDO O.,MUNICIPALIDAD DE RENGO,560000.0,Rengo (comunal),Comunal,-34.40518,-70.86324,2010s,PLADECO 2010-2018
30128166,"ADQUISICION EQUIPOS COMPUTACIONALES EXÁMEN CONDUCCIÓN, RENGO",2013,PROYECTO,Transporte y Vialidad,ADMINISTRACION TRANSPORTE,FNDR,,3603.0,PERFIL,GOBIERNO REGIONAL - REGION VI LIBERT. BERNARDO O.,MUNICIPALIDAD DE RENGO,3603.0,Rengo (comunal),Comunal,-34.40518,-70.86324,2010s,PLADECO 2010-2018
30129538,"MEJORAMIENTO Y AMPLIACION  APR POPETA A SECTOR LAS NIEVES,RENGO",2013,PROYECTO,Recursos Hídricos,AGUA POTABLE,Sectorial,OT,249440.0,PERFIL,AGUA POTABLE RURAL,DIRECCION DE OBRAS HIDRAULICAS MOP VI REGION,249440.0,Popeta,Rural,-34.42,-70.88,2010s,PLADECO 2010-2018
30130117,"MEJORAMIENTO SISTEMA APR CHANQUEAHUE, RENGO",2013,PROYECTO,Recursos Hídricos,AGUA POTABLE,Sectorial,FI,262400.0,EJECUCION,AGUA POTABLE RURAL,DIRECCION DE OBRAS HIDRAULICAS MOP VI REGION,262400.0,Chanqueahue,Rural,-34.4335,-70.78779,2010s,PLADECO 2010-2018
30131957,ADQUISICION CIRC. DEPOR. Y MOB. URBANO DIV. SECTORES DE RENGO,2013,PROYECTO,Multisectorial,ORGANIZACION Y SERVICIOS COMUNALES,FNDR,,314770.0,PERFIL,GOBIERNO REGIONAL - REGION VI LIBERT. BERNARDO O.,MUNICIPALIDAD DE RENGO,314770.0,Rengo (comunal),Comunal,-34.40518,-70.86324,2010s,PLADECO 2010-2018
30133816,CONSTRUCCION TERMINAL DE LOCOMOCION COLECTIVA DE RENGO,2013,PROYECTO,Transporte y Vialidad,ADMINISTRACION TRANSPORTE,FNDR,OT,60000.0,PERFIL,GOBIERNO REGIONAL - REGION VI LIBERT. BERNARDO O.,MUNICIPALIDAD DE RENGO,60000.0,Rengo (comunal),Comunal,-34.40518,-70.86324,2010s,PLADECO 2010-2018
30133818,"CONSTRUCCION PAVIMENTACION AVDA. EL CHAPETON, ENTRE BALMACEDA-CALETE",2013,PROYECTO,Transporte y Vialidad,"TRANSPORTE URBANO,VIALIDAD PEATONAL",FNDR,OT,40000.0,PERFIL,GOBIERNO REGIONAL - REGION VI LIBERT. BERNARDO O.,MUNICIPALIDAD DE RENGO,40000.0,Rengo (comunal),Comunal,-34.40518,-70.86324,2010s,PLADECO 2010-2018
30156122,ADQUISICION CIRC. DEPORT. Y MOB. URBANO DIVERSOS SECTORES DE RENGO,2013,PROYECTO,Multisectorial,ORGANIZACION Y SERVICIOS COMUNALES,FNDR,,314770.0,PERFIL,GOBIERNO REGIONAL - REGION VI LIBERT. BERNARDO O.,MUNICIPALIDAD DE RENGO,314770.0,Rengo (comunal),Comunal,-34.40518,-70.86324,2010s,PLADECO 2010-2018
30040081,CONSTRUCCION LICEO INDUSTRIAL DE RENGO,2014,PROYECTO,Educación y Cultura,EDUCACION BASICA Y MEDIA,FNDR,RS,8220.0,EJECUCION,GOBIERNO REGIONAL - REGION VI LIBERT. BERNARDO O.,MUNICIPALIDAD DE RENGO,1828446.0,Rengo (comunal),Comunal,-34.40518,-70.86324,2010s,PLADECO 2010-2018
30043967,REPOSICION EDIFICIO CONSISTORIAL MUNICIPALIDAD DE RENGO,2014,PROYECTO,Multisectorial,ADMINISTRACION MULTISECTOR,Sectorial,RS,450051.0,EJECUCION,SUBSECRETARIA DESARROLLO REGIONAL Y ADMINISTRATIVO,MUNICIPALIDAD DE RENGO,4216292.0,Rengo (comunal),Comunal,-34.40518,-70.86324,2010s,PLADECO 2010-2018
30057802,"INSTALACION SERVICIO DE APR LAS NIEVES, COMUNA DE RENGO",2014,PROYECTO,Recursos Hídricos,AGUA POTABLE,Sectorial,OT,253145.0,PERFIL,AGUA POTABLE RURAL,DIRECCION DE OBRAS HIDRAULICAS MOP VI REGION,253145.0,Rengo (comunal),Comunal,-34.40518,-70.86324,2010s,PLADECO 2010-2018
30063546,MEJORAMIENTO EJE VIAL AVDA. RIQUELME - RENGO,2014,PROYECTO,Transporte y Vialidad,"TRANSPORTE URBANO,VIALIDAD PEATONAL",Sectorial,RS,3960307.0,EJECUCION,SERVICIO VIVIENDA Y URBANIZACION VI REGION,SEREMI VIVIENDA VI REGION,11376424.0,Rengo (comunal),Comunal,-34.40518,-70.86324,2010s,PLADECO 2010-2018
30063604,MEJORAMIENTO AVDA PATRIMONIAL JOSE BISQUERT DE RENGO,2014,PROYECTO,Transporte y Vialidad,"TRANSPORTE URBANO,VIALIDAD PEATONAL",Sectorial,RS,8755.0,EJECUCION,SERVICIO VIVIENDA Y URBANIZACION VI REGION,SEREMI VIVIENDA VI REGION,600467.0,Rengo (comunal),Comunal,-34.40518,-70.86324,2010s,PLADECO 2010-2018
30073197,REPOSICION POSTA   EL CERRILLO    DE RENGO,2014,PROYECTO,Salud,BAJA COMPLEJIDAD,FNDR,RS,201438.0,PERFIL,GOBIERNO REGIONAL - REGION VI LIBERT. BERNARDO O.,MUNICIPALIDAD DE RENGO,201438.0,Rengo (comunal),Comunal,-34.40518,-70.86324,2010s,PLADECO 2010-2018
30078141,MEJORAMIENTO PISCINA  MUNICIPAL DE RENGO,2014,PROYECTO,Deporte,DEPORTE RECREATIVO,FNDR,FI,490919.0,PERFIL,GOBIERNO REGIONAL - REGION VI LIBERT. BERNARDO O.,MUNICIPALIDAD DE RENGO,542163.0,Rengo (comunal),Comunal,-34.40518,-70.86324,2010s,PLADECO 2010-2018
30083085,AMPLIACION DEL CENTRO CUMPLIMIENTO PENITENCIARIO DE RENGO,2014,PROYECTO,Justicia y Seguridad,REHABILITACION ADULTOS,Sectorial,RS,130833.0,DISEÑO,SUBSECRETARIA DE JUSTICIA,GENDARMERIA DE CHILE,1699042.0,Rengo (comunal),Comunal,-34.40518,-70.86324,2010s,PLADECO 2010-2018
30083514,MEJORAMIENTO PLAZA DE ARMAS DE RENGO,2014,PROYECTO,Multisectorial,DESARROLLO URBANO,Sectorial,RS,3027.0,EJECUCION,SERVICIO VIVIENDA Y URBANIZACION VI REGION,MUNICIPALIDAD DE RENGO,41563.0,Rengo (comunal),Comunal,-34.40518,-70.86324,2010s,PLADECO 2010-2018
30083514,MEJORAMIENTO PLAZA DE ARMAS DE RENGO,2014,PROYECTO,Multisectorial,DESARROLLO URBANO,Sectorial,RS,210500.0,EJECUCION,SERVICIO VIVIENDA Y URBANIZACION VI REGION,MUNICIPALIDAD DE RENGO,685500.0,Rengo (comunal),Comunal,-34.40518,-70.86324,2010s,PLADECO 2010-2018
30086791,MEJORAMIENTO GIMNASIO MUNICIPAL DE RENGO,2014,PROYECTO,Deporte,ADMINISTRACION DEPORTES Y RECREACION,FNDR,RS,317339.0,EJECUCION,GOBIERNO REGIONAL - REGION VI LIBERT. BERNARDO O.,MUNICIPALIDAD DE RENGO,409117.0,Rengo (comunal),Comunal,-34.40518,-70.86324,2010s,PLADECO 2010-2018
30088270,REPOSICION DE LA 4° COMISARIA RENGO COMO IMPLEMENTACION DEL PCSP,2014,PROYECTO,Seguridad Pública,SEGURIDAD PÃšBLICA,Sectorial,RS,24700.0,PERFIL,CARABINEROS DE CHILE,CARABINEROS DE CHILE,1298367.0,Rengo (comunal),Comunal,-34.40518,-70.86324,2010s,PLADECO 2010-2018
30091419,CONSTRUCCION  ABOVEDAMIENTO CANAL POBLACION Y COLECTOR EGENAU.RENGO,2014,PROYECTO,Recursos Hídricos,AGUAS LLUVIAS,FNDR,RS,403183.0,EJECUCION,GOBIERNO REGIONAL - REGION VI LIBERT. BERNARDO O.,MUNICIPALIDAD DE RENGO,403183.0,Rengo (comunal),Comunal,-34.40518,-70.86324,2010s,PLADECO 2010-2018
30091492,CONSTRUCCION PAVIMENTACION BALMACEDA Y EL CHAPETON. RENGO,2014,PROYECTO,Transporte y Vialidad,"TRANSPORTE URBANO,VIALIDAD PEATONAL",FNDR,FI,589761.0,PERFIL,GOBIERNO REGIONAL - REGION VI LIBERT. BERNARDO O.,MUNICIPALIDAD DE RENGO,589761.0,Rengo (comunal),Comunal,-34.40518,-70.86324,2010s,PLADECO 2010-2018
30091584,"MEJORAMIENTO AVDA ALONSO DE ERCILLA, COMUNA DE RENGO",2014,PROYECTO,Transporte y Vialidad,"TRANSPORTE URBANO,VIALIDAD PEATONAL",FNDR,RS,69844.0,DISEÑO,GOBIERNO REGIONAL - REGION VI LIBERT. BERNARDO O.,MUNICIPALIDAD DE RENGO,69844.0,Rengo (comunal),Comunal,-34.40518,-70.86324,2010s,PLADECO 2010-2018
30103618,CONSTRUCCION CENTRO DE ESTUDIO Y TRABAJO LOS CESARES DE RENGO,2014,PROYECTO,Justicia y Seguridad,INTERSUBSECTORIAL JUSTICIA,Sectorial,RS,1062934.0,PERFIL,GENDARMERIA DE CHILE,GENDARMERIA DE CHILE,1564320.0,Rengo (comunal),Comunal,-34.40518,-70.86324,2010s,PLADECO 2010-2018
30104226,"CONSERVACION CENTRO DE LACTANTES Y PRE ESCOLARES,  VI REGION",2014,PROYECTO,Justicia y Seguridad,ASISTENCIA DE MENORES,FNDR,,10.0,EJECUCION,GOBIERNO REGIONAL - REGION VI LIBERT. BERNARDO O.,SERVICIO NACIONAL DE MENORES VI REGION,197941.0,Rengo (comunal),Comunal,-34.40518,-70.86324,2010s,PLADECO 2010-2018
30104673,CONSTRUCCION COMPLEJO POLIDEPORTIVO ORIENTE I ETAPA.RENGO,2014,PROYECTO,Deporte,DEPORTE COMPETITIVO,FNDR,RS,83364.0,EJECUCION,GOBIERNO REGIONAL - REGION VI LIBERT. BERNARDO O.,MUNICIPALIDAD DE RENGO,297642.0,Rengo (comunal),Comunal,-34.40518,-70.86324,2010s,PLADECO 2010-2018
30110778,CONSTRUCCION PARQUE RECREATIVO ORIENTE DE LA COMUNA DE RENGO,2014,PROYECTO,Multisectorial,DESARROLLO URBANO,FNDR,RS,310559.0,PERFIL,GOBIERNO REGIONAL - REGION VI LIBERT. BERNARDO O.,MUNICIPALIDAD DE RENGO,1236143.0,Rengo (comunal),Comunal,-34.40518,-70.86324,2010s,PLADECO 2010-2018
30112398,CONSTRUCCION COMPLEJO POLIDEPORTIVO ORIENTE II ETAPA. RENGO,2014,PROYECTO,Deporte,DEPORTE RECREATIVO,FNDR,RS,1086036.0,EJECUCION,GOBIERNO REGIONAL - REGION VI LIBERT. BERNARDO O.,MUNICIPALIDAD DE RENGO,1116135.0,Rengo (comunal),Comunal,-34.40518,-70.86324,2010s,PLADECO 2010-2018
30123523,"CONSTRUCCION COLECTOR AGUAS LLUVIAS CENTRO SUR DE RENGO, RENGO",2014,PROYECTO,Recursos Hídricos,AGUAS LLUVIAS,Sectorial,RS,231800.0,PREFACTIBILIDAD,DIRECCION DE OBRAS HIDRAULICAS,DIRECCION DE OBRAS HIDRAULICAS MOP VI REGION,252000.0,Rengo (comunal),Comunal,-34.40518,-70.86324,2010s,PLADECO 2010-2018
30123715,CONSTRUCCION PISCINA TEMPERADA RENGO,2014,PROYECTO,Deporte,DEPORTE RECREATIVO,FNDR,OT,472924.0,PERFIL,GOBIERNO REGIONAL - REGION VI LIBERT. BERNARDO O.,MUNICIPALIDAD DE RENGO,472924.0,Rengo (comunal),Comunal,-34.40518,-70.86324,2010s,PLADECO 2010-2018
30123727,CONSTRUCCION POSTA DE SALUD ESMERALDA,2014,PROYECTO,Salud,BAJA COMPLEJIDAD,FNDR,,177600.0,PERFIL,GOBIERNO REGIONAL - REGION VI LIBERT. BERNARDO O.,MUNICIPALIDAD DE RENGO,177600.0,Esmeralda,Rural,-34.34281,-70.9049,2010s,PLADECO 2010-2018
30123728,NORMALIZACION CENTRO DE SALUD FAMILIAR DE RENGO,2014,PROYECTO,Salud,BAJA COMPLEJIDAD,FNDR,OT,568321.0,PERFIL,GOBIERNO REGIONAL - REGION VI LIBERT. BERNARDO O.,MUNICIPALIDAD DE RENGO,568321.0,Rengo (comunal),Comunal,-34.40518,-70.86324,2010s,PLADECO 2010-2018
30126644,CONSTRUCCION NORMALIZACIÓN SISTEMA ELECTRICO CCP RENGO,2014,PROYECTO,Justicia y Seguridad,REHABILITACION ADULTOS,FNDR,RS,271844.0,PERFIL,GOBIERNO REGIONAL - REGION VI LIBERT. BERNARDO O.,GENDARMERIA VI REGION LIB.GRAL. BERNARDO O'HIGGINS,271844.0,Rengo (comunal),Comunal,-34.40518,-70.86324,2010s,PLADECO 2010-2018
30130117,"MEJORAMIENTO SISTEMA APR CHANQUEAHUE, RENGO",2014,PROYECTO,Recursos Hídricos,AGUA POTABLE,Sectorial,RS,252091.0,EJECUCION,AGUA POTABLE RURAL,DIRECCION DE OBRAS HIDRAULICAS MOP VI REGION,252091.0,Chanqueahue,Rural,-34.4335,-70.78779,2010s,PLADECO 2010-2018
30133071,CONSTRUCCION HOSPITALIZACION CORTA ESTADIA PSIQUIATRICA HOSP RENGO,2014,PROYECTO,Salud,MEDIA COMPLEJIDAD,FNDR,OT,30000.0,PERFIL,GOBIERNO REGIONAL - REGION VI LIBERT. BERNARDO O.,SERVICIO SALUD OHIGGINS,30000.0,Rengo (comunal),Comunal,-34.40518,-70.86324,2010s,PLADECO 2010-2018
30133823,CONSTRUCCION CENTRO SALUD FAMILIAR RENGO URBANO ORIENTE,2014,PROYECTO,Salud,BAJA COMPLEJIDAD,FNDR,RS,46000.0,EJECUCION,GOBIERNO REGIONAL - REGION VI LIBERT. BERNARDO O.,MUNICIPALIDAD DE RENGO,46000.0,Rengo Urbano,Urbano,-34.40518,-70.86324,2010s,PLADECO 2010-2018
30133840,NORMALIZACION CESFAM ROSARIO - RENGO,2014,PROYECTO,Salud,BAJA COMPLEJIDAD,FNDR,,70000.0,PERFIL,GOBIERNO REGIONAL - REGION VI LIBERT. BERNARDO O.,MUNICIPALIDAD DE RENGO,70000.0,Rosario,Rural,-34.34788,-70.84245,2010s,PLADECO 2010-2018
30135397,"AMPLIACION SERVICIO A.P.R. LO DE LOBOS A EL SAUCE, RENGO",2014,PROYECTO,Recursos Hídricos,AGUA POTABLE,Sectorial,FI,199328.0,PERFIL,AGUA POTABLE RURAL,DIRECCION DE OBRAS HIDRAULICAS MOP VI REGION,199328.0,Lo De Lobo,Rural,-34.37523,-70.82941,2010s,PLADECO 2010-2018
30159172,"CONSTRUCCION SALA CUNA Y JARDIN INFANTIL LA ESPERANZA , RENGO",2014,PROYECTO,Educación y Cultura,EDUCACION PREBASICA,Sectorial,RS,99930.0,PERFIL,JUNTA NACIONAL DE JARDINES INFANTILES,MUNICIPALIDAD DE RENGO,199859.0,Rengo (comunal),Comunal,-34.40518,-70.86324,2010s,PLADECO 2010-2018
30159624,"CONSTRUCCION SALA CUNA Y JARDIN INFANTIL SAN FRANCISCO, RENGO",2014,PROYECTO,Educación y Cultura,EDUCACION PREBASICA,Sectorial,RS,99930.0,PERFIL,JUNTA NACIONAL DE JARDINES INFANTILES,MUNICIPALIDAD DE RENGO,199859.0,Rengo (comunal),Comunal,-34.40518,-70.86324,2010s,PLADECO 2010-2018
30213573,"MEJORAMIENTO SISTEMA DE RIEGO RIO CLARO, COMUNA DE RENGO",2014,PROYECTO,Medioambiente,RIEGO,FNDR,OT,880058.0,PERFIL,GOBIERNO REGIONAL - REGION VI LIBERT. BERNARDO O.,DIRECCION DE OBRAS HIDRAULICAS MOP VI REGION,1056070.0,Rengo (comunal),Comunal,-34.40518,-70.86324,2010s,PLADECO 2010-2018
30305324,CONSERVACION PROYECTO PODA COMUNA DE RENGO,2014,PROYECTO,Multisectorial,DESARROLLO URBANO,FNDR,,19445938.0,PERFIL,GOBIERNO REGIONAL - REGION VI LIBERT. BERNARDO O.,MUNICIPALIDAD DE RENGO,19445938.0,Rengo (comunal),Comunal,-34.40518,-70.86324,2010s,PLADECO 2010-2018
30043967,REPOSICION EDIFICIO CONSISTORIAL MUNICIPALIDAD DE RENGO,2015,PROYECTO,Multisectorial,ADMINISTRACION MULTISECTOR,Sectorial,RS,463601.0,EJECUCION,SUBSECRETARIA DESARROLLO REGIONAL Y ADMINISTRATIVO,MUNICIPALIDAD DE RENGO,4721797.0,Rengo (comunal),Comunal,-34.40518,-70.86324,2010s,PLADECO 2010-2018
30063546,MEJORAMIENTO EJE VIAL AVDA. RIQUELME - RENGO,2015,PROYECTO,Transporte y Vialidad,"TRANSPORTE URBANO,VIALIDAD PEATONAL",Sectorial,RS,3891200.0,EJECUCION,SERVICIO VIVIENDA Y URBANIZACION VI REGION,SEREMI VIVIENDA VI REGION,12041389.0,Rengo (comunal),Comunal,-34.40518,-70.86324,2010s,PLADECO 2010-2018
30083514,MEJORAMIENTO PLAZA DE ARMAS DE RENGO,2015,PROYECTO,Multisectorial,DESARROLLO URBANO,Sectorial,RS,309737.0,EJECUCION,SERVICIO VIVIENDA Y URBANIZACION VI REGION,MUNICIPALIDAD DE RENGO,706144.0,Rengo (comunal),Comunal,-34.40518,-70.86324,2010s,PLADECO 2010-2018
30086791,MEJORAMIENTO GIMNASIO MUNICIPAL DE RENGO,2015,PROYECTO,Deporte,ADMINISTRACION DEPORTES Y RECREACION,FNDR,RS,104095.0,EJECUCION,GOBIERNO REGIONAL - REGION VI LIBERT. BERNARDO O.,MUNICIPALIDAD DE RENGO,421435.0,Rengo (comunal),Comunal,-34.40518,-70.86324,2010s,PLADECO 2010-2018
30088270,REPOSICION DE LA 4° COMISARIA RENGO COMO IMPLEMENTACION DEL PCSP,2015,PROYECTO,Seguridad Pública,SEGURIDAD PÃšBLICA,Sectorial,RS,240468.0,PERFIL,CARABINEROS DE CHILE,CARABINEROS DE CHILE,1327760.0,Rengo (comunal),Comunal,-34.40518,-70.86324,2010s,PLADECO 2010-2018
30091584,"MEJORAMIENTO AVDA ALONSO DE ERCILLA, COMUNA DE RENGO",2015,PROYECTO,Transporte y Vialidad,"TRANSPORTE URBANO,VIALIDAD PEATONAL",FNDR,RS,61624.0,DISEÑO,GOBIERNO REGIONAL - REGION VI LIBERT. BERNARDO O.,MUNICIPALIDAD DE RENGO,77406.0,Rengo (comunal),Comunal,-34.40518,-70.86324,2010s,PLADECO 2010-2018
30091584,"MEJORAMIENTO AVDA ALONSO DE ERCILLA, COMUNA DE RENGO",2015,PROYECTO,Transporte y Vialidad,"TRANSPORTE URBANO,VIALIDAD PEATONAL",FNDR,OT,4393705.0,DISEÑO,GOBIERNO REGIONAL - REGION VI LIBERT. BERNARDO O.,MUNICIPALIDAD DE RENGO,4393705.0,Rengo (comunal),Comunal,-34.40518,-70.86324,2010s,PLADECO 2010-2018
30100160,REPOSICION ESCUELA ESPECIAL TERESA NARETTO DE NICOLETTI,2015,PROYECTO,Educación y Cultura,EDUCACION DIFERENCIAL Y ESPECIAL,FNDR,OT,584954.0,PERFIL,GOBIERNO REGIONAL - REGION VI LIBERT. BERNARDO O.,MUNICIPALIDAD DE RENGO,584954.0,Rengo (comunal),Comunal,-34.40518,-70.86324,2010s,PLADECO 2010-2018
30103618,CONSTRUCCION CENTRO DE ESTUDIO Y TRABAJO LOS CESARES DE RENGO,2015,PROYECTO,Justicia y Seguridad,INTERSUBSECTORIAL JUSTICIA,Sectorial,RS,853761.0,PERFIL,GENDARMERIA DE CHILE,GENDARMERIA DE CHILE,1612696.0,Rengo (comunal),Comunal,-34.40518,-70.86324,2010s,PLADECO 2010-2018
30104226,"CONSERVACION CENTRO DE LACTANTES Y PRE ESCOLARES, VI REGION",2015,PROYECTO,Justicia y Seguridad,ASISTENCIA DE MENORES,FNDR,,172157.0,EJECUCION,GOBIERNO REGIONAL - REGION VI LIBERT. BERNARDO O.,SERVICIO NACIONAL DE MENORES VI REGION,203911.0,Rengo (comunal),Comunal,-34.40518,-70.86324,2010s,PLADECO 2010-2018
30112398,CONSTRUCCION COMPLEJO POLIDEPORTIVO ORIENTE II ETAPA. RENGO,2015,PROYECTO,Deporte,DEPORTE RECREATIVO,FNDR,RS,380990.0,EJECUCION,GOBIERNO REGIONAL - REGION VI LIBERT. BERNARDO O.,MUNICIPALIDAD DE RENGO,1409775.0,Rengo (comunal),Comunal,-34.40518,-70.86324,2010s,PLADECO 2010-2018
30123523,"CONSTRUCCION COLECTOR AGUAS LLUVIAS CENTRO SUR DE RENGO, RENGO",2015,PROYECTO,Recursos Hídricos,AGUAS LLUVIAS,Sectorial,RS,311.0,PREFACTIBILIDAD,DIRECCION DE OBRAS HIDRAULICAS,DIRECCION DE OBRAS HIDRAULICAS MOP VI REGION,259591.0,Rengo (comunal),Comunal,-34.40518,-70.86324,2010s,PLADECO 2010-2018
30129538,"MEJORAMIENTO Y AMPLIACION  APR POPETA A SECTOR LAS NIEVES,RENGO",2015,PROYECTO,Recursos Hídricos,AGUA POTABLE,Sectorial,OT,260768.0,PERFIL,AGUA POTABLE RURAL,DIRECCION DE OBRAS HIDRAULICAS MOP VI REGION,260768.0,Popeta,Rural,-34.42,-70.88,2010s,PLADECO 2010-2018
30130117,"MEJORAMIENTO SISTEMA APR CHANQUEAHUE, RENGO",2015,PROYECTO,Recursos Hídricos,AGUA POTABLE,Sectorial,RS,99361.0,EJECUCION,AGUA POTABLE RURAL,DIRECCION DE OBRAS HIDRAULICAS MOP VI REGION,259683.0,Chanqueahue,Rural,-34.4335,-70.78779,2010s,PLADECO 2010-2018
30133823,CONSTRUCCION CENTRO SALUD FAMILIAR RENGO URBANO ORIENTE,2015,PROYECTO,Salud,BAJA COMPLEJIDAD,FNDR,RS,47385.0,EJECUCION,GOBIERNO REGIONAL - REGION VI LIBERT. BERNARDO O.,MUNICIPALIDAD DE RENGO,47385.0,Rengo Urbano,Urbano,-34.40518,-70.86324,2010s,PLADECO 2010-2018
30135397,"AMPLIACION SERVICIO A.P.R. LO DE LOBOS A EL SAUCE, RENGO",2015,PROYECTO,Recursos Hídricos,AGUA POTABLE,Sectorial,FI,205330.0,PERFIL,AGUA POTABLE RURAL,DIRECCION DE OBRAS HIDRAULICAS MOP VI REGION,205330.0,Lo De Lobo,Rural,-34.37523,-70.82941,2010s,PLADECO 2010-2018
30216472,"REPOSICION CENTRO DE SALUD FAMILIAR ROSARIO, COMUNA DE RENGO",2015,PROYECTO,Salud,BAJA COMPLEJIDAD,FNDR,FI,41000.0,PERFIL,GOBIERNO REGIONAL - REGION VI LIBERT. BERNARDO O.,MUNICIPALIDAD DE RENGO,41000.0,Rosario,Rural,-34.34788,-70.84245,2010s,PLADECO 2010-2018
30216473,"NORMALIZACION CENTRO DE SALUD FAMILIAR RENGO, COMUNA DE RENGO",2015,PROYECTO,Salud,BAJA COMPLEJIDAD,FNDR,RS,20161.0,PERFIL,GOBIERNO REGIONAL - REGION VI LIBERT. BERNARDO O.,MUNICIPALIDAD DE RENGO,20161.0,Rengo (comunal),Comunal,-34.40518,-70.86324,2010s,PLADECO 2010-2018
30222322,CONSTRUCCION CICLOVIAS RUTAS H-65 Y H-579 COMUNA DE RENGO,2015,PROYECTO,Transporte y Vialidad,TRANSPORTE CAMINERO,Sectorial,RS,20755.0,PERFIL,DIRECCION DE VIALIDAD,VIALIDAD MOP VI REGION LIB.GRAL. BERNARDO O'HIGGIN,451337.0,Rengo (comunal),Comunal,-34.40518,-70.86324,2010s,PLADECO 2010-2018
30272625,MEJORAMIENTO BORDES PLAZA DE ARMAS DE RENGO,2015,PROYECTO,Multisectorial,DESARROLLO URBANO,Sectorial,RS,632841.0,PERFIL,SERVICIO VIVIENDA Y URBANIZACION VI REGION,SEREMI VIVIENDA VI REGION,632841.0,Rengo (comunal),Comunal,-34.40518,-70.86324,2010s,PLADECO 2010-2018
30365822,CONSTRUCCION PARQUE ORIENTE RENGO,2015,PROYECTO,Multisectorial,DESARROLLO URBANO,Sectorial,RS,27909.0,EJECUCION,SERVICIO VIVIENDA Y URBANIZACION VI REGION,SEREMI VIVIENDA VI REGION,90000.0,Rengo (comunal),Comunal,-34.40518,-70.86324,2010s,PLADECO 2010-2018
30379279,CONSTRUCCION ESTABLECIMIENTO LARGA ESTADIA EN RENGO,2015,PROYECTO,Vivienda y Urbanismo,VIVIENDA DEFINITIVA,Sectorial,RS,50000.0,EJECUCION,SERVICIO VIVIENDA Y URBANIZACION VI REGION,SEREMI VIVIENDA VI REGION,185724.0,Rengo (comunal),Comunal,-34.40518,-70.86324,2010s,PLADECO 2010-2018
30409875,"CONSTRUCCION S. CUNA Y J. INFANTIL LA ESPERANZA, RENGO",2015,PROYECTO,Educación y Cultura,EDUCACION PREBASICA,Sectorial,RS,1.0,PERFIL,JUNTA NACIONAL DE JARDINES INFANTILES,JUNTA NACIONAL JARDINES INFANTILES VI REGION,829443.0,Rengo (comunal),Comunal,-34.40518,-70.86324,2010s,PLADECO 2010-2018
30410426,"CONSTRUCCION S. CUNA Y J. INFANTIL SAN FRANCISCO, RENGO",2015,PROYECTO,Educación y Cultura,EDUCACION PREBASICA,Sectorial,RS,162830.0,EJECUCION,JUNTA NACIONAL DE JARDINES INFANTILES,JUNTA NACIONAL JARDINES INFANTILES VI REGION,881949.0,Rengo (comunal),Comunal,-34.40518,-70.86324,2010s,PLADECO 2010-2018
30416729,CONSERVACION LICEO LUIS URBINA FLORES DE LA COMUNA DE RENGO,2015,PROYECTO,Educación y Cultura,EDUCACION MEDIA TECNICO,Sectorial,,30000.0,PERFIL,SUBSECRETARIA DE EDUCACION,MUNICIPALIDAD DE RENGO,43021.0,Rengo (comunal),Comunal,-34.40518,-70.86324,2010s,PLADECO 2010-2018
30420427,REPOSICION CON RELOCALIZACIÓN 1° JUZGADO DE LETRAS DE RENGO,2015,PROYECTO,Justicia y Seguridad,ADMINISTRACION DE JUSTICIA,Sectorial,RS,280000.0,DISEÑO,CORPORACION ADMINISTRATIVA DEL PODER JUDICIAL,CORPORACION ADMINISTRATIVA DEL PODER JUDICIAL,449718.0,Rengo (comunal),Comunal,-34.40518,-70.86324,2010s,PLADECO 2010-2018
30425873,CONSERVACION CUBIERTA PABELLONES ESCUELA MARTA AVARIA S. RENGO,2015,PROYECTO,Educación y Cultura,EDUCACION BASICA Y MEDIA,Sectorial,,71262.0,PERFIL,SUBSECRETARIA DE EDUCACION,MUNICIPALIDAD DE RENGO,81262.0,Rengo (comunal),Comunal,-34.40518,-70.86324,2010s,PLADECO 2010-2018
30432072,MEJORAMIENTO SERVICIO APR LA ALIANZA DE LA COMUNA DE RENGO,2015,PROYECTO,Recursos Hídricos,AGUA POTABLE,Sectorial,RS,227984.0,EJECUCION,AGUA POTABLE RURAL,DIRECCION DE OBRAS HIDRAULICAS MOP VI REGION,227984.0,Rengo (comunal),Comunal,-34.40518,-70.86324,2010s,PLADECO 2010-2018
30043967,REPOSICION EDIFICIO CONSISTORIAL MUNICIPALIDAD DE RENGO,2016,PROYECTO,Multisectorial,ADMINISTRACION MULTISECTOR,Sectorial,RS,1118570.0,EJECUCION,SUBSECRETARIA DESARROLLO REGIONAL Y ADMINISTRATIVO,MUNICIPALIDAD DE RENGO,4543041.0,Rengo (comunal),Comunal,-34.40518,-70.86324,2010s,PLADECO 2010-2018
30063546,MEJORAMIENTO EJE VIAL AVDA. RIQUELME - RENGO,2016,PROYECTO,Transporte y Vialidad,"TRANSPORTE URBANO,VIALIDAD PEATONAL",Sectorial,RS,2475350.0,EJECUCION,SERVICIO VIVIENDA Y URBANIZACION VI REGION,SEREMI VIVIENDA VI REGION,12531723.0,Rengo (comunal),Comunal,-34.40518,-70.86324,2010s,PLADECO 2010-2018
30083514,MEJORAMIENTO PLAZA DE ARMAS DE RENGO,2016,PROYECTO,Multisectorial,DESARROLLO URBANO,Sectorial,RS,430154.0,EJECUCION,SERVICIO VIVIENDA Y URBANIZACION VI REGION,MUNICIPALIDAD DE RENGO,738554.0,Rengo (comunal),Comunal,-34.40518,-70.86324,2010s,PLADECO 2010-2018
30088270,REPOSICION DE LA 4° COMISARIA RENGO COMO IMPLEMENTACION DEL PCSP,2016,PROYECTO,Seguridad Pública,SEGURIDAD PÃšBLICA,Sectorial,RS,30175.0,PERFIL,CARABINEROS DE CHILE,CARABINEROS DE CHILE,2570883.0,Rengo (comunal),Comunal,-34.40518,-70.86324,2010s,PLADECO 2010-2018
30103618,CONSTRUCCION CENTRO DE ESTUDIO Y TRABAJO LOS CESARES DE RENGO,2016,PROYECTO,Justicia y Seguridad,INTERSUBSECTORIAL JUSTICIA,Sectorial,RS,621451.0,PERFIL,GENDARMERIA DE CHILE,GENDARMERIA DE CHILE,2125031.0,Rengo (comunal),Comunal,-34.40518,-70.86324,2010s,PLADECO 2010-2018
30104226,"CONSERVACION CENTRO DE LACTANTES Y PRE ESCOLARES,  VI REGION",2016,PROYECTO,Justicia y Seguridad,ASISTENCIA DE MENORES,FNDR,,84538.0,EJECUCION,GOBIERNO REGIONAL - REGION VI LIBERT. BERNARDO O.,SERVICIO NACIONAL DE MENORES VI REGION,235033.0,Rengo (comunal),Comunal,-34.40518,-70.86324,2010s,PLADECO 2010-2018
30112398,CONSTRUCCION COMPLEJO POLIDEPORTIVO ORIENTE II ETAPA. RENGO,2016,PROYECTO,Deporte,DEPORTE RECREATIVO,FNDR,RS,390903.0,EJECUCION,GOBIERNO REGIONAL - REGION VI LIBERT. BERNARDO O.,MUNICIPALIDAD DE RENGO,1471712.0,Rengo (comunal),Comunal,-34.40518,-70.86324,2010s,PLADECO 2010-2018
30123523,"CONSTRUCCION COLECTOR AGUAS LLUVIAS CENTRO SUR DE RENGO, RENGO",2016,PROYECTO,Recursos Hídricos,AGUAS LLUVIAS,Sectorial,RS,92135.0,PREFACTIBILIDAD,DIRECCION DE OBRAS HIDRAULICAS,DIRECCION DE OBRAS HIDRAULICAS MOP VI REGION,271452.0,Rengo (comunal),Comunal,-34.40518,-70.86324,2010s,PLADECO 2010-2018
30129538,"MEJORAMIENTO Y AMPLIACION  APR POPETA A SECTOR LAS NIEVES,RENGO",2016,PROYECTO,Recursos Hídricos,AGUA POTABLE,Sectorial,OT,272764.0,PERFIL,AGUA POTABLE RURAL,DIRECCION DE OBRAS HIDRAULICAS MOP VI REGION,272764.0,Popeta,Rural,-34.42,-70.88,2010s,PLADECO 2010-2018
30130117,"MEJORAMIENTO SISTEMA APR CHANQUEAHUE, RENGO",2016,PROYECTO,Recursos Hídricos,AGUA POTABLE,Sectorial,RS,172269.0,EJECUCION,AGUA POTABLE RURAL,DIRECCION DE OBRAS HIDRAULICAS MOP VI REGION,271629.0,Chanqueahue,Rural,-34.4335,-70.78779,2010s,PLADECO 2010-2018
30133823,CONSTRUCCION CENTRO SALUD FAMILIAR RENGO URBANO ORIENTE,2016,PROYECTO,Salud,BAJA COMPLEJIDAD,Sectorial,RS,1880422.0,EJECUCION,MINISTERIO DE SALUD,MUNICIPALIDAD DE RENGO,4804487.0,Rengo Urbano,Urbano,-34.40518,-70.86324,2010s,PLADECO 2010-2018
30133823,CONSTRUCCION CENTRO SALUD FAMILIAR RENGO URBANO ORIENTE,2016,PROYECTO,Salud,BAJA COMPLEJIDAD,FNDR,RS,48534.0,EJECUCION,GOBIERNO REGIONAL - REGION VI LIBERT. BERNARDO O.,MUNICIPALIDAD DE RENGO,48534.0,Rengo Urbano,Urbano,-34.40518,-70.86324,2010s,PLADECO 2010-2018
30135397,"AMPLIACION SERVICIO A.P.R. LO DE LOBOS A EL SAUCE, RENGO",2016,PROYECTO,Recursos Hídricos,AGUA POTABLE,Sectorial,FI,214776.0,PERFIL,AGUA POTABLE RURAL,DIRECCION DE OBRAS HIDRAULICAS MOP VI REGION,214776.0,Lo De Lobo,Rural,-34.37523,-70.82941,2010s,PLADECO 2010-2018
30216473,"NORMALIZACION CENTRO DE SALUD FAMILIAR RENGO, COMUNA DE RENGO",2016,PROYECTO,Salud,BAJA COMPLEJIDAD,FNDR,RS,21088.0,PERFIL,GOBIERNO REGIONAL - REGION VI LIBERT. BERNARDO O.,MUNICIPALIDAD DE RENGO,21088.0,Rengo (comunal),Comunal,-34.40518,-70.86324,2010s,PLADECO 2010-2018
30222322,CONSTRUCCION CICLOVIAS RUTAS H-65 Y H-579 COMUNA DE RENGO,2016,PROYECTO,Transporte y Vialidad,TRANSPORTE CAMINERO,Sectorial,RS,74689.0,PERFIL,DIRECCION DE VIALIDAD,VIALIDAD MOP VI REGION LIB.GRAL. BERNARDO O'HIGGIN,472940.0,Rengo (comunal),Comunal,-34.40518,-70.86324,2010s,PLADECO 2010-2018
30365822,CONSTRUCCION PARQUE ORIENTE RENGO,2016,PROYECTO,Multisectorial,DESARROLLO URBANO,Sectorial,RS,41000.0,EJECUCION,SERVICIO VIVIENDA Y URBANIZACION VI REGION,SEREMI VIVIENDA VI REGION,3583353.0,Rengo (comunal),Comunal,-34.40518,-70.86324,2010s,PLADECO 2010-2018
30365822,CONSTRUCCION PARQUE ORIENTE RENGO,2016,PROYECTO,Multisectorial,DESARROLLO URBANO,Sectorial,RS,66231.0,EJECUCION,SERVICIO VIVIENDA Y URBANIZACION VI REGION,SEREMI VIVIENDA VI REGION,94140.0,Rengo (comunal),Comunal,-34.40518,-70.86324,2010s,PLADECO 2010-2018
30379279,CONSTRUCCION ESTABLECIMIENTO LARGA ESTADIA EN RENGO,2016,PROYECTO,Vivienda y Urbanismo,VIVIENDA DEFINITIVA,Sectorial,RS,103500.0,EJECUCION,SERVICIO VIVIENDA Y URBANIZACION VI REGION,SEREMI VIVIENDA VI REGION,3716556.0,Rengo (comunal),Comunal,-34.40518,-70.86324,2010s,PLADECO 2010-2018
30379279,CONSTRUCCION ESTABLECIMIENTO LARGA ESTADIA EN RENGO,2016,PROYECTO,Vivienda y Urbanismo,VIVIENDA DEFINITIVA,Sectorial,RS,139084.0,EJECUCION,SERVICIO VIVIENDA Y URBANIZACION VI REGION,SEREMI VIVIENDA VI REGION,189084.0,Rengo (comunal),Comunal,-34.40518,-70.86324,2010s,PLADECO 2010-2018
30394975,REPOSICION ESCUELA DIFERENCIAL TERESA NARETTO DE NICOLETTI,2016,PROYECTO,Educación y Cultura,EDUCACION DIFERENCIAL Y ESPECIAL,FNDR,RS,105230.0,PERFIL,GOBIERNO REGIONAL - REGION VI LIBERT. BERNARDO O.,MUNICIPALIDAD DE RENGO,167219.0,Rengo (comunal),Comunal,-34.40518,-70.86324,2010s,PLADECO 2010-2018
30398487,"MEJORAMIENTO CAMINO BASICO INTERMEDIO RUTA H-65, POPETA - LAS NIEVES",2016,PROYECTO,Transporte y Vialidad,TRANSPORTE CAMINERO,Sectorial,RS,303956.0,PERFIL,DIRECCION DE VIALIDAD,VIALIDAD MOP VI REGION LIB.GRAL. BERNARDO O'HIGGIN,538056.0,Popeta,Rural,-34.42,-70.88,2010s,PLADECO 2010-2018
30398535,"REPOSICION PARCIAL LICEO LUIS URBINA FLORES, RENGO",2016,PROYECTO,Educación y Cultura,EDUCACION MEDIA TECNICO,FNDR,RS,5230.0,PERFIL,GOBIERNO REGIONAL - REGION VI LIBERT. BERNARDO O.,MUNICIPALIDAD DE RENGO,177035.0,Rengo (comunal),Comunal,-34.40518,-70.86324,2010s,PLADECO 2010-2018
30401722,CONSTRUCCION LICEO POLIVALENTE ROSARIO COMUNA DE RENGO,2016,PROYECTO,Educación y Cultura,EDUCACION MEDIA TECNICO,FNDR,OT,8049.0,PERFIL,GOBIERNO REGIONAL - REGION VI LIBERT. BERNARDO O.,MUNICIPALIDAD DE RENGO,8049.0,Rosario,Rural,-34.34788,-70.84245,2010s,PLADECO 2010-2018
30401774,HABILITACION CENTRO DE FOMENTO DE LAS ARTES Y LA CULTURA RENGO,2016,PROYECTO,Educación y Cultura,ARTE Y CULTURA,FNDR,OT,50302.0,PERFIL,GOBIERNO REGIONAL - REGION VI LIBERT. BERNARDO O.,MUNICIPALIDAD DE RENGO,50302.0,Rengo (comunal),Comunal,-34.40518,-70.86324,2010s,PLADECO 2010-2018
30402081,MEJORAMIENTO TEATRO MUNICIPAL COMUNA DE RENGO,2016,PROYECTO,Educación y Cultura,ARTE Y CULTURA,FNDR,RS,89954.0,PERFIL,GOBIERNO REGIONAL - REGION VI LIBERT. BERNARDO O.,MUNICIPALIDAD DE RENGO,89954.0,Rengo (comunal),Comunal,-34.40518,-70.86324,2010s,PLADECO 2010-2018
30409875,"CONSTRUCCION S. CUNA Y J. INFANTIL LA ESPERANZA, RENGO",2016,PROYECTO,Educación y Cultura,EDUCACION PREBASICA,Sectorial,RS,3.0,PERFIL,JUNTA NACIONAL DE JARDINES INFANTILES,JUNTA NACIONAL JARDINES INFANTILES VI REGION,867605.0,Rengo (comunal),Comunal,-34.40518,-70.86324,2010s,PLADECO 2010-2018
30410426,"CONSTRUCCION S. CUNA Y J. INFANTIL SAN FRANCISCO, RENGO",2016,PROYECTO,Educación y Cultura,EDUCACION PREBASICA,Sectorial,RS,33352.0,EJECUCION,JUNTA NACIONAL DE JARDINES INFANTILES,JUNTA NACIONAL JARDINES INFANTILES VI REGION,922526.0,Rengo (comunal),Comunal,-34.40518,-70.86324,2010s,PLADECO 2010-2018
30419226,MEJORAMIENTO GESTIÓN VIAL Y PEATONAL RENGO,2016,PROYECTO,Transporte y Vialidad,"TRANSPORTE URBANO,VIALIDAD PEATONAL",FNDR,RS,1206457.0,PERFIL,GOBIERNO REGIONAL - REGION VI LIBERT. BERNARDO O.,SEREMI TRANSPORTES VI REGION,1571347.0,Rengo (comunal),Comunal,-34.40518,-70.86324,2010s,PLADECO 2010-2018
30420427,REPOSICION CON RELOCALIZACIÓN 1° JUZGADO DE LETRAS DE RENGO,2016,PROYECTO,Justicia y Seguridad,ADMINISTRACION DE JUSTICIA,Sectorial,RS,2393.0,DISEÑO,CORPORACION ADMINISTRATIVA DEL PODER JUDICIAL,CORPORACION ADMINISTRATIVA DEL PODER JUDICIAL,442466.0,Rengo (comunal),Comunal,-34.40518,-70.86324,2010s,PLADECO 2010-2018
30429278,CONSTRUCCION SAPU ALTA RESOLUCION RIENZI VALENCIA. COMUNA DE RENGO,2016,PROYECTO,Salud,BAJA COMPLEJIDAD,Sectorial,RS,729859.0,EJECUCION,MINISTERIO DE SALUD,SERVICIO SALUD OHIGGINS,1310029.0,Rengo (comunal),Comunal,-34.40518,-70.86324,2010s,PLADECO 2010-2018
30432072,MEJORAMIENTO SERVICIO APR LA ALIANZA DE LA COMUNA DE RENGO,2016,PROYECTO,Recursos Hídricos,AGUA POTABLE,Sectorial,RS,28650.0,EJECUCION,AGUA POTABLE RURAL,DIRECCION DE OBRAS HIDRAULICAS MOP VI REGION,305194.0,Rengo (comunal),Comunal,-34.40518,-70.86324,2010s,PLADECO 2010-2018
30465001,ADQUISICION BUS TRANSPORTE ESCOLAR ESCUELA TERESA NARETTO RENGO,2016,PROYECTO,Multisectorial,DESARROLLO URBANO,FNDR,,112808.0,PERFIL,GOBIERNO REGIONAL - REGION VI LIBERT. BERNARDO O.,MUNICIPALIDAD DE RENGO,112808.0,Rengo (comunal),Comunal,-34.40518,-70.86324,2010s,PLADECO 2010-2018
30063546,MEJORAMIENTO EJE VIAL AVDA. RIQUELME - RENGO,2017,PROYECTO,Transporte y Vialidad,"TRANSPORTE URBANO,VIALIDAD PEATONAL",Sectorial,RS,1910503.0,EJECUCION,SERVICIO VIVIENDA Y URBANIZACION VI REGION,SEREMI VIVIENDA VI REGION,13498020.0,Rengo (comunal),Comunal,-34.40518,-70.86324,2010s,PLADECO 2010-2018
30088270,REPOSICION DE LA 4° COMISARIA RENGO COMO IMPLEMENTACION DEL PCSP,2017,PROYECTO,Seguridad Pública,SEGURIDAD PÃšBLICA,Sectorial,RS,17769.0,PERFIL,CARABINEROS DE CHILE,CARABINEROS DE CHILE,2819481.0,Rengo (comunal),Comunal,-34.40518,-70.86324,2010s,PLADECO 2010-2018
30112398,CONSTRUCCION COMPLEJO POLIDEPORTIVO ORIENTE II ETAPA. RENGO,2017,PROYECTO,Deporte,DEPORTE RECREATIVO,FNDR,RS,1313662.0,EJECUCION,GOBIERNO REGIONAL - REGION VI LIBERT. BERNARDO O.,MUNICIPALIDAD DE RENGO,1516811.0,Rengo (comunal),Comunal,-34.40518,-70.86324,2010s,PLADECO 2010-2018
30123523,"CONSTRUCCION COLECTOR AGUAS LLUVIAS CENTRO SUR DE RENGO, RENGO",2017,PROYECTO,Recursos Hídricos,AGUAS LLUVIAS,Sectorial,RS,127358.0,PREFACTIBILIDAD,DIRECCION DE OBRAS HIDRAULICAS,DIRECCION DE OBRAS HIDRAULICAS MOP VI REGION,293185.0,Rengo (comunal),Comunal,-34.40518,-70.86324,2010s,PLADECO 2010-2018
30129538,"MEJORAMIENTO Y AMPLIACION  APR POPETA A SECTOR LAS NIEVES,RENGO",2017,PROYECTO,Recursos Hídricos,AGUA POTABLE,Sectorial,OT,299142.0,PERFIL,AGUA POTABLE RURAL,DIRECCION DE OBRAS HIDRAULICAS MOP VI REGION,299142.0,Popeta,Rural,-34.42,-70.88,2010s,PLADECO 2010-2018
30133823,CONSTRUCCION CENTRO SALUD FAMILIAR RENGO URBANO ORIENTE,2017,PROYECTO,Salud,BAJA COMPLEJIDAD,Sectorial,RS,2948583.0,EJECUCION,MINISTERIO DE SALUD,MUNICIPALIDAD DE RENGO,5542382.0,Rengo Urbano,Urbano,-34.40518,-70.86324,2010s,PLADECO 2010-2018
30135397,"AMPLIACION SERVICIO A.P.R. LO DE LOBOS A EL SAUCE, RENGO",2017,PROYECTO,Recursos Hídricos,AGUA POTABLE,Sectorial,OT,235545.0,PERFIL,AGUA POTABLE RURAL,DIRECCION DE OBRAS HIDRAULICAS MOP VI REGION,235545.0,Lo De Lobo,Rural,-34.37523,-70.82941,2010s,PLADECO 2010-2018
30216473,"NORMALIZACION CENTRO DE SALUD FAMILIAR RENGO, COMUNA DE RENGO",2017,PROYECTO,Salud,BAJA COMPLEJIDAD,FNDR,RS,23127.0,PERFIL,GOBIERNO REGIONAL - REGION VI LIBERT. BERNARDO O.,MUNICIPALIDAD DE RENGO,23127.0,Rengo (comunal),Comunal,-34.40518,-70.86324,2010s,PLADECO 2010-2018
30222322,CONSTRUCCION CICLOVIAS RUTAS H-65 Y H-579 COMUNA DE RENGO,2017,PROYECTO,Transporte y Vialidad,TRANSPORTE CAMINERO,Sectorial,RS,7000.0,PERFIL,DIRECCION DE VIALIDAD,VIALIDAD MOP VI REGION LIB.GRAL. BERNARDO O'HIGGIN,717692.0,Rengo (comunal),Comunal,-34.40518,-70.86324,2010s,PLADECO 2010-2018
30365822,CONSTRUCCION PARQUE ORIENTE RENGO,2017,PROYECTO,Vivienda y Urbanismo,DESARROLLO URBANO,Sectorial,RS,36374.0,EJECUCION,SERVICIO VIVIENDA Y URBANIZACION VI REGION,SEREMI VIVIENDA VI REGION,91573.0,Rengo (comunal),Comunal,-34.40518,-70.86324,2010s,PLADECO 2010-2018
30365822,CONSTRUCCION PARQUE ORIENTE RENGO,2017,PROYECTO,Vivienda y Urbanismo,DESARROLLO URBANO,Sectorial,RS,837675.0,EJECUCION,SERVICIO VIVIENDA Y URBANIZACION VI REGION,SEREMI VIVIENDA VI REGION,3624078.0,Rengo (comunal),Comunal,-34.40518,-70.86324,2010s,PLADECO 2010-2018
30379279,CONSTRUCCION ESTABLECIMIENTO LARGA ESTADIA EN RENGO,2017,PROYECTO,Vivienda y Urbanismo,VIVIENDA DEFINITIVA,Sectorial,RS,1845515.0,EJECUCION,SERVICIO VIVIENDA Y URBANIZACION VI REGION,SEREMI VIVIENDA VI REGION,3996799.0,Rengo (comunal),Comunal,-34.40518,-70.86324,2010s,PLADECO 2010-2018
30398487,"MEJORAMIENTO CAMINO BASICO INTERMEDIO RUTA H-65, POPETA - LAS NIEVES",2017,PROYECTO,Transporte y Vialidad,TRANSPORTE CAMINERO,Sectorial,RS,333351.0,PERFIL,DIRECCION DE VIALIDAD,VIALIDAD MOP VI REGION LIB.GRAL. BERNARDO O'HIGGIN,590090.0,Popeta,Rural,-34.42,-70.88,2010s,PLADECO 2010-2018
30402081,MEJORAMIENTO TEATRO MUNICIPAL COMUNA DE RENGO,2017,PROYECTO,Educación y Cultura,ARTE Y CULTURA,FNDR,RS,96141.0,DISEÑO,GOBIERNO REGIONAL - REGION VI LIBERT. BERNARDO O.,MUNICIPALIDAD DE RENGO,96141.0,Rengo (comunal),Comunal,-34.40518,-70.86324,2010s,PLADECO 2010-2018
30409875,"CONSTRUCCION S. CUNA Y J. INFANTIL LA ESPERANZA, RENGO",2017,PROYECTO,Educación y Cultura,EDUCACION PREBASICA,Sectorial,RS,255173.0,EJECUCION,JUNTA NACIONAL DE JARDINES INFANTILES,JUNTA NACIONAL JARDINES INFANTILES VI REGION,951509.0,Rengo (comunal),Comunal,-34.40518,-70.86324,2010s,PLADECO 2010-2018
30410426,"CONSTRUCCION S. CUNA Y J. INFANTIL SAN FRANCISCO, RENGO",2017,PROYECTO,Educación y Cultura,EDUCACION PREBASICA,Sectorial,RS,509458.0,EJECUCION,JUNTA NACIONAL DE JARDINES INFANTILES,JUNTA NACIONAL JARDINES INFANTILES VI REGION,1011727.0,Rengo (comunal),Comunal,-34.40518,-70.86324,2010s,PLADECO 2010-2018
30419226,MEJORAMIENTO GESTIÓN VIAL Y PEATONAL RENGO,2017,PROYECTO,Transporte y Vialidad,"TRANSPORTE URBANO,VIALIDAD PEATONAL",FNDR,RS,1319869.0,PERFIL,GOBIERNO REGIONAL - REGION VI LIBERT. BERNARDO O.,SEREMI TRANSPORTES VI REGION,1720046.0,Rengo (comunal),Comunal,-34.40518,-70.86324,2010s,PLADECO 2010-2018
30420427,REPOSICION CON RELOCALIZACIÓN 1° JUZGADO DE LETRAS DE RENGO,2017,PROYECTO,Justicia y Seguridad,ADMINISTRACION DE JUSTICIA,Sectorial,RS,112759.0,DISEÑO,CORPORACION ADMINISTRATIVA DEL PODER JUDICIAL,CORPORACION ADMINISTRATIVA DEL PODER JUDICIAL,493383.0,Rengo (comunal),Comunal,-34.40518,-70.86324,2010s,PLADECO 2010-2018
30429278,CONSTRUCCION SAPU ALTA RESOLUCION RIENZI VALENCIA. COMUNA DE RENGO,2017,PROYECTO,Salud,BAJA COMPLEJIDAD,Sectorial,RS,675672.0,EJECUCION,MINISTERIO DE SALUD,SERVICIO SALUD OHIGGINS,1440467.0,Rengo (comunal),Comunal,-34.40518,-70.86324,2010s,PLADECO 2010-2018
30432072,MEJORAMIENTO SERVICIO APR LA ALIANZA DE LA COMUNA DE RENGO,2017,PROYECTO,Recursos Hídricos,AGUA POTABLE,Sectorial,RS,334709.0,EJECUCION,AGUA POTABLE RURAL,DIRECCION DE OBRAS HIDRAULICAS MOP VI REGION,346728.0,Rengo (comunal),Comunal,-34.40518,-70.86324,2010s,PLADECO 2010-2018
30465001,ADQUISICION BUS TRANSPORTE ESCOLAR ESCUELA TERESA NARETTO RENGO,2017,PROYECTO,Vivienda y Urbanismo,DESARROLLO URBANO,FNDR,,123717.0,PERFIL,GOBIERNO REGIONAL - REGION VI LIBERT. BERNARDO O.,MUNICIPALIDAD DE RENGO,123717.0,Rengo (comunal),Comunal,-34.40518,-70.86324,2010s,PLADECO 2010-2018
30480662,CONSTRUCCION SEDE COMUNITARIA JUNTA DE VECINOS LA ISLA,2017,PROYECTO,Multisectorial,ADMINISTRACION MULTISECTOR,FNDR,,93493.0,PERFIL,GOBIERNO REGIONAL - REGION VI LIBERT. BERNARDO O.,MUNICIPALIDAD DE RENGO,93493.0,Rengo (comunal),Comunal,-34.40518,-70.86324,2010s,PLADECO 2010-2018
30482670,"MEJORAMIENTO SISTEMA APR HUILQUIO CERRILLOS, RENGO",2017,PROYECTO,Recursos Hídricos,AGUA POTABLE,Sectorial,FI,358845.0,PERFIL,AGUA POTABLE RURAL,DIRECCION DE OBRAS HIDRAULICAS MOP VI REGION,358845.0,Rengo (comunal),Comunal,-34.40518,-70.86324,2010s,PLADECO 2010-2018
30063546,MEJORAMIENTO EJE VIAL AVDA. RIQUELME - RENGO,2018,PROYECTO,Transporte y Vialidad,"TRANSPORTE URBANO,VIALIDAD PEATONAL",Sectorial,RS,40056.0,EJECUCION,SERVICIO VIVIENDA Y URBANIZACION REGION DEL LIBERTADOR GENERAL BERNARDO O'HIGGIN,SEREMI VIVIENDA REGION DEL LIBERTADOR GENERAL BERNARDO O'HIGGINS,14163116.0,Rengo (comunal),Comunal,-34.40518,-70.86324,2010s,PLADECO 2010-2018
30088270,REPOSICION DE LA 4° COMISARIA RENGO COMO IMPLEMENTACION DEL PCSP,2018,PROYECTO,Seguridad Pública,SEGURIDAD PÃšBLICA,Sectorial,RS,553052.0,PERFIL,CARABINEROS DE CHILE,CARABINEROS DE CHILE,2892792.0,Rengo (comunal),Comunal,-34.40518,-70.86324,2010s,PLADECO 2010-2018
30112398,CONSTRUCCION COMPLEJO POLIDEPORTIVO ORIENTE II ETAPA. RENGO,2018,PROYECTO,Deporte,DEPORTE RECREATIVO,FNDR,RS,32000.0,EJECUCION,GOBIERNO REGIONAL - REGION DEL LIBERTADOR GENERAL BERNARDO O'HIGGINS,MUNICIPALIDAD DE RENGO,1489418.0,Rengo (comunal),Comunal,-34.40518,-70.86324,2010s,PLADECO 2010-2018
30123523,"CONSTRUCCION COLECTOR AGUAS LLUVIAS CENTRO SUR DE RENGO, RENGO",2018,PROYECTO,Recursos Hídricos,AGUAS LLUVIAS,Sectorial,RS,12312.0,PREFACTIBILIDAD,DIRECCION DE OBRAS HIDRAULICAS,DIRECCION DE OBRAS HIDRAULICAS MOP REGION DEL LIBERTADOR GENERAL BERNARDO O'HIGG,244173.0,Rengo (comunal),Comunal,-34.40518,-70.86324,2010s,PLADECO 2010-2018
30129538,"MEJORAMIENTO Y AMPLIACION APR POPETA A SECTOR LAS NIEVES,RENGO",2018,PROYECTO,Recursos Hídricos,AGUA POTABLE,Sectorial,OT,306915.0,PERFIL,AGUA POTABLE RURAL,DIRECCION DE OBRAS HIDRAULICAS MOP REGION DEL LIBERTADOR GENERAL BERNARDO O'HIGG,306915.0,Popeta,Rural,-34.42,-70.88,2010s,PLADECO 2010-2018
30133823,CONSTRUCCION CENTRO SALUD FAMILIAR RENGO URBANO ORIENTE,2018,PROYECTO,Salud,BAJA COMPLEJIDAD,Sectorial,RS,915005.0,EJECUCION,MINISTERIO DE SALUD,MUNICIPALIDAD DE RENGO,5725079.0,Rengo Urbano,Urbano,-34.40518,-70.86324,2010s,PLADECO 2010-2018
30135397,"AMPLIACION SERVICIO A.P.R. LO DE LOBOS A EL SAUCE, RENGO",2018,PROYECTO,Recursos Hídricos,AGUA POTABLE,Sectorial,OT,241667.0,PERFIL,AGUA POTABLE RURAL,DIRECCION DE OBRAS HIDRAULICAS MOP REGION DEL LIBERTADOR GENERAL BERNARDO O'HIGG,241667.0,Lo De Lobo,Rural,-34.37523,-70.82941,2010s,PLADECO 2010-2018
30216472,"REPOSICION CENTRO DE SALUD FAMILIAR ROSARIO, COMUNA DE RENGO",2018,PROYECTO,Salud,BAJA COMPLEJIDAD,FNDR,FI,48256.0,PERFIL,GOBIERNO REGIONAL - REGION DEL LIBERTADOR GENERAL BERNARDO O'HIGGINS,MUNICIPALIDAD DE RENGO,48256.0,Rosario,Rural,-34.34788,-70.84245,2010s,PLADECO 2010-2018
30222322,CONSTRUCCION CICLOVIAS RUTAS H-65 Y H-579 COMUNA DE RENGO,2018,PROYECTO,Transporte y Vialidad,TRANSPORTE CAMINERO,Sectorial,RS,441786.0,PERFIL,DIRECCION DE VIALIDAD,VIALIDAD MOP REGION DEL LIBERTADOR GENERAL BERNARDO O'HIGGINS,737147.0,Rengo (comunal),Comunal,-34.40518,-70.86324,2010s,PLADECO 2010-2018
30365822,CONSTRUCCION PARQUE ORIENTE RENGO,2018,PROYECTO,Vivienda y Urbanismo,DESARROLLO URBANO,Sectorial,RS,2295379.0,EJECUCION,SERVICIO VIVIENDA Y URBANIZACION REGION DEL LIBERTADOR GENERAL BERNARDO O'HIGGIN,SEREMI VIVIENDA REGION DEL LIBERTADOR GENERAL BERNARDO O'HIGGINS,3043552.0,Rengo (comunal),Comunal,-34.40518,-70.86324,2010s,PLADECO 2010-2018
30379279,CONSTRUCCION ESTABLECIMIENTO LARGA ESTADIA EN RENGO,2018,PROYECTO,Vivienda y Urbanismo,VIVIENDA DEFINITIVA,Sectorial,RS,1869290.0,EJECUCION,SERVICIO VIVIENDA Y URBANIZACION REGION DEL LIBERTADOR GENERAL BERNARDO O'HIGGIN,SEREMI VIVIENDA REGION DEL LIBERTADOR GENERAL BERNARDO O'HIGGINS,3955749.0,Rengo (comunal),Comunal,-34.40518,-70.86324,2010s,PLADECO 2010-2018
30398487,"MEJORAMIENTO CAMINO BASICO INTERMEDIO RUTA H-65, POPETA - LAS NIEVES",2018,PROYECTO,Transporte y Vialidad,TRANSPORTE CAMINERO,Sectorial,RS,429056.0,PERFIL,DIRECCION DE VIALIDAD,VIALIDAD MOP REGION DEL LIBERTADOR GENERAL BERNARDO O'HIGGINS,609840.0,Popeta,Rural,-34.42,-70.88,2010s,PLADECO 2010-2018
30402081,MEJORAMIENTO TEATRO MUNICIPAL COMUNA DE RENGO,2018,PROYECTO,Educación y Cultura,ARTE Y CULTURA,FNDR,RS,39146.0,DISEÑO,GOBIERNO REGIONAL - REGION DEL LIBERTADOR GENERAL BERNARDO O'HIGGINS,MUNICIPALIDAD DE RENGO,101380.0,Rengo (comunal),Comunal,-34.40518,-70.86324,2010s,PLADECO 2010-2018
30409875,"CONSTRUCCION S. CUNA Y J. INFANTIL LA ESPERANZA, RENGO",2018,PROYECTO,Educación y Cultura,EDUCACION PREBASICA,Sectorial,RS,920010.0,EJECUCION,JUNTA NACIONAL DE JARDINES INFANTILES,JUNTA NACIONAL JARDINES INFANTILES REGION DEL LIBERTADOR GENERAL BERNARDO O'HIGG,979889.0,Rengo (comunal),Comunal,-34.40518,-70.86324,2010s,PLADECO 2010-2018
30410426,"CONSTRUCCION S. CUNA Y J. INFANTIL SAN FRANCISCO, RENGO",2018,PROYECTO,Educación y Cultura,EDUCACION PREBASICA,Sectorial,RS,671362.0,EJECUCION,JUNTA NACIONAL DE JARDINES INFANTILES,JUNTA NACIONAL JARDINES INFANTILES REGION DEL LIBERTADOR GENERAL BERNARDO O'HIGG,1027358.0,Rengo (comunal),Comunal,-34.40518,-70.86324,2010s,PLADECO 2010-2018
30419226,MEJORAMIENTO GESTIÓN VIAL Y PEATONAL RENGO,2018,PROYECTO,Transporte y Vialidad,"TRANSPORTE URBANO,VIALIDAD PEATONAL",FNDR,RS,1062852.0,PERFIL,GOBIERNO REGIONAL - REGION DEL LIBERTADOR GENERAL BERNARDO O'HIGGINS,SEREMI TRANSPORTES REGION DEL LIBERTADOR GENERAL BERNARDO O'HIGGINS,1756740.0,Rengo (comunal),Comunal,-34.40518,-70.86324,2010s,PLADECO 2010-2018
30420427,REPOSICION CON RELOCALIZACIÓN 1° JUZGADO DE LETRAS DE RENGO,2018,PROYECTO,Justicia y Seguridad,ADMINISTRACION DE JUSTICIA,Sectorial,RS,114142.0,DISEÑO,CORPORACION ADMINISTRATIVA DEL PODER JUDICIAL,CORPORACION ADMINISTRATIVA DEL PODER JUDICIAL,538542.0,Rengo (comunal),Comunal,-34.40518,-70.86324,2010s,PLADECO 2010-2018
30480662,CONSTRUCCION SEDE COMUNITARIA JUNTA DE VECINOS LA ISLA,2018,PROYECTO,Multisectorial,ADMINISTRACION MULTISECTOR,FNDR,,94037.0,PERFIL,GOBIERNO REGIONAL - REGION DEL LIBERTADOR GENERAL BERNARDO O'HIGGINS,MUNICIPALIDAD DE RENGO,94037.0,Rengo (comunal),Comunal,-34.40518,-70.86324,2010s,PLADECO 2010-2018
30482670,"MEJORAMIENTO SISTEMA APR HUILQUIO CERRILLOS, RENGO",2018,PROYECTO,Recursos Hídricos,AGUA POTABLE,Sectorial,RS,280835.0,PERFIL,AGUA POTABLE RURAL,DIRECCION DE OBRAS HIDRAULICAS MOP REGION DEL LIBERTADOR GENERAL BERNARDO O'HIGG,280835.0,Rengo (comunal),Comunal,-34.40518,-70.86324,2010s,PLADECO 2010-2018
30485262,ADQUISICION DE DOS CAMIONES ALJIBES COMUNA DE RENGO,2018,PROYECTO,Recursos Hídricos,RIEGO,FNDR,,125426.0,PERFIL,GOBIERNO REGIONAL - REGION DEL LIBERTADOR GENERAL BERNARDO O'HIGGINS,MUNICIPALIDAD DE RENGO,125426.0,Rengo (comunal),Comunal,-34.40518,-70.86324,2010s,PLADECO 2010-2018
40002676,"MEJORAMIENTO Y AMPLIACIÓN SISTEMA APR LO DE LOBOS, RENGO",2018,PROYECTO,Recursos Hídricos,AGUA POTABLE,Sectorial,FI,1700536.0,PERFIL,AGUA POTABLE RURAL,DIRECCION DE OBRAS HIDRAULICAS MOP REGION DEL LIBERTADOR GENERAL BERNARDO O'HIGG,1700536.0,Lo De Lobo,Rural,-34.37523,-70.82941,2010s,PLADECO 2010-2018
40009613,"CONSERVACION INFRAESTRUCTURA DEL LICEO POLITÉCNICO TOMÁS MARIN DE POVEDA, RENGO",2018,PROYECTO,Educación y Cultura,EDUCACION MEDIA TECNICO,Sectorial,,234980.0,PERFIL,DIRECCION DE EDUCACION PUBLICA,MUNICIPALIDAD DE RENGO,234980.0,Rengo (comunal),Comunal,-34.40518,-70.86324,2010s,PLADECO 2010-2018
30088270,REPOSICION DE LA 4° COMISARIA RENGO COMO IMPLEMENTACION DEL PCSP,2019,PROYECTO,Seguridad Pública,SEGURIDAD PÃšBLICA,Sectorial,RS,2476491.0,EJECUCION,CARABINEROS DE CHILE,CARABINEROS DE CHILE,2611017.0,Rengo (comunal),Comunal,-34.40518,-70.86324,2010s,PLADECO 2019-2024
30091584,"MEJORAMIENTO AVDA ALONSO DE ERCILLA, COMUNA DE RENGO",2019,PROYECTO,Transporte y Vialidad,"TRANSPORTE URBANO,VIALIDAD PEATONAL",FNDR,RS,100001.0,DISEÑO,GOBIERNO REGIONAL - REGION DEL LIBERTADOR GENERAL BERNARDO O'HIGGINS,MUNICIPALIDAD DE RENGO,2919589.0,Rengo (comunal),Comunal,-34.40518,-70.86324,2010s,PLADECO 2019-2024
30096233,"CONSTRUCCION CASETAS SANITARIAS ESMERALDA PRIMERA ETAPA, RENGO",2019,PROYECTO,Recursos Hídricos,EVACUACION DISPOSICION FINAL AGUAS SERVIDAS,FNDR,OT,6694463.0,PERFIL,GOBIERNO REGIONAL - REGION DEL LIBERTADOR GENERAL BERNARDO O'HIGGINS,MUNICIPALIDAD DE RENGO,13956453.0,Esmeralda,Rural,-34.34281,-70.9049,2010s,PLADECO 2019-2024
30133823,CONSTRUCCION CENTRO SALUD FAMILIAR RENGO URBANO ORIENTE,2019,PROYECTO,Salud,BAJA COMPLEJIDAD,Sectorial,RS,15002.0,EJECUCION,MINISTERIO DE SALUD,MUNICIPALIDAD DE RENGO,6315398.0,Rengo Urbano,Urbano,-34.40518,-70.86324,2010s,PLADECO 2019-2024
30222322,CONSTRUCCION CICLOVIAS RUTAS H-65 Y H-579 COMUNA DE RENGO,2019,PROYECTO,Transporte y Vialidad,TRANSPORTE CAMINERO,Sectorial,RS,13690.0,PERFIL,DIRECCION DE VIALIDAD,VIALIDAD MOP REGION DEL LIBERTADOR GENERAL BERNARDO O'HIGGINS,850250.0,Rengo (comunal),Comunal,-34.40518,-70.86324,2010s,PLADECO 2019-2024
30365822,CONSTRUCCION PARQUE ORIENTE RENGO,2019,PROYECTO,Vivienda y Urbanismo,DESARROLLO URBANO,Sectorial,RS,208631.0,EJECUCION,SERVICIO VIVIENDA Y URBANIZACION REGION DEL LIBERTADOR GENERAL BERNARDO O'HIGGIN,SEREMI VIVIENDA REGION DEL LIBERTADOR GENERAL BERNARDO O'HIGGINS,3121580.0,Rengo (comunal),Comunal,-34.40518,-70.86324,2010s,PLADECO 2019-2024
30379279,CONSTRUCCION ESTABLECIMIENTO LARGA ESTADIA EN RENGO,2019,PROYECTO,Vivienda y Urbanismo,VIVIENDA DEFINITIVA,Sectorial,RS,193549.0,EJECUCION,SERVICIO NACIONAL DEL ADULTO MAYOR,SEREMI VIVIENDA REGION DEL LIBERTADOR GENERAL BERNARDO O'HIGGINS,4254577.0,Rengo (comunal),Comunal,-34.40518,-70.86324,2010s,PLADECO 2019-2024
30394975,REPOSICION ESCUELA DIFERENCIAL TERESA NARETTO DE NICOLETTI,2019,PROYECTO,Educación y Cultura,EDUCACION DIFERENCIAL Y ESPECIAL,FNDR,RS,187722.0,PERFIL,GOBIERNO REGIONAL - REGION DEL LIBERTADOR GENERAL BERNARDO O'HIGGINS,MUNICIPALIDAD DE RENGO,187722.0,Rengo (comunal),Comunal,-34.40518,-70.86324,2010s,PLADECO 2019-2024
30398487,"MEJORAMIENTO CAMINO BASICO INTERMEDIO RUTA H-65, POPETA - LAS NIEVES",2019,PROYECTO,Transporte y Vialidad,TRANSPORTE CAMINERO,Sectorial,RS,289797.0,EJECUCION,DIRECCION DE VIALIDAD,VIALIDAD MOP REGION DEL LIBERTADOR GENERAL BERNARDO O'HIGGINS,631847.0,Popeta,Rural,-34.42,-70.88,2010s,PLADECO 2019-2024
30402081,MEJORAMIENTO TEATRO MUNICIPAL COMUNA DE RENGO,2019,PROYECTO,Educación y Cultura,ARTE Y CULTURA,FNDR,RS,21750.0,DISEÑO,GOBIERNO REGIONAL - REGION DEL LIBERTADOR GENERAL BERNARDO O'HIGGINS,MUNICIPALIDAD DE RENGO,92778.0,Rengo (comunal),Comunal,-34.40518,-70.86324,2010s,PLADECO 2019-2024
30402081,MEJORAMIENTO TEATRO MUNICIPAL COMUNA DE RENGO,2019,PROYECTO,Educación y Cultura,ARTE Y CULTURA,FNDR,FI,2063907.0,DISEÑO,GOBIERNO REGIONAL - REGION DEL LIBERTADOR GENERAL BERNARDO O'HIGGINS,MUNICIPALIDAD DE RENGO,4455204.0,Rengo (comunal),Comunal,-34.40518,-70.86324,2010s,PLADECO 2019-2024
30409875,"CONSTRUCCION S. CUNA Y J. INFANTIL LA ESPERANZA, RENGO",2019,PROYECTO,Educación y Cultura,EDUCACION PREBASICA,Sectorial,RS,84379.0,EJECUCION,JUNTA NACIONAL DE JARDINES INFANTILES,JUNTA NACIONAL JARDINES INFANTILES REGION DEL LIBERTADOR GENERAL BERNARDO O'HIGG,1009283.0,Rengo (comunal),Comunal,-34.40518,-70.86324,2010s,PLADECO 2019-2024
30410426,"CONSTRUCCION S. CUNA Y J. INFANTIL SAN FRANCISCO, RENGO",2019,PROYECTO,Educación y Cultura,EDUCACION PREBASICA,Sectorial,RS,121708.0,EJECUCION,JUNTA NACIONAL DE JARDINES INFANTILES,JUNTA NACIONAL JARDINES INFANTILES REGION DEL LIBERTADOR GENERAL BERNARDO O'HIGG,1069175.0,Rengo (comunal),Comunal,-34.40518,-70.86324,2010s,PLADECO 2019-2024
30419226,MEJORAMIENTO GESTIÓN VIAL Y PEATONAL RENGO,2019,PROYECTO,Transporte y Vialidad,"TRANSPORTE URBANO,VIALIDAD PEATONAL",FNDR,RS,1703027.0,PERFIL,GOBIERNO REGIONAL - REGION DEL LIBERTADOR GENERAL BERNARDO O'HIGGINS,SEREMI TRANSPORTES REGION DEL LIBERTADOR GENERAL BERNARDO O'HIGGINS,1832833.0,Rengo (comunal),Comunal,-34.40518,-70.86324,2010s,PLADECO 2019-2024
30420427,REPOSICION CON RELOCALIZACIÓN 1° JUZGADO DE LETRAS DE RENGO,2019,PROYECTO,Justicia y Seguridad,ADMINISTRACION DE JUSTICIA,Sectorial,RS,58007.0,DISEÑO,CORPORACION ADMINISTRATIVA DEL PODER JUDICIAL,CORPORACION ADMINISTRATIVA DEL PODER JUDICIAL,538034.0,Rengo (comunal),Comunal,-34.40518,-70.86324,2010s,PLADECO 2019-2024
30480662,"CONSTRUCCION SEDE COMUNITARIA LA ISLA, COMUNA DE RENGO",2019,PROYECTO,Multisectorial,ADMINISTRACION MULTISECTOR,FNDR,,96705.0,PERFIL,GOBIERNO REGIONAL - REGION DEL LIBERTADOR GENERAL BERNARDO O'HIGGINS,MUNICIPALIDAD DE RENGO,96705.0,Rengo (comunal),Comunal,-34.40518,-70.86324,2010s,PLADECO 2019-2024
30482670,"MEJORAMIENTO SISTEMA APR HUILQUIO CERRILLOS, RENGO",2019,PROYECTO,Recursos Hídricos,AGUA POTABLE,Sectorial,RS,33743.0,PERFIL,AGUA POTABLE RURAL,DIRECCION DE OBRAS HIDRAULICAS MOP REGION DEL LIBERTADOR GENERAL BERNARDO O'HIGG,322448.0,Rengo (comunal),Comunal,-34.40518,-70.86324,2010s,PLADECO 2019-2024
30485246,"CONSTRUCCION FACULTAD DE INGENIERÍA UNIVERSIDAD REGIONAL DE O'HIGGINS, CAMPUS RENGO",2019,PROYECTO,Educación y Cultura,EDUCACION SUPERIOR,FNDR,RS,114345.0,PERFIL,GOBIERNO REGIONAL - REGION DEL LIBERTADOR GENERAL BERNARDO O'HIGGINS,MUNICIPALIDAD DE RENGO,700709.0,Rengo (comunal),Comunal,-34.40518,-70.86324,2010s,PLADECO 2019-2024
30485260,CONSTRUCCION CENTRO MULTIMEDIA DE LAS ARTES Y LA CULTURA RENGO,2019,PROYECTO,Educación y Cultura,ARTE Y CULTURA,FNDR,FI,1073718.0,PERFIL,GOBIERNO REGIONAL - REGION DEL LIBERTADOR GENERAL BERNARDO O'HIGGINS,MUNICIPALIDAD DE RENGO,3043324.0,Rengo (comunal),Comunal,-34.40518,-70.86324,2010s,PLADECO 2019-2024
30485262,ADQUISICION DE DOS CAMIONES ALJIBES COMUNA DE RENGO,2019,PROYECTO,Recursos Hídricos,RIEGO,FNDR,,129187.0,PERFIL,GOBIERNO REGIONAL - REGION DEL LIBERTADOR GENERAL BERNARDO O'HIGGINS,MUNICIPALIDAD DE RENGO,129187.0,Rengo (comunal),Comunal,-34.40518,-70.86324,2010s,PLADECO 2019-2024
30485264,ADQUISICION DOS CAMIONES CON POLIBRAZO Y MÓDULO COMUNA DE RENGO,2019,PROYECTO,Multisectorial,ORGANIZACION Y SERVICIOS COMUNALES,FNDR,,122518159.0,PERFIL,GOBIERNO REGIONAL - REGION DEL LIBERTADOR GENERAL BERNARDO O'HIGGINS,MUNICIPALIDAD DE RENGO,122518159.0,Rengo (comunal),Comunal,-34.40518,-70.86324,2010s,PLADECO 2019-2024
40002676,"MEJORAMIENTO Y AMPLIACIÓN SISTEMA APR LO DE LOBOS, RENGO",2019,PROYECTO,Recursos Hídricos,AGUA POTABLE,Sectorial,RS,2047258.0,PERFIL,AGUA POTABLE RURAL,DIRECCION DE OBRAS HIDRAULICAS MOP REGION DEL LIBERTADOR GENERAL BERNARDO O'HIGG,2047258.0,Lo De Lobo,Rural,-34.37523,-70.82941,2010s,PLADECO 2019-2024
40004686,CONSTRUCCION ESTACIÓN INTEGRAL DE RESIDUOS SÓLIDOS COMUNA DE RENGO,2019,PROYECTO,Medioambiente,MEDIO AMBIENTE,FNDR,FI,251885.0,PERFIL,GOBIERNO REGIONAL - REGION DEL LIBERTADOR GENERAL BERNARDO O'HIGGINS,MUNICIPALIDAD DE RENGO,251885.0,Rengo (comunal),Comunal,-34.40518,-70.86324,2010s,PLADECO 2019-2024
40005272,REPOSICION Y ADQUISICIÓN DE AMBULANCIAS PARA SERVICIOS DE SALUD DE LA COMUNA DE RENGO,2019,PROYECTO,Salud,BAJA COMPLEJIDAD,FNDR,,167872.0,PERFIL,GOBIERNO REGIONAL - REGION DEL LIBERTADOR GENERAL BERNARDO O'HIGGINS,MUNICIPALIDAD DE RENGO,167872.0,Rengo (comunal),Comunal,-34.40518,-70.86324,2010s,PLADECO 2019-2024
40009604,"MEJORAMIENTO SISTEMA APR LA CHIMBA, RENGO",2019,PROYECTO,Recursos Hídricos,AGUA POTABLE,Sectorial,RS,856239.0,PERFIL,AGUA POTABLE RURAL,DIRECCION DE OBRAS HIDRAULICAS MOP REGION DEL LIBERTADOR GENERAL BERNARDO O'HIGG,856239.0,La Chimba,Rural,-34.40804,-70.81718,2010s,PLADECO 2019-2024
40010303,"CONSERVACION DE RIBERAS, RÍO CLARO, COMUNA DE RENGO.",2019,PROYECTO,Recursos Hídricos,"DEFENSAS FLUVIALES,MARITIMAS Y CAUCES NATURALES",FNDR,,22777.0,EJECUCION,GOBIERNO REGIONAL - REGION DEL LIBERTADOR GENERAL BERNARDO O'HIGGINS,DIRECCION DE OBRAS HIDRAULICAS MOP REGION DEL LIBERTADOR GENERAL BERNARDO O'HIGG,22777.0,Rengo (comunal),Comunal,-34.40518,-70.86324,2010s,PLADECO 2019-2024
40014536,ADQUISICION DE UN CAMIÓN PARA RECOLECCIÓN,2019,PROYECTO,Medioambiente,MEDIO AMBIENTE,FNDR,,38793.0,PERFIL,GOBIERNO REGIONAL - REGION DEL LIBERTADOR GENERAL BERNARDO O'HIGGINS,MUNICIPALIDAD DE RENGO,38793.0,Rengo (comunal),Comunal,-34.40518,-70.86324,2010s,PLADECO 2019-2024
40017742,"CONSERVACION CESFAM ROSARIO, COMUNA RENGO",2019,PROYECTO,Salud,BAJA COMPLEJIDAD,Sectorial,,25858.0,PERFIL,MINISTERIO DE SALUD,SERVICIO SALUD OHIGGINS,25858.0,Rosario,Rural,-34.34788,-70.84245,2010s,PLADECO 2019-2024
40017743,"CONSERVACION POSTA CERRILLOS, COMUNA DE RENGO",2019,PROYECTO,Salud,BAJA COMPLEJIDAD,Sectorial,,22207.0,PERFIL,MINISTERIO DE SALUD,SERVICIO SALUD OHIGGINS,22207.0,Rengo (comunal),Comunal,-34.40518,-70.86324,2010s,PLADECO 2019-2024
40017744,"CONSERVACION POSTA LA ESMERALDA, COMUNA DE RENGO",2019,PROYECTO,Salud,BAJA COMPLEJIDAD,Sectorial,,19029.0,PERFIL,MINISTERIO DE SALUD,SERVICIO SALUD OHIGGINS,19029.0,Esmeralda,Rural,-34.34281,-70.9049,2010s,PLADECO 2019-2024
40017745,"CONSERVACION POSTA LO CARTAGENA, COMUNA DE RENGO",2019,PROYECTO,Salud,BAJA COMPLEJIDAD,Sectorial,,17602.0,PERFIL,MINISTERIO DE SALUD,SERVICIO SALUD OHIGGINS,17602.0,Lo Cartagena,Rural,-34.39026,-70.8737,2010s,PLADECO 2019-2024
40017746,"CONSERVACION POSTA LO DE LOBOS , COMUNA DE RENGO",2019,PROYECTO,Salud,BAJA COMPLEJIDAD,Sectorial,,17602.0,PERFIL,MINISTERIO DE SALUD,SERVICIO SALUD OHIGGINS,17602.0,Lo De Lobo,Rural,-34.37523,-70.82941,2010s,PLADECO 2019-2024
40017747,"CONSERVACION POSTA POPETA, COMUNA DE RENGO",2019,PROYECTO,Salud,BAJA COMPLEJIDAD,Sectorial,,17602.0,PERFIL,MINISTERIO DE SALUD,SERVICIO SALUD OHIGGINS,17602.0,Popeta,Rural,-34.42,-70.88,2010s,PLADECO 2019-2024
30088270,REPOSICION DE LA 4° COMISARIA RENGO COMO IMPLEMENTACION DEL PCSP,2020,PROYECTO,Seguridad Pública,SEGURIDAD PÃšBLICA,Sectorial,RS,170066.0,EJECUCION,CARABINEROS DE CHILE,CARABINEROS DE CHILE,2623772.0,Rengo (comunal),Comunal,-34.40518,-70.86324,2020s,PLADECO 2019-2024
30091584,"MEJORAMIENTO AVDA ALONSO DE ERCILLA, COMUNA DE RENGO",2020,PROYECTO,Transporte y Vialidad,"TRANSPORTE URBANO,VIALIDAD PEATONAL",FNDR,RS,102601.0,DISEÑO,GOBIERNO REGIONAL - REGION DEL LIBERTADOR GENERAL BERNARDO O'HIGGINS,MUNICIPALIDAD DE RENGO,2995491.0,Rengo (comunal),Comunal,-34.40518,-70.86324,2020s,PLADECO 2019-2024
30096233,"CONSTRUCCION CASETAS SANITARIAS ESMERALDA PRIMERA ETAPA, RENGO",2020,PROYECTO,Recursos Hídricos,EVACUACION DISPOSICION FINAL AGUAS SERVIDAS,FNDR,OT,415324.0,PERFIL,GOBIERNO REGIONAL - REGION DEL LIBERTADOR GENERAL BERNARDO O'HIGGINS,MUNICIPALIDAD DE RENGO,16520333.0,Esmeralda,Rural,-34.34281,-70.9049,2020s,PLADECO 2019-2024
30222322,CONSTRUCCION CICLOVIAS RUTAS H-65 Y H-579 COMUNA DE RENGO,2020,PROYECTO,Transporte y Vialidad,TRANSPORTE CAMINERO,Sectorial,RS,642331.0,EJECUCION,DIRECCION DE VIALIDAD,VIALIDAD MOP REGION DEL LIBERTADOR GENERAL BERNARDO O'HIGGINS,864174.0,Rengo (comunal),Comunal,-34.40518,-70.86324,2020s,PLADECO 2019-2024
30272625,MEJORAMIENTO BORDES PLAZA DE ARMAS DE RENGO,2020,PROYECTO,Vivienda y Urbanismo,DESARROLLO URBANO,FNDR,FI,152328.0,PERFIL,GOBIERNO REGIONAL - REGION DEL LIBERTADOR GENERAL BERNARDO O'HIGGINS,MUNICIPALIDAD DE RENGO,779842.0,Rengo (comunal),Comunal,-34.40518,-70.86324,2020s,PLADECO 2019-2024
30379279,CONSTRUCCION ESTABLECIMIENTO LARGA ESTADIA EN RENGO,2020,PROYECTO,Vivienda y Urbanismo,VIVIENDA DEFINITIVA,Sectorial,RS,56563.0,EJECUCION,SERVICIO NACIONAL DEL ADULTO MAYOR,SEREMI VIVIENDA REGION DEL LIBERTADOR GENERAL BERNARDO O'HIGGINS,4365187.0,Rengo (comunal),Comunal,-34.40518,-70.86324,2020s,PLADECO 2019-2024
30394975,REPOSICION ESCUELA DIFERENCIAL TERESA NARETTO DE NICOLETTI,2020,PROYECTO,Educación y Cultura,EDUCACION DIFERENCIAL Y ESPECIAL,FNDR,RS,126897.0,PERFIL,GOBIERNO REGIONAL - REGION DEL LIBERTADOR GENERAL BERNARDO O'HIGGINS,MUNICIPALIDAD DE RENGO,192603.0,Rengo (comunal),Comunal,-34.40518,-70.86324,2020s,PLADECO 2019-2024
30398487,"MEJORAMIENTO CAMINO BASICO INTERMEDIO RUTA H-65, POPETA - LAS NIEVES",2020,PROYECTO,Transporte y Vialidad,TRANSPORTE CAMINERO,Sectorial,RS,7183.0,EJECUCION,DIRECCION DE VIALIDAD,VIALIDAD MOP REGION DEL LIBERTADOR GENERAL BERNARDO O'HIGGINS,629457.0,Popeta,Rural,-34.42,-70.88,2020s,PLADECO 2019-2024
30402081,MEJORAMIENTO TEATRO MUNICIPAL COMUNA DE RENGO,2020,PROYECTO,Educación y Cultura,ARTE Y CULTURA,FNDR,FI,2117563.0,DISEÑO,GOBIERNO REGIONAL - REGION DEL LIBERTADOR GENERAL BERNARDO O'HIGGINS,MUNICIPALIDAD DE RENGO,4571027.0,Rengo (comunal),Comunal,-34.40518,-70.86324,2020s,PLADECO 2019-2024
30409875,"CONSTRUCCION S. CUNA Y J. INFANTIL LA ESPERANZA, RENGO",2020,PROYECTO,Educación y Cultura,EDUCACION PREBASICA,Sectorial,RS,155336.0,EJECUCION,JUNTA NACIONAL DE JARDINES INFANTILES,JUNTA NACIONAL JARDINES INFANTILES REGION DEL LIBERTADOR GENERAL BERNARDO O'HIGG,1035526.0,Rengo (comunal),Comunal,-34.40518,-70.86324,2020s,PLADECO 2019-2024
30410426,"CONSTRUCCION S. CUNA Y J. INFANTIL SAN FRANCISCO, RENGO",2020,PROYECTO,Educación y Cultura,EDUCACION PREBASICA,Sectorial,RS,124867.0,EJECUCION,JUNTA NACIONAL DE JARDINES INFANTILES,JUNTA NACIONAL JARDINES INFANTILES REGION DEL LIBERTADOR GENERAL BERNARDO O'HIGG,1096966.0,Rengo (comunal),Comunal,-34.40518,-70.86324,2020s,PLADECO 2019-2024
30419226,MEJORAMIENTO GESTIÓN VIAL Y PEATONAL RENGO,2020,PROYECTO,Transporte y Vialidad,"TRANSPORTE URBANO,VIALIDAD PEATONAL",FNDR,RS,672021.0,PERFIL,GOBIERNO REGIONAL - REGION DEL LIBERTADOR GENERAL BERNARDO O'HIGGINS,SEREMI TRANSPORTES REGION DEL LIBERTADOR GENERAL BERNARDO O'HIGGINS,1880483.0,Rengo (comunal),Comunal,-34.40518,-70.86324,2020s,PLADECO 2019-2024
30420427,REPOSICION CON RELOCALIZACIÓN 1° JUZGADO DE LETRAS DE RENGO,2020,PROYECTO,Justicia y Seguridad,ADMINISTRACION DE JUSTICIA,Sectorial,RS,49585.0,DISEÑO,CORPORACION ADMINISTRATIVA DEL PODER JUDICIAL,CORPORACION ADMINISTRATIVA DEL PODER JUDICIAL,527925.0,Rengo (comunal),Comunal,-34.40518,-70.86324,2020s,PLADECO 2019-2024
30480662,"CONSTRUCCION SEDE COMUNITARIA LA ISLA, COMUNA DE RENGO",2020,PROYECTO,Multisectorial,ADMINISTRACION MULTISECTOR,FNDR,,99345.0,PERFIL,GOBIERNO REGIONAL - REGION DEL LIBERTADOR GENERAL BERNARDO O'HIGGINS,MUNICIPALIDAD DE RENGO,99345.0,Rengo (comunal),Comunal,-34.40518,-70.86324,2020s,PLADECO 2019-2024
30482670,"MEJORAMIENTO SISTEMA APR HUILQUIO CERRILLOS, RENGO",2020,PROYECTO,Recursos Hídricos,AGUA POTABLE,Sectorial,RS,330831.0,EJECUCION,AGUA POTABLE RURAL,DIRECCION DE OBRAS HIDRAULICAS MOP REGION DEL LIBERTADOR GENERAL BERNARDO O'HIGG,330831.0,Rengo (comunal),Comunal,-34.40518,-70.86324,2020s,PLADECO 2019-2024
30485246,"CONSTRUCCION FACULTAD DE INGENIERÍA UNIVERSIDAD REGIONAL DE O'HIGGINS, CAMPUS RENGO",2020,PROYECTO,Educación y Cultura,EDUCACION SUPERIOR,FNDR,RS,19083.0,PERFIL,GOBIERNO REGIONAL - REGION DEL LIBERTADOR GENERAL BERNARDO O'HIGGINS,MUNICIPALIDAD DE RENGO,718925.0,Rengo (comunal),Comunal,-34.40518,-70.86324,2020s,PLADECO 2019-2024
30485260,CONSTRUCCION CENTRO MULTIMEDIA DE LAS ARTES Y LA CULTURA RENGO,2020,PROYECTO,Educación y Cultura,ARTE Y CULTURA,FNDR,FI,1101632.0,PERFIL,GOBIERNO REGIONAL - REGION DEL LIBERTADOR GENERAL BERNARDO O'HIGGINS,MUNICIPALIDAD DE RENGO,3122442.0,Rengo (comunal),Comunal,-34.40518,-70.86324,2020s,PLADECO 2019-2024
30485264,ADQUISICION DOS CAMIONES CON POLIBRAZO Y MÓDULO COMUNA DE RENGO,2020,PROYECTO,Multisectorial,ORGANIZACION Y SERVICIOS COMUNALES,FNDR,,125703288.0,PERFIL,GOBIERNO REGIONAL - REGION DEL LIBERTADOR GENERAL BERNARDO O'HIGGINS,MUNICIPALIDAD DE RENGO,125703288.0,Rengo (comunal),Comunal,-34.40518,-70.86324,2020s,PLADECO 2019-2024
40002676,"MEJORAMIENTO Y AMPLIACIÓN SISTEMA APR LO DE LOBOS, RENGO",2020,PROYECTO,Recursos Hídricos,AGUA POTABLE,Sectorial,RS,10001.0,PERFIL,AGUA POTABLE RURAL,DIRECCION DE OBRAS HIDRAULICAS MOP REGION DEL LIBERTADOR GENERAL BERNARDO O'HIGG,2100481.0,Lo De Lobo,Rural,-34.37523,-70.82941,2020s,PLADECO 2019-2024
40005272,REPOSICION Y ADQUISICIÓN DE AMBULANCIAS PARA SERVICIOS DE SALUD DE LA COMUNA DE RENGO,2020,PROYECTO,Salud,BAJA COMPLEJIDAD,FNDR,,172235.0,PERFIL,GOBIERNO REGIONAL - REGION DEL LIBERTADOR GENERAL BERNARDO O'HIGGINS,MUNICIPALIDAD DE RENGO,172235.0,Rengo (comunal),Comunal,-34.40518,-70.86324,2020s,PLADECO 2019-2024
40009604,"MEJORAMIENTO SISTEMA APR LA CHIMBA, RENGO",2020,PROYECTO,Recursos Hídricos,AGUA POTABLE,Sectorial,RS,57250.0,PERFIL,AGUA POTABLE RURAL,DIRECCION DE OBRAS HIDRAULICAS MOP REGION DEL LIBERTADOR GENERAL BERNARDO O'HIGG,878501.0,La Chimba,Rural,-34.40804,-70.81718,2020s,PLADECO 2019-2024
40014536,ADQUISICION DE UN CAMIÓN PARA RECOLECCIÓN,2020,PROYECTO,Medioambiente,MEDIO AMBIENTE,FNDR,,39802.0,PERFIL,GOBIERNO REGIONAL - REGION DEL LIBERTADOR GENERAL BERNARDO O'HIGGINS,MUNICIPALIDAD DE RENGO,39802.0,Rengo (comunal),Comunal,-34.40518,-70.86324,2020s,PLADECO 2019-2024
40017742,"CONSERVACION CESFAM ROSARIO, COMUNA RENGO",2020,PROYECTO,Salud,BAJA COMPLEJIDAD,Sectorial,,20000.0,PERFIL,MINISTERIO DE SALUD,SERVICIO SALUD OHIGGINS,20000.0,Rosario,Rural,-34.34788,-70.84245,2020s,PLADECO 2019-2024
40017743,"CONSERVACION POSTA CERRILLOS, COMUNA DE RENGO",2020,PROYECTO,Salud,BAJA COMPLEJIDAD,Sectorial,,20000.0,PERFIL,MINISTERIO DE SALUD,SERVICIO SALUD OHIGGINS,20000.0,Rengo (comunal),Comunal,-34.40518,-70.86324,2020s,PLADECO 2019-2024
40017744,"CONSERVACION POSTA LA ESMERALDA, COMUNA DE RENGO",2020,PROYECTO,Salud,BAJA COMPLEJIDAD,Sectorial,,20000.0,PERFIL,MINISTERIO DE SALUD,SERVICIO SALUD OHIGGINS,20000.0,Esmeralda,Rural,-34.34281,-70.9049,2020s,PLADECO 2019-2024
40017745,"CONSERVACION POSTA LO CARTAGENA, COMUNA DE RENGO",2020,PROYECTO,Salud,BAJA COMPLEJIDAD,Sectorial,,20000.0,PERFIL,MINISTERIO DE SALUD,SERVICIO SALUD OHIGGINS,20000.0,Lo Cartagena,Rural,-34.39026,-70.8737,2020s,PLADECO 2019-2024
40017746,"CONSERVACION POSTA LO DE LOBOS , COMUNA DE RENGO",2020,PROYECTO,Salud,BAJA COMPLEJIDAD,Sectorial,,20000.0,PERFIL,MINISTERIO DE SALUD,SERVICIO SALUD OHIGGINS,20000.0,Lo De Lobo,Rural,-34.37523,-70.82941,2020s,PLADECO 2019-2024
40017747,"CONSERVACION POSTA POPETA, COMUNA DE RENGO",2020,PROYECTO,Salud,BAJA COMPLEJIDAD,Sectorial,,20000.0,PERFIL,MINISTERIO DE SALUD,SERVICIO SALUD OHIGGINS,20000.0,Popeta,Rural,-34.42,-70.88,2020s,PLADECO 2019-2024
40020645,CONSERVACION ESTABLECIMIENTOS DE SALUD PRIMARIA COMUNA DE RENGO,2020,PROYECTO,Salud,BAJA COMPLEJIDAD,Sectorial,,120000.0,EJECUCION,MINISTERIO DE SALUD,SERVICIO SALUD OHIGGINS,120000.0,Rengo (comunal),Comunal,-34.40518,-70.86324,2020s,PLADECO 2019-2024
30091584,"MEJORAMIENTO AVDA ALONSO DE ERCILLA, COMUNA DE RENGO",2021,PROYECTO,Transporte y Vialidad,"TRANSPORTE URBANO,VIALIDAD PEATONAL",FNDR,RS,104909.0,DISEÑO,GOBIERNO REGIONAL - REGION DEL LIBERTADOR GENERAL BERNARDO O'HIGGINS,MUNICIPALIDAD DE RENGO,3062891.0,Rengo (comunal),Comunal,-34.40518,-70.86324,2020s,PLADECO 2019-2024
30096233,"CONSTRUCCION CASETAS SANITARIAS ESMERALDA PRIMERA ETAPA, RENGO",2021,PROYECTO,Recursos Hídricos,EVACUACION DISPOSICION FINAL AGUAS SERVIDAS,FNDR,OT,424667.0,PERFIL,GOBIERNO REGIONAL - REGION DEL LIBERTADOR GENERAL BERNARDO O'HIGGINS,MUNICIPALIDAD DE RENGO,16892034.0,Esmeralda,Rural,-34.34281,-70.9049,2020s,PLADECO 2019-2024
30222322,CONSTRUCCION CICLOVIAS RUTAS H-65 Y H-579 COMUNA DE RENGO,2021,PROYECTO,Transporte y Vialidad,TRANSPORTE CAMINERO,Sectorial,RS,765244.0,EJECUCION,DIRECCION DE VIALIDAD MOP,VIALIDAD MOP REGION DEL LIBERTADOR GENERAL BERNARDO O'HIGGINS,1012548.0,Rengo (comunal),Comunal,-34.40518,-70.86324,2020s,PLADECO 2019-2024
30394975,"REPOSICION ESCUELA DIFERENCIAL TERESA NARETTO DE NICOLETTI, COMUNA DE RENGO",2021,PROYECTO,Educación y Cultura,EDUCACION DIFERENCIAL Y ESPECIAL,Sectorial,RS,129752.0,PERFIL,DIRECCION DE EDUCACION PUBLICA,MUNICIPALIDAD DE RENGO,196936.0,Rengo (comunal),Comunal,-34.40518,-70.86324,2020s,PLADECO 2019-2024
30398487,"MEJORAMIENTO CAMINO BASICO INTERMEDIO RUTA H-65, POPETA - LAS NIEVES",2021,PROYECTO,Transporte y Vialidad,TRANSPORTE CAMINERO,Sectorial,RS,14754.0,EJECUCION,DIRECCION DE VIALIDAD MOP,VIALIDAD MOP REGION DEL LIBERTADOR GENERAL BERNARDO O'HIGGINS,651029.0,Popeta,Rural,-34.42,-70.88,2020s,PLADECO 2019-2024
30398535,"REPOSICION PARCIAL LICEO LUIS URBINA FLORES, RENGO",2021,PROYECTO,Educación y Cultura,EDUCACION MEDIA TECNICO,FNDR,OT,58812.0,PERFIL,GOBIERNO REGIONAL - REGION DEL LIBERTADOR GENERAL BERNARDO O'HIGGINS,MUNICIPALIDAD DE RENGO,215247.0,Rengo (comunal),Comunal,-34.40518,-70.86324,2020s,PLADECO 2019-2024
30402081,MEJORAMIENTO TEATRO MUNICIPAL COMUNA DE RENGO,2021,PROYECTO,Educación y Cultura,ARTE Y CULTURA,FNDR,FI,2165208.0,DISEÑO,GOBIERNO REGIONAL - REGION DEL LIBERTADOR GENERAL BERNARDO O'HIGGINS,MUNICIPALIDAD DE RENGO,4673876.0,Rengo (comunal),Comunal,-34.40518,-70.86324,2020s,PLADECO 2019-2024
30409875,"CONSTRUCCION S. CUNA Y J. INFANTIL LA ESPERANZA, RENGO",2021,PROYECTO,Educación y Cultura,EDUCACION PREBASICA,Sectorial,RS,145010.0,EJECUCION,JUNTA NACIONAL DE JARDINES INFANTILES,JUNTA NACIONAL JARDINES INFANTILES REGION DEL LIBERTADOR GENERAL BERNARDO O'HIGG,1058828.0,Rengo (comunal),Comunal,-34.40518,-70.86324,2020s,PLADECO 2019-2024
30419226,MEJORAMIENTO GESTIÓN VIAL Y PEATONAL RENGO,2021,PROYECTO,Transporte y Vialidad,"TRANSPORTE URBANO,VIALIDAD PEATONAL",FNDR,RS,622924.0,PERFIL,GOBIERNO REGIONAL - REGION DEL LIBERTADOR GENERAL BERNARDO O'HIGGINS,SEREMI TRANSPORTES REGION DEL LIBERTADOR GENERAL BERNARDO O'HIGGINS,1901899.0,Rengo (comunal),Comunal,-34.40518,-70.86324,2020s,PLADECO 2019-2024
30420427,REPOSICION CON RELOCALIZACIÓN 1° JUZGADO DE LETRAS DE RENGO,2021,PROYECTO,Justicia y Seguridad,ADMINISTRACION DE JUSTICIA,Sectorial,RS,82909.0,DISEÑO,CORPORACION ADMINISTRATIVA DEL PODER JUDICIAL,CORPORACION ADMINISTRATIVA DEL PODER JUDICIAL,572012.0,Rengo (comunal),Comunal,-34.40518,-70.86324,2020s,PLADECO 2019-2024
30480662,"CONSTRUCCION SEDE COMUNITARIA LA ISLA, COMUNA DE RENGO",2021,PROYECTO,Multisectorial,ADMINISTRACION MULTISECTOR,FNDR,,101955.0,PERFIL,GOBIERNO REGIONAL - REGION DEL LIBERTADOR GENERAL BERNARDO O'HIGGINS,MUNICIPALIDAD DE RENGO,101955.0,Rengo (comunal),Comunal,-34.40518,-70.86324,2020s,PLADECO 2019-2024
30482670,"MEJORAMIENTO SISTEMA APR HUILQUIO CERRILLOS, RENGO",2021,PROYECTO,Recursos Hídricos,AGUA POTABLE,Sectorial,RS,48770.0,EJECUCION,AGUA POTABLE RURAL MOP,DIRECCION DE OBRAS HIDRAULICAS MOP REGION DEL LIBERTADOR GENERAL BERNARDO O'HIGG,330465.0,Rengo (comunal),Comunal,-34.40518,-70.86324,2020s,PLADECO 2019-2024
30485246,"CONSTRUCCION FACULTAD DE INGENIERÍA UNIVERSIDAD REGIONAL DE O'HIGGINS, CAMPUS RENGO",2021,PROYECTO,Educación y Cultura,EDUCACION SUPERIOR,FNDR,RS,326261.0,DISEÑO,GOBIERNO REGIONAL - REGION DEL LIBERTADOR GENERAL BERNARDO O'HIGGINS,MUNICIPALIDAD DE RENGO,735100.0,Rengo (comunal),Comunal,-34.40518,-70.86324,2020s,PLADECO 2019-2024
30485264,ADQUISICION CAMION CON POLIBRAZO Y MÓDULO COMUNA DE RENGO,2021,PROYECTO,Multisectorial,ORGANIZACION Y SERVICIOS COMUNALES,FNDR,,128532.0,PERFIL,GOBIERNO REGIONAL - REGION DEL LIBERTADOR GENERAL BERNARDO O'HIGGINS,MUNICIPALIDAD DE RENGO,128532.0,Rengo (comunal),Comunal,-34.40518,-70.86324,2020s,PLADECO 2019-2024
40002676,"MEJORAMIENTO Y AMPLIACIÓN SISTEMA APR LO DE LOBOS, RENGO",2021,PROYECTO,Recursos Hídricos,AGUA POTABLE,Sectorial,RS,1045000.0,EJECUCION,AGUA POTABLE RURAL MOP,DIRECCION DE OBRAS HIDRAULICAS MOP REGION DEL LIBERTADOR GENERAL BERNARDO O'HIGG,2147741.0,Lo De Lobo,Rural,-34.37523,-70.82941,2020s,PLADECO 2019-2024
40004686,CONSTRUCCION ESTACIÓN INTEGRAL DE RESIDUOS SÓLIDOS COMUNA DE RENGO,2021,PROYECTO,Medioambiente,MEDIO AMBIENTE,FNDR,FI,264248.0,PERFIL,GOBIERNO REGIONAL - REGION DEL LIBERTADOR GENERAL BERNARDO O'HIGGINS,MUNICIPALIDAD DE RENGO,264248.0,Rengo (comunal),Comunal,-34.40518,-70.86324,2020s,PLADECO 2019-2024
40005272,REPOSICION Y ADQUISICIÓN DE AMBULANCIAS PARA SERVICIOS DE SALUD DE LA COMUNA DE RENGO,2021,PROYECTO,Salud,BAJA COMPLEJIDAD,FNDR,,176111.0,PERFIL,GOBIERNO REGIONAL - REGION DEL LIBERTADOR GENERAL BERNARDO O'HIGGINS,MUNICIPALIDAD DE RENGO,176111.0,Rengo (comunal),Comunal,-34.40518,-70.86324,2020s,PLADECO 2019-2024
40009604,"MEJORAMIENTO SISTEMA APR LA CHIMBA, RENGO",2021,PROYECTO,Recursos Hídricos,AGUA POTABLE,Sectorial,RS,130124.0,EJECUCION,AGUA POTABLE RURAL MOP,DIRECCION DE OBRAS HIDRAULICAS MOP REGION DEL LIBERTADOR GENERAL BERNARDO O'HIGG,1071667.0,La Chimba,Rural,-34.40804,-70.81718,2020s,PLADECO 2019-2024
40023631,CONSTRUCCION CICOVIAS EJE GENERAL MANUEL BAQUEDANO - CALLE HUNGRIA COMUNA DE RENGO,2021,PROYECTO,Transporte y Vialidad,"TRANSPORTE URBANO,VIALIDAD PEATONAL",Sectorial,FI,765.0,PERFIL,SERVICIO VIVIENDA Y URBANIZACION REGION DEL LIBERTADOR GENERAL BERNARDO O'HIGGIN,SEREMI VIVIENDA REGION DEL LIBERTADOR GENERAL BERNARDO O'HIGGINS,1565.0,Rengo (comunal),Comunal,-34.40518,-70.86324,2020s,PLADECO 2019-2024
40023881,ACTUALIZACION PLAN REGULADOR COMUNAL DE RENGO,2021,ESTUDIO BASICO,Vivienda y Urbanismo,DESARROLLO URBANO,FNDR,FI,103784.0,PERFIL,GOBIERNO REGIONAL - REGION DEL LIBERTADOR GENERAL BERNARDO O'HIGGINS,MUNICIPALIDAD DE RENGO,257159.0,Rengo (comunal),Comunal,-34.40518,-70.86324,2020s,PLADECO 2019-2024
40027197,ANALISIS ANALISIS PLAN DE CONECTIVIDAD COMUNA DE RENGO,2021,ESTUDIO BASICO,Transporte y Vialidad,"TRANSPORTE URBANO,VIALIDAD PEATONAL",Sectorial,FI,49080.0,PERFIL,SECTRA,SECTRA,245400.0,Rengo (comunal),Comunal,-34.40518,-70.86324,2020s,PLADECO 2019-2024
40029912,"REPOSICION JARDÍN INFANTIL PADRE HURTADO, COMUNA DE RENGO",2021,PROYECTO,Educación y Cultura,EDUCACION PREBASICA,Sectorial,FI,99420.0,PERFIL,JUNTA NACIONAL DE JARDINES INFANTILES,MUNICIPALIDAD DE RENGO,596520.0,Rengo (comunal),Comunal,-34.40518,-70.86324,2020s,PLADECO 2019-2024
40030832,"CONSERVACION INFRAESTRUCTURA APS RENGO, CESFAM RIENZI VALENCIA",2021,PROYECTO,Salud,ADMINISTRACION SALUD,Sectorial,,119847.0,PERFIL,MINISTERIO DE SALUD,MUNICIPALIDAD DE RENGO,119847.0,Rengo (comunal),Comunal,-34.40518,-70.86324,2020s,PLADECO 2019-2024
40031561,"CONSTRUCCION COLECTORES DE AGUAS LLUVIAS PRIMARIOS RENGO CENTRO SUR, COMUNA RENGO",2021,PROYECTO,Recursos Hídricos,AGUAS LLUVIAS,Sectorial,RS,504350.0,PERFIL,DIRECCION DE OBRAS HIDRAULICAS MOP,DIRECCION DE OBRAS HIDRAULICAS MOP REGION DEL LIBERTADOR GENERAL BERNARDO O'HIGG,22970352.0,Rengo (comunal),Comunal,-34.40518,-70.86324,2020s,PLADECO 2019-2024
40033376,"REPOSICION SALA CUNA Y JARDIN INFANTIL LOS NARANJITOS, COMUNA DE RENGO",2021,PROYECTO,Educación y Cultura,EDUCACION PREBASICA,Sectorial,FI,600978.0,PERFIL,JUNTA NACIONAL DE JARDINES INFANTILES,MUNICIPALIDAD DE RENGO,901467.0,Rengo (comunal),Comunal,-34.40518,-70.86324,2020s,PLADECO 2019-2024
40035101,"CONSERVACION ESCUELA REPÚBLICA DE ALEMANIA, RENGO",2021,PROYECTO,Educación y Cultura,EDUCACION BASICA Y MEDIA,Sectorial,,149815.0,PERFIL,DIRECCION DE EDUCACION PUBLICA,MUNICIPALIDAD DE RENGO,299629.0,Rengo (comunal),Comunal,-34.40518,-70.86324,2020s,PLADECO 2019-2024
30091584,"MEJORAMIENTO AVDA ALONSO DE ERCILLA, COMUNA DE RENGO",2022,PROYECTO,Transporte y Vialidad,"TRANSPORTE URBANO,VIALIDAD PEATONAL",FNDR,FI,1253286.0,DISEÑO,GOBIERNO REGIONAL - REGION DEL LIBERTADOR GENERAL BERNARDO O'HIGGINS,MUNICIPALIDAD DE RENGO,3197665.0,Rengo (comunal),Comunal,-34.40518,-70.86324,2020s,PLADECO 2019-2024
30222322,CONSTRUCCION CICLOVIAS RUTAS H-65 Y H-579 COMUNA DE RENGO,2022,PROYECTO,Transporte y Vialidad,TRANSPORTE CAMINERO,Sectorial,RS,36846.0,EJECUCION,DIRECCION DE VIALIDAD MOP,VIALIDAD MOP REGION DEL LIBERTADOR GENERAL BERNARDO O'HIGGINS,1064058.0,Rengo (comunal),Comunal,-34.40518,-70.86324,2020s,PLADECO 2019-2024
30394975,"REPOSICION ESCUELA DIFERENCIAL TERESA NARETTO DE NICOLETTI, COMUNA DE RENGO",2022,PROYECTO,Educación y Cultura,EDUCACION DIFERENCIAL Y ESPECIAL,Sectorial,FI,135461.0,PERFIL,DIRECCION DE EDUCACION PUBLICA,MUNICIPALIDAD DE RENGO,205601.0,Rengo (comunal),Comunal,-34.40518,-70.86324,2020s,PLADECO 2019-2024
30402081,MEJORAMIENTO TEATRO MUNICIPAL COMUNA DE RENGO,2022,PROYECTO,Educación y Cultura,ARTE Y CULTURA,FNDR,RS,492457.0,DISEÑO,GOBIERNO REGIONAL - REGION DEL LIBERTADOR GENERAL BERNARDO O'HIGGINS,MUNICIPALIDAD DE RENGO,5959488.0,Rengo (comunal),Comunal,-34.40518,-70.86324,2020s,PLADECO 2019-2024
30409875,"CONSTRUCCION S. CUNA Y J. INFANTIL LA ESPERANZA, RENGO",2022,PROYECTO,Educación y Cultura,EDUCACION PREBASICA,Sectorial,RS,7896.0,EJECUCION,JUNTA NACIONAL DE JARDINES INFANTILES,JUNTA NACIONAL JARDINES INFANTILES REGION DEL LIBERTADOR GENERAL BERNARDO O'HIGG,963892.0,Rengo (comunal),Comunal,-34.40518,-70.86324,2020s,PLADECO 2019-2024
30419226,MEJORAMIENTO GESTIÓN VIAL Y PEATONAL RENGO,2022,PROYECTO,Transporte y Vialidad,"TRANSPORTE URBANO,VIALIDAD PEATONAL",FNDR,RS,1842402.0,PERFIL,GOBIERNO REGIONAL - REGION DEL LIBERTADOR GENERAL BERNARDO O'HIGGINS,SEREMI TRANSPORTES REGION DEL LIBERTADOR GENERAL BERNARDO O'HIGGINS,1984572.0,Rengo (comunal),Comunal,-34.40518,-70.86324,2020s,PLADECO 2019-2024
30420427,REPOSICION CON RELOCALIZACIÓN 1° JUZGADO DE LETRAS DE RENGO,2022,PROYECTO,Justicia y Seguridad,ADMINISTRACION DE JUSTICIA,Sectorial,RS,617318.0,DISEÑO,CORPORACION ADMINISTRATIVA DEL PODER JUDICIAL,CORPORACION ADMINISTRATIVA DEL PODER JUDICIAL,4353725.0,Rengo (comunal),Comunal,-34.40518,-70.86324,2020s,PLADECO 2019-2024
30420427,REPOSICION CON RELOCALIZACIÓN 1° JUZGADO DE LETRAS DE RENGO,2022,PROYECTO,Justicia y Seguridad,ADMINISTRACION DE JUSTICIA,Sectorial,RS,91000.0,DISEÑO,CORPORACION ADMINISTRATIVA DEL PODER JUDICIAL,CORPORACION ADMINISTRATIVA DEL PODER JUDICIAL,604657.0,Rengo (comunal),Comunal,-34.40518,-70.86324,2020s,PLADECO 2019-2024
30480662,"CONSTRUCCION SEDE COMUNITARIA LA ISLA, COMUNA DE RENGO",2022,PROYECTO,Multisectorial,ADMINISTRACION MULTISECTOR,FNDR,,101955.0,PERFIL,GOBIERNO REGIONAL - REGION DEL LIBERTADOR GENERAL BERNARDO O'HIGGINS,MUNICIPALIDAD DE RENGO,101955.0,Rengo (comunal),Comunal,-34.40518,-70.86324,2020s,PLADECO 2019-2024
30485246,"CONSTRUCCION FACULTAD DE INGENIERÍA UNIVERSIDAD REGIONAL DE O'HIGGINS, CAMPUS RENGO",2022,PROYECTO,Educación y Cultura,EDUCACION SUPERIOR,FNDR,RS,526286.0,DISEÑO,GOBIERNO REGIONAL - REGION DEL LIBERTADOR GENERAL BERNARDO O'HIGGINS,MUNICIPALIDAD DE RENGO,767105.0,Rengo (comunal),Comunal,-34.40518,-70.86324,2020s,PLADECO 2019-2024
30485264,"ADQUISICION CAMIÓN HIDROELEVADOR PARA SERVICIOS DE MANTENCIÓN, COMUNA DE RENGO",2022,PROYECTO,Multisectorial,ORGANIZACION Y SERVICIOS COMUNALES,FNDR,,138829.0,PERFIL,GOBIERNO REGIONAL - REGION DEL LIBERTADOR GENERAL BERNARDO O'HIGGINS,MUNICIPALIDAD DE RENGO,138829.0,Rengo (comunal),Comunal,-34.40518,-70.86324,2020s,PLADECO 2019-2024
40002676,"MEJORAMIENTO Y AMPLIACIÓN SISTEMA APR LO DE LOBOS, RENGO",2022,PROYECTO,Recursos Hídricos,AGUA POTABLE,Sectorial,RS,1151438.0,EJECUCION,AGUA POTABLE RURAL MOP,DIRECCION DE OBRAS HIDRAULICAS MOP REGION DEL LIBERTADOR GENERAL BERNARDO O'HIGG,2242248.0,Lo De Lobo,Rural,-34.37523,-70.82941,2020s,PLADECO 2019-2024
40005272,REPOSICION Y ADQUISICIÓN DE AMBULANCIAS PARA SERVICIOS DE SALUD DE LA COMUNA DE RENGO,2022,PROYECTO,Salud,BAJA COMPLEJIDAD,FNDR,,183860.0,PERFIL,GOBIERNO REGIONAL - REGION DEL LIBERTADOR GENERAL BERNARDO O'HIGGINS,MUNICIPALIDAD DE RENGO,183860.0,Rengo (comunal),Comunal,-34.40518,-70.86324,2020s,PLADECO 2019-2024
40009604,"MEJORAMIENTO SISTEMA APR LA CHIMBA, RENGO",2022,PROYECTO,Recursos Hídricos,AGUA POTABLE,Sectorial,RS,987087.0,EJECUCION,AGUA POTABLE RURAL MOP,DIRECCION DE OBRAS HIDRAULICAS MOP REGION DEL LIBERTADOR GENERAL BERNARDO O'HIGG,1118824.0,La Chimba,Rural,-34.40804,-70.81718,2020s,PLADECO 2019-2024
40023881,ACTUALIZACION PLAN REGULADOR COMUNAL DE RENGO,2022,ESTUDIO BASICO,Vivienda y Urbanismo,DESARROLLO URBANO,FNDR,RS,45000.0,PERFIL,GOBIERNO REGIONAL - REGION DEL LIBERTADOR GENERAL BERNARDO O'HIGGINS,MUNICIPALIDAD DE RENGO,261188.0,Rengo (comunal),Comunal,-34.40518,-70.86324,2020s,PLADECO 2019-2024
40029912,"REPOSICION JARDÍN INFANTIL PADRE HURTADO, COMUNA DE RENGO",2022,PROYECTO,Educación y Cultura,EDUCACION PREBASICA,Sectorial,RS,596520.0,PERFIL,JUNTA NACIONAL DE JARDINES INFANTILES,MUNICIPALIDAD DE RENGO,596520.0,Rengo (comunal),Comunal,-34.40518,-70.86324,2020s,PLADECO 2019-2024
40030832,"CONSERVACION INFRAESTRUCTURA APS RENGO, CESFAM RIENZI VALENCIA",2022,PROYECTO,Salud,ADMINISTRACION SALUD,FNDR,,133049.0,PERFIL,GOBIERNO REGIONAL - REGION DEL LIBERTADOR GENERAL BERNARDO O'HIGGINS,MUNICIPALIDAD DE RENGO,133049.0,Rengo (comunal),Comunal,-34.40518,-70.86324,2020s,PLADECO 2019-2024
40031561,"CONSTRUCCION COLECTORES DE AGUAS LLUVIAS PRIMARIOS RENGO CENTRO SUR, COMUNA RENGO",2022,PROYECTO,Recursos Hídricos,AGUAS LLUVIAS,Sectorial,RS,708350.0,PERFIL,DIRECCION DE OBRAS HIDRAULICAS MOP,DIRECCION DE OBRAS HIDRAULICAS MOP REGION DEL LIBERTADOR GENERAL BERNARDO O'HIGG,23981104.0,Rengo (comunal),Comunal,-34.40518,-70.86324,2020s,PLADECO 2019-2024
40033376,"REPOSICION SALA CUNA Y JARDIN INFANTIL LOS NARANJITOS, COMUNA DE RENGO",2022,PROYECTO,Educación y Cultura,EDUCACION PREBASICA,Sectorial,RS,901467.0,PERFIL,JUNTA NACIONAL DE JARDINES INFANTILES,MUNICIPALIDAD DE RENGO,901467.0,Rengo (comunal),Comunal,-34.40518,-70.86324,2020s,PLADECO 2019-2024
40039380,"ADQUISICION CAMIÓN TOLVA PARA SERVICIOS DE ÁREAS VERDES, COMUNA DE RENGO",2022,PROYECTO,Multisectorial,ORGANIZACION Y SERVICIOS COMUNALES,FNDR,,60876.0,PERFIL,GOBIERNO REGIONAL - REGION DEL LIBERTADOR GENERAL BERNARDO O'HIGGINS,MUNICIPALIDAD DE RENGO,60876.0,Rengo (comunal),Comunal,-34.40518,-70.86324,2020s,PLADECO 2019-2024
40047024,"MEJORAMIENTO SISTEMA DE AGUA POTABLE SERVICIO SANITARIO RURAL LO CARTAGENA, RENGO",2022,PROYECTO,Recursos Hídricos,AGUA POTABLE,Sectorial,RS,1371898.0,PERFIL,AGUA POTABLE RURAL MOP,DIRECCION DE OBRAS HIDRAULICAS MOP REGION DEL LIBERTADOR GENERAL BERNARDO O'HIGG,1371898.0,Lo Cartagena,Rural,-34.39026,-70.8737,2020s,PLADECO 2019-2024
40047771,"MEJORAMIENTO SISTEMA DE AGUA POTABLE SERVICIO SANITARIO RURAL LA ALIANZA, RENGO",2022,PROYECTO,Recursos Hídricos,AGUA POTABLE,Sectorial,RS,704203.0,PERFIL,AGUA POTABLE RURAL MOP,DIRECCION DE OBRAS HIDRAULICAS MOP REGION DEL LIBERTADOR GENERAL BERNARDO O'HIGG,3004203.0,Rengo (comunal),Comunal,-34.40518,-70.86324,2020s,PLADECO 2019-2024
30091584,"MEJORAMIENTO AVDA ALONSO DE ERCILLA, COMUNA DE RENGO",2023,PROYECTO,Transporte y Vialidad,"TRANSPORTE URBANO,VIALIDAD PEATONAL",FNDR,RS,4041.0,DISEÑO,GOBIERNO REGIONAL - REGION DEL LIBERTADOR GENERAL BERNARDO O'HIGGINS,MUNICIPALIDAD DE RENGO,7203292.0,Rengo (comunal),Comunal,-34.40518,-70.86324,2020s,PLADECO 2019-2024
30222322,CONSTRUCCION CICLOVIAS RUTAS H-65 Y H-579 COMUNA DE RENGO,2023,PROYECTO,Transporte y Vialidad,TRANSPORTE CAMINERO,Sectorial,RS,31.0,EJECUCION,DIRECCION DE VIALIDAD MOP,VIALIDAD MOP REGION DEL LIBERTADOR GENERAL BERNARDO O'HIGGINS,1116402.0,Rengo (comunal),Comunal,-34.40518,-70.86324,2020s,PLADECO 2019-2024
30402081,MEJORAMIENTO TEATRO MUNICIPAL COMUNA DE RENGO,2023,PROYECTO,Educación y Cultura,ARTE Y CULTURA,FNDR,RS,2104287.0,DISEÑO,GOBIERNO REGIONAL - REGION DEL LIBERTADOR GENERAL BERNARDO O'HIGGINS,MUNICIPALIDAD DE RENGO,5959488.0,Rengo (comunal),Comunal,-34.40518,-70.86324,2020s,PLADECO 2019-2024
30409875,"CONSTRUCCION S. CUNA Y J. INFANTIL LA ESPERANZA, RENGO",2023,PROYECTO,Educación y Cultura,EDUCACION PREBASICA,Sectorial,RS,9005.0,EJECUCION,JUNTA NACIONAL DE JARDINES INFANTILES,JUNTA NACIONAL JARDINES INFANTILES REGION DEL LIBERTADOR GENERAL BERNARDO O'HIGG,1026619.0,Rengo (comunal),Comunal,-34.40518,-70.86324,2020s,PLADECO 2019-2024
30419226,MEJORAMIENTO GESTIÓN VIAL Y PEATONAL RENGO,2023,PROYECTO,Transporte y Vialidad,"TRANSPORTE URBANO,VIALIDAD PEATONAL",FNDR,RS,244600.0,PERFIL,GOBIERNO REGIONAL - REGION DEL LIBERTADOR GENERAL BERNARDO O'HIGGINS,MUNICIPALIDAD DE RENGO,2436234.0,Rengo (comunal),Comunal,-34.40518,-70.86324,2020s,PLADECO 2019-2024
30420427,REPOSICION CON RELOCALIZACIÓN 1° JUZGADO DE LETRAS DE RENGO,2023,PROYECTO,Justicia y Seguridad,ADMINISTRACION DE JUSTICIA,Sectorial,RS,3229.0,EJECUCION,CORPORACION ADMINISTRATIVA DEL PODER JUDICIAL,CORPORACION ADMINISTRATIVA DEL PODER JUDICIAL,546022.0,Rengo (comunal),Comunal,-34.40518,-70.86324,2020s,PLADECO 2019-2024
30420427,REPOSICION CON RELOCALIZACIÓN 1° JUZGADO DE LETRAS DE RENGO,2023,PROYECTO,Justicia y Seguridad,ADMINISTRACION DE JUSTICIA,Sectorial,RS,353907.0,EJECUCION,CORPORACION ADMINISTRATIVA DEL PODER JUDICIAL,CORPORACION ADMINISTRATIVA DEL PODER JUDICIAL,5570940.0,Rengo (comunal),Comunal,-34.40518,-70.86324,2020s,PLADECO 2019-2024
30485246,"CONSTRUCCION FACULTAD DE INGENIERÍA UNIVERSIDAD REGIONAL DE O'HIGGINS, CAMPUS RENGO",2023,PROYECTO,Educación y Cultura,EDUCACION SUPERIOR,FNDR,RS,778047.0,DISEÑO,GOBIERNO REGIONAL - REGION DEL LIBERTADOR GENERAL BERNARDO O'HIGGINS,MUNICIPALIDAD DE RENGO,815685.0,Rengo (comunal),Comunal,-34.40518,-70.86324,2020s,PLADECO 2019-2024
30485264,"ADQUISICION CAMIÓN HIDROELEVADOR PARA SERVICIOS DE MANTENCIÓN, COMUNA DE RENGO",2023,PROYECTO,Multisectorial,ORGANIZACION Y SERVICIOS COMUNALES,FNDR,,147575.0,PERFIL,GOBIERNO REGIONAL - REGION DEL LIBERTADOR GENERAL BERNARDO O'HIGGINS,MUNICIPALIDAD DE RENGO,147575.0,Rengo (comunal),Comunal,-34.40518,-70.86324,2020s,PLADECO 2019-2024
40004686,CONSTRUCCION ESTACIÓN INTEGRAL DE RESIDUOS SÓLIDOS COMUNA DE RENGO,2023,PROYECTO,Medioambiente,MEDIO AMBIENTE,FNDR,FI,308110.0,PERFIL,GOBIERNO REGIONAL - REGION DEL LIBERTADOR GENERAL BERNARDO O'HIGGINS,MUNICIPALIDAD DE RENGO,308110.0,Rengo (comunal),Comunal,-34.40518,-70.86324,2020s,PLADECO 2019-2024
40009604,"MEJORAMIENTO SISTEMA APR LA CHIMBA, RENGO",2023,PROYECTO,Recursos Hídricos,AGUA POTABLE,Sectorial,RS,360049.0,EJECUCION,SUBDIRECCION DE SERVICIOS SANITARIOS RURALES MOP,DIRECCION DE OBRAS HIDRAULICAS MOP REGION DEL LIBERTADOR GENERAL BERNARDO O'HIGG,1488691.0,La Chimba,Rural,-34.40804,-70.81718,2020s,PLADECO 2019-2024
40023631,"CONSTRUCCION CICLOVIA EJE GRAL BAQUEDANO-JOSE RAMIREZ-NUEVO AMANECER, COMUNA DE RENGO",2023,PROYECTO,Transporte y Vialidad,"TRANSPORTE URBANO,VIALIDAD PEATONAL",Sectorial,RS,11594.0,PERFIL,SERVICIO VIVIENDA Y URBANIZACION REGION DEL LIBERTADOR GENERAL BERNARDO O'HIGGIN,SEREMI VIVIENDA REGION DEL LIBERTADOR GENERAL BERNARDO O'HIGGINS,1408165.0,Rengo (comunal),Comunal,-34.40518,-70.86324,2020s,PLADECO 2019-2024
40023881,ACTUALIZACION PLAN REGULADOR COMUNAL DE RENGO,2023,ESTUDIO BASICO,Vivienda y Urbanismo,DESARROLLO URBANO,FNDR,RS,5001.0,PERFIL,GOBIERNO REGIONAL - REGION DEL LIBERTADOR GENERAL BERNARDO O'HIGGINS,MUNICIPALIDAD DE RENGO,261688.0,Rengo (comunal),Comunal,-34.40518,-70.86324,2020s,PLADECO 2019-2024
40027197,"DIAGNOSTICO PLAN DE MOVILIDAD ACTIVA Y CONECTIVIDAD, COMUNA DE RENGO",2023,ESTUDIO BASICO,Transporte y Vialidad,"TRANSPORTE URBANO,VIALIDAD PEATONAL",Sectorial,RS,50000.0,PERFIL,SECTRA,SECTRA,250000.0,Rengo (comunal),Comunal,-34.40518,-70.86324,2020s,PLADECO 2019-2024
40029912,"REPOSICION JARDÍN INFANTIL PADRE HURTADO, COMUNA DE RENGO",2023,PROYECTO,Educación y Cultura,EDUCACION PREBASICA,Sectorial,RS,634099.0,PERFIL,JUNTA NACIONAL DE JARDINES INFANTILES,MUNICIPALIDAD DE RENGO,634099.0,Rengo (comunal),Comunal,-34.40518,-70.86324,2020s,PLADECO 2019-2024
40031561,"CONSTRUCCION COLECTORES DE AGUAS LLUVIAS PRIMARIOS RENGO CENTRO SUR, COMUNA RENGO",2023,PROYECTO,Recursos Hídricos,AGUAS LLUVIAS,Sectorial,RS,202064.0,PERFIL,DIRECCION DE OBRAS HIDRAULICAS MOP,DIRECCION DE OBRAS HIDRAULICAS MOP REGION DEL LIBERTADOR GENERAL BERNARDO O'HIGG,48348876.0,Rengo (comunal),Comunal,-34.40518,-70.86324,2020s,PLADECO 2019-2024
40033376,"REPOSICION SALA CUNA Y JARDIN INFANTIL LOS NARANJITOS, COMUNA DE RENGO",2023,PROYECTO,Educación y Cultura,EDUCACION PREBASICA,Sectorial,RS,958256.0,PERFIL,JUNTA NACIONAL DE JARDINES INFANTILES,MUNICIPALIDAD DE RENGO,958256.0,Rengo (comunal),Comunal,-34.40518,-70.86324,2020s,PLADECO 2019-2024
40039380,"ADQUISICION CAMIÓN TOLVA PARA SERVICIOS DE ÁREAS VERDES, COMUNA DE RENGO",2023,PROYECTO,Multisectorial,ORGANIZACION Y SERVICIOS COMUNALES,FNDR,,64711.0,PERFIL,GOBIERNO REGIONAL - REGION DEL LIBERTADOR GENERAL BERNARDO O'HIGGINS,MUNICIPALIDAD DE RENGO,64711.0,Rengo (comunal),Comunal,-34.40518,-70.86324,2020s,PLADECO 2019-2024
40044680,"CONSERVACION BORDES PLAZA, COMUNA DE RENGO",2023,PROYECTO,Vivienda y Urbanismo,DESARROLLO URBANO,Sectorial,,5749.0,PERFIL,SERVICIO VIVIENDA Y URBANIZACION REGION DEL LIBERTADOR GENERAL BERNARDO O'HIGGIN,SEREMI VIVIENDA REGION DEL LIBERTADOR GENERAL BERNARDO O'HIGGINS,213994.0,Rengo (comunal),Comunal,-34.40518,-70.86324,2020s,PLADECO 2019-2024
40047024,"MEJORAMIENTO SISTEMA DE AGUA POTABLE SERVICIO SANITARIO RURAL LO CARTAGENA, RENGO",2023,PROYECTO,Recursos Hídricos,AGUA POTABLE,Sectorial,RS,1458323.0,PERFIL,SUBDIRECCION DE SERVICIOS SANITARIOS RURALES MOP,DIRECCION DE OBRAS HIDRAULICAS MOP REGION DEL LIBERTADOR GENERAL BERNARDO O'HIGG,1458323.0,Lo Cartagena,Rural,-34.39026,-70.8737,2020s,PLADECO 2019-2024
40047771,"MEJORAMIENTO SISTEMA DE AGUA POTABLE SERVICIO SANITARIO RURAL LA ALIANZA, RENGO",2023,PROYECTO,Recursos Hídricos,AGUA POTABLE,Sectorial,RS,1001.0,PERFIL,SUBDIRECCION DE SERVICIOS SANITARIOS RURALES MOP,DIRECCION DE OBRAS HIDRAULICAS MOP REGION DEL LIBERTADOR GENERAL BERNARDO O'HIGG,3193458.0,Rengo (comunal),Comunal,-34.40518,-70.86324,2020s,PLADECO 2019-2024
40053098,"ADQUISICION CAMIONETA PARA TRANSPORTE DE PERSONAL Y LABORES INSPECTIVAS, COMUNA DE RENGO",2023,PROYECTO,Multisectorial,ORGANIZACION Y SERVICIOS COMUNALES,FNDR,,28000.0,PERFIL,GOBIERNO REGIONAL - REGION DEL LIBERTADOR GENERAL BERNARDO O'HIGGINS,MUNICIPALIDAD DE RENGO,28000.0,Rengo (comunal),Comunal,-34.40518,-70.86324,2020s,PLADECO 2019-2024
40053798,"CONSERVACION DE INFRAESTRUCTURA DE ESTACIÓN DE TREN ROSARIO, COMUNA RENGO",2023,PROYECTO,Transporte y Vialidad,TRANSPORTE FERROVIARIO,FNDR,,1.0,PERFIL,GOBIERNO REGIONAL - REGION DEL LIBERTADOR GENERAL BERNARDO O'HIGGINS,ARQUITECTURA MOP REGION DEL LIBERTADOR GENERAL BERNARDO O'HIGGINS,363426.0,Rosario,Rural,-34.34788,-70.84245,2020s,PLADECO 2019-2024
40054418,CONSERVACION JARDÍN INFANTIL Y SALA CUNA LOS LOBITOS,2023,PROYECTO,Educación y Cultura,ADMINISTRACION EDUCACION Y CULTURA,Sectorial,,80333.0,PERFIL,JUNTA NACIONAL DE JARDINES INFANTILES,MUNICIPALIDAD DE RENGO,80333.0,Rengo (comunal),Comunal,-34.40518,-70.86324,2020s,PLADECO 2019-2024
30091584,"MEJORAMIENTO AVDA ALONSO DE ERCILLA, COMUNA DE RENGO",2024,PROYECTO,Transporte y Vialidad,"TRANSPORTE URBANO,VIALIDAD PEATONAL",FNDR,RS,769255.0,DISEÑO,GOBIERNO REGIONAL - REGION DEL LIBERTADOR GENERAL BERNARDO O'HIGGINS,MUNICIPALIDAD DE RENGO,7455379.0,Rengo (comunal),Comunal,-34.40518,-70.86324,2020s,PLADECO 2019-2024
30222322,CONSTRUCCION CICLOVIAS RUTAS H-65 Y H-579 COMUNA DE RENGO,2024,PROYECTO,Transporte y Vialidad,TRANSPORTE CAMINERO,Sectorial,RS,2.0,EJECUCION,DIRECCION DE VIALIDAD MOP,VIALIDAD MOP REGION DEL LIBERTADOR GENERAL BERNARDO O'HIGGINS,1155443.0,Rengo (comunal),Comunal,-34.40518,-70.86324,2020s,PLADECO 2019-2024
30402081,MEJORAMIENTO TEATRO MUNICIPAL COMUNA DE RENGO,2024,PROYECTO,Educación y Cultura,ARTE Y CULTURA,FNDR,RS,2173491.0,DISEÑO,GOBIERNO REGIONAL - REGION DEL LIBERTADOR GENERAL BERNARDO O'HIGGINS,MUNICIPALIDAD DE RENGO,6163607.0,Rengo (comunal),Comunal,-34.40518,-70.86324,2020s,PLADECO 2019-2024
30419226,MEJORAMIENTO GESTIÓN VIAL Y PEATONAL RENGO,2024,PROYECTO,Transporte y Vialidad,"TRANSPORTE URBANO,VIALIDAD PEATONAL",FNDR,RS,710276.0,EJECUCION,GOBIERNO REGIONAL - REGION DEL LIBERTADOR GENERAL BERNARDO O'HIGGINS,MUNICIPALIDAD DE RENGO,2515493.0,Rengo (comunal),Comunal,-34.40518,-70.86324,2020s,PLADECO 2019-2024
30420427,REPOSICION CON RELOCALIZACIÓN 1° JUZGADO DE LETRAS DE RENGO,2024,PROYECTO,Justicia y Seguridad,ADMINISTRACION DE JUSTICIA,Sectorial,RS,65809.0,EJECUCION,CORPORACION ADMINISTRATIVA DEL PODER JUDICIAL,CORPORACION ADMINISTRATIVA DEL PODER JUDICIAL,5765894.0,Rengo (comunal),Comunal,-34.40518,-70.86324,2020s,PLADECO 2019-2024
30480662,"CONSTRUCCION SEDE COMUNITARIA LA ISLA, COMUNA DE RENGO",2024,PROYECTO,Multisectorial,ADMINISTRACION MULTISECTOR,FNDR,,38744.0,PERFIL,GOBIERNO REGIONAL - REGION DEL LIBERTADOR GENERAL BERNARDO O'HIGGINS,MUNICIPALIDAD DE RENGO,193721.0,Rengo (comunal),Comunal,-34.40518,-70.86324,2020s,PLADECO 2019-2024
30485246,"CONSTRUCCION FACULTAD DE INGENIERÍA UNIVERSIDAD REGIONAL DE O'HIGGINS, CAMPUS RENGO",2024,PROYECTO,Educación y Cultura,EDUCACION SUPERIOR,FNDR,RS,267175.0,DISEÑO,GOBIERNO REGIONAL - REGION DEL LIBERTADOR GENERAL BERNARDO O'HIGGINS,MUNICIPALIDAD DE RENGO,804331.0,Rengo (comunal),Comunal,-34.40518,-70.86324,2020s,PLADECO 2019-2024
30485264,"ADQUISICION CAMIÓN HIDROELEVADOR PARA SERVICIOS DE MANTENCIÓN, COMUNA DE RENGO",2024,PROYECTO,Multisectorial,ORGANIZACION Y SERVICIOS COMUNALES,FNDR,,147560.0,PERFIL,GOBIERNO REGIONAL - REGION DEL LIBERTADOR GENERAL BERNARDO O'HIGGINS,MUNICIPALIDAD DE RENGO,147560.0,Rengo (comunal),Comunal,-34.40518,-70.86324,2020s,PLADECO 2019-2024
40009604,"MEJORAMIENTO SISTEMA APR LA CHIMBA, RENGO",2024,PROYECTO,Recursos Hídricos,AGUA POTABLE,Sectorial,RS,12126.0,EJECUCION,SUBDIRECCION DE SERVICIOS SANITARIOS RURALES MOP,DIRECCION DE OBRAS HIDRAULICAS MOP REGION DEL LIBERTADOR GENERAL BERNARDO O'HIGG,1543625.0,La Chimba,Rural,-34.40804,-70.81718,2020s,PLADECO 2019-2024
40023631,"CONSTRUCCION CICLOVIA EJE GRAL BAQUEDANO-JOSE RAMIREZ-NUEVO AMANECER, COMUNA DE RENGO",2024,PROYECTO,Transporte y Vialidad,"TRANSPORTE URBANO,VIALIDAD PEATONAL",Sectorial,RS,1000.0,PERFIL,SERVICIO VIVIENDA Y URBANIZACION REGION DEL LIBERTADOR GENERAL BERNARDO O'HIGGIN,SEREMI VIVIENDA REGION DEL LIBERTADOR GENERAL BERNARDO O'HIGGINS,1453434.0,Rengo (comunal),Comunal,-34.40518,-70.86324,2020s,PLADECO 2019-2024
40023881,ACTUALIZACION PLAN REGULADOR COMUNAL DE RENGO,2024,ESTUDIO BASICO,Vivienda y Urbanismo,DESARROLLO URBANO,FNDR,RS,5176.0,PERFIL,GOBIERNO REGIONAL - REGION DEL LIBERTADOR GENERAL BERNARDO O'HIGGINS,MUNICIPALIDAD DE RENGO,270846.0,Rengo (comunal),Comunal,-34.40518,-70.86324,2020s,PLADECO 2019-2024
40027197,"DIAGNOSTICO PLAN DE MOVILIDAD ACTIVA Y CONECTIVIDAD, COMUNA DE RENGO",2024,ESTUDIO BASICO,Transporte y Vialidad,"TRANSPORTE URBANO,VIALIDAD PEATONAL",Sectorial,RS,51750.0,EJECUCION,SECTRA,SECTRA,258749.0,Rengo (comunal),Comunal,-34.40518,-70.86324,2020s,PLADECO 2019-2024
40029912,"REPOSICION JARDÍN INFANTIL PADRE HURTADO, COMUNA DE RENGO",2024,PROYECTO,Educación y Cultura,EDUCACION PREBASICA,Sectorial,RS,532051.0,PERFIL,JUNTA NACIONAL DE JARDINES INFANTILES,MUNICIPALIDAD DE RENGO,832051.0,Rengo (comunal),Comunal,-34.40518,-70.86324,2020s,PLADECO 2019-2024
40031561,"CONSTRUCCION COLECTORES DE AGUAS LLUVIAS PRIMARIOS RENGO CENTRO SUR, COMUNA RENGO",2024,PROYECTO,Recursos Hídricos,AGUAS LLUVIAS,Sectorial,RS,343035.0,PERFIL,DIRECCION DE OBRAS HIDRAULICAS MOP,DIRECCION DE OBRAS HIDRAULICAS MOP REGION DEL LIBERTADOR GENERAL BERNARDO O'HIGG,50040868.0,Rengo (comunal),Comunal,-34.40518,-70.86324,2020s,PLADECO 2019-2024
40033376,"REPOSICION SALA CUNA Y JARDIN INFANTIL LOS NARANJITOS, COMUNA DE RENGO",2024,PROYECTO,Educación y Cultura,EDUCACION PREBASICA,Sectorial,RS,600000.0,PERFIL,JUNTA NACIONAL DE JARDINES INFANTILES,MUNICIPALIDAD DE RENGO,1260397.0,Rengo (comunal),Comunal,-34.40518,-70.86324,2020s,PLADECO 2019-2024
40044680,"CONSERVACION BORDES PLAZA, COMUNA DE RENGO",2024,PROYECTO,Vivienda y Urbanismo,DESARROLLO URBANO,Sectorial,,221481.0,PERFIL,SERVICIO VIVIENDA Y URBANIZACION REGION DEL LIBERTADOR GENERAL BERNARDO O'HIGGIN,SEREMI VIVIENDA REGION DEL LIBERTADOR GENERAL BERNARDO O'HIGGINS,221481.0,Rengo (comunal),Comunal,-34.40518,-70.86324,2020s,PLADECO 2019-2024
40047771,"MEJORAMIENTO SISTEMA DE AGUA POTABLE SERVICIO SANITARIO RURAL LA ALIANZA, RENGO",2024,PROYECTO,Recursos Hídricos,AGUA POTABLE,Sectorial,RS,11.0,PERFIL,SUBDIRECCION DE SERVICIOS SANITARIOS RURALES MOP,DIRECCION DE OBRAS HIDRAULICAS MOP REGION DEL LIBERTADOR GENERAL BERNARDO O'HIGG,3305214.0,Rengo (comunal),Comunal,-34.40518,-70.86324,2020s,PLADECO 2019-2024
40053092,"ADQUISICION CAMIÓN Y EQUIPO SELLADOR PARA SERVICIOS DE REPARACIÓN DE CALZADAS, COMUNA DE RENGO",2024,PROYECTO,Multisectorial,ORGANIZACION Y SERVICIOS COMUNALES,FNDR,,80730.0,PERFIL,GOBIERNO REGIONAL - REGION DEL LIBERTADOR GENERAL BERNARDO O'HIGGINS,MUNICIPALIDAD DE RENGO,80730.0,Rengo (comunal),Comunal,-34.40518,-70.86324,2020s,PLADECO 2019-2024
40053095,"ADQUISICION VACUOLAVADORA PARA SERVICIOS DE ASEO EN ZONA URBANA, COMUNA DE RENGO",2024,PROYECTO,Multisectorial,ORGANIZACION Y SERVICIOS COMUNALES,FNDR,,18630.0,PERFIL,GOBIERNO REGIONAL - REGION DEL LIBERTADOR GENERAL BERNARDO O'HIGGINS,MUNICIPALIDAD DE RENGO,18630.0,Rengo (comunal),Comunal,-34.40518,-70.86324,2020s,PLADECO 2019-2024
40053098,"ADQUISICION CAMIONETA PARA TRANSPORTE DE PERSONAL Y LABORES INSPECTIVAS, COMUNA DE RENGO",2024,PROYECTO,Multisectorial,ORGANIZACION Y SERVICIOS COMUNALES,FNDR,,28980.0,PERFIL,GOBIERNO REGIONAL - REGION DEL LIBERTADOR GENERAL BERNARDO O'HIGGINS,MUNICIPALIDAD DE RENGO,28980.0,Rengo (comunal),Comunal,-34.40518,-70.86324,2020s,PLADECO 2019-2024
40053099,ADQUISICION VEHICULO MUNICIPAL PARA SECRETARIA DE PLANIFICACION COMUNAL DE RENGO,2024,PROYECTO,Multisectorial,ADMINISTRACION MULTISECTOR,FNDR,,26910.0,PERFIL,GOBIERNO REGIONAL - REGION DEL LIBERTADOR GENERAL BERNARDO O'HIGGINS,MUNICIPALIDAD DE RENGO,26910.0,Rengo (comunal),Comunal,-34.40518,-70.86324,2020s,PLADECO 2019-2024
40053798,"CONSERVACION DE INFRAESTRUCTURA DE ESTACIÓN DE TREN ROSARIO, COMUNA RENGO",2024,PROYECTO,Transporte y Vialidad,TRANSPORTE FERROVIARIO,FNDR,,464798.0,PERFIL,GOBIERNO REGIONAL - REGION DEL LIBERTADOR GENERAL BERNARDO O'HIGGINS,ARQUITECTURA MOP REGION DEL LIBERTADOR GENERAL BERNARDO O'HIGGINS,578819.0,Rosario,Rural,-34.34788,-70.84245,2020s,PLADECO 2019-2024
40059556,CONSERVACION PARQUE ORIENTE DE RENGO,2024,PROYECTO,Vivienda y Urbanismo,DESARROLLO URBANO,Sectorial,AD,18260.0,PERFIL,SERVICIO VIVIENDA Y URBANIZACION REGION DEL LIBERTADOR GENERAL BERNARDO O'HIGGIN,SEREMI VIVIENDA REGION DEL LIBERTADOR GENERAL BERNARDO O'HIGGINS,641324.0,Rengo (comunal),Comunal,-34.40518,-70.86324,2020s,PLADECO 2019-2024
40060034,CONSERVACION DE INFRAESTRUCTURA DE ESTACION DE TREN RENGO,2024,PROYECTO,Transporte y Vialidad,TRANSPORTE FERROVIARIO,FNDR,,9656.0,PERFIL,GOBIERNO REGIONAL - REGION DEL LIBERTADOR GENERAL BERNARDO O'HIGGINS,ARQUITECTURA MOP REGION DEL LIBERTADOR GENERAL BERNARDO O'HIGGINS,527697.0,Rengo (comunal),Comunal,-34.40518,-70.86324,2020s,PLADECO 2019-2024
40065106,ADQUISICION DE 02 BUSES DE TRASLADO Y/O ACERCAMIENTO PARA LA INCLUSIÓN ACTIVA DE ADULTOS MAY,2024,PROYECTO,Multisectorial,ORGANIZACION Y SERVICIOS COMUNALES,FNDR,,147536.0,PERFIL,GOBIERNO REGIONAL - REGION DEL LIBERTADOR GENERAL BERNARDO O'HIGGINS,MUNICIPALIDAD DE RENGO,147536.0,Rengo (comunal),Comunal,-34.40518,-70.86324,2020s,PLADECO 2019-2024
40067368,"ADQUISICION VEHICULO OPERATIVO, FURGON DE CARGA, CENTRO DE CUMPLIMIENTO PENITENCIARIO DE RENGO",2024,PROYECTO,Multisectorial,ORGANIZACION Y SERVICIOS COMUNALES,FNDR,,1.0,PERFIL,GOBIERNO REGIONAL - REGION DEL LIBERTADOR GENERAL BERNARDO O'HIGGINS,MUNICIPALIDAD DE MALLOA,35688.0,Rengo (comunal),Comunal,-34.40518,-70.86324,2020s,PLADECO 2019-2024
40031561,"CONSTRUCCION COLECTORES DE AGUAS LLUVIAS PRIMARIOS RENGO CENTRO SUR, COMUNA RENGO",2025,PROYECTO,Recursos Hídricos,AGUAS LLUVIAS,Sectorial,RS,7752260.0,PERFIL,DIRECCION DE OBRAS HIDRAULICAS MOP,DIRECCION DE OBRAS HIDRAULICAS MOP REGION DEL LIBERTADOR GENERAL BERNARDO O'HIGG,43745628.0,Rengo (comunal),Comunal,-34.40518,-70.86324,2020s,PLADECO 2025-2035
40065447,CONSTRUCCION MEJORAMIENTO PARQUE URBANO- COMPLEJO DE PISCINAS ABIERTAS MAS TEMPERADA,2025,PROYECTO,Vivienda y Urbanismo,DESARROLLO URBANO,FNDR,OT,6809399.0,PERFIL,GOBIERNO REGIONAL - REGION DEL LIBERTADOR GENERAL BERNARDO O'HIGGINS,MUNICIPALIDAD DE RENGO,8234073.0,Rengo (comunal),Comunal,-34.40518,-70.86324,2020s,PLADECO 2025-2035
40067236,"MEJORAMIENTO ESPACIO PUBLICO EJE JOSE BISQUERT , COMUNA DE RENGO",2025,PROYECTO,Vivienda y Urbanismo,DESARROLLO URBANO,FNDR,OT,3005000.0,PERFIL,GOBIERNO REGIONAL - REGION DEL LIBERTADOR GENERAL BERNARDO O'HIGGINS,MUNICIPALIDAD DE RENGO,3655741.0,Rengo (comunal),Comunal,-34.40518,-70.86324,2020s,PLADECO 2025-2035
40067368,"ADQUISICION VEHICULO OPERATIVO, FURGON DE CARGA, CENTRO DE CUMPLIMIENTO PENITENCIARIO DE RENGO",2025,PROYECTO,Multisectorial,ORGANIZACION Y SERVICIOS COMUNALES,FNDR,,35688.0,PERFIL,GOBIERNO REGIONAL - REGION DEL LIBERTADOR GENERAL BERNARDO O'HIGGINS,MUNICIPALIDAD DE MALLOA,35688.0,Rengo (comunal),Comunal,-34.40518,-70.86324,2020s,PLADECO 2025-2035
