accion_id,eje_id,eje_completo,objetivo_estrategico,area_programa,titulo_accion,descripcion,indicadores,linea_base_2024,meta_2028,meta_2035,plazo_codigo,plazo_completo,responsable_principal,responsable_completo,financiamiento_principal,financiamiento_completo,ods_principal,ods_total_n,beneficia_nna,beneficia_mujeres,beneficia_adulto_mayor,beneficia_discapacidad,es_inclusiva
1,1,"Eje 1: Cultura, Turismo, Deportes, Recreación y Bienestar Social (Salud)","OE 1.1 Desarrollar Plan de Turismo Rural, Patrimonial y Enoturístico",Cultura y Turismo,"Desarrollo del Turismo Local ""De las Regiones a Rengo: Alianza Comunal""","Establecer alianzas turísticas con comunas y regiones para posicionar a Rengo como destino de fin de semana, generando circuitos integrados y paquetes turísticos.",Visitantes provenientes de alianzas; Ingresos turísticos; Alianzas formalizadas; Satisfacción visitantes,0 alianzas turísticas intercomunales,3 alianzas; 2.000 visitantes nuevos,6 alianzas; 10.000 visitantes/año; $150M ingresos,M,Mediano (2028-2032),Oficina Turismo,Oficina Turismo + SECPLAN,Municipal,Municipal + SERNATUR + GORE + Privados,8,3,0,0,0,0,0
2,,,,Cultura y Turismo,Desarrollo del Turismo Patrimonial,"Identificar, crear y difundir rutas de turismo patrimonial que vinculen edificaciones históricas, sitios arqueológicos y tradiciones locales, promoviendo la conservación y el turismo cultural.",Rutas patrimoniales establecidas; Visitantes en rutas; Ingresos por turismo patrimonial; Estado de conservación de sitios,0 rutas patrimoniales formales,2 rutas; 1.500 visitantes,5 rutas; 6.000 visitantes/año; 80% sitios en buen estado,M,Mediano (2028-2032),Oficina Turismo,Oficina Turismo + SECPLAN,Municipal,Municipal + CMN + SERNATUR + Fondart,8,3,0,0,0,0,0
3,,,,Cultura y Turismo,"Fomento al Turismo Local ""Descubriendo Rengo""","Promover el turismo local mediante campañas de difusión, alianzas estratégicas con operadores turísticos y creación de contenidos digitales que posicionan a Rengo como destino atractivo de la Región de O'Higgins.",Número de campañas realizadas; Visitantes anuales registrados; Ingresos por turismo local,0 campañas turísticas comunales estructuradas,3 campañas/año; 5.000 visitantes,6 campañas/año; 15.000 visitantes; $200M ingresos turísticos,C,Corto (2025-2028),Oficina Turismo,Oficina Turismo + SECPLAN,Municipal,Municipal + SERNATUR + GORE,8,3,0,0,0,0,0
4,,,,Cultura y Turismo,Parque Natural y Recreativo Huilquio de Rengo,"Diseñar y construir un parque natural con senderos, áreas de picnic, miradores y actividades al aire libre que integre naturaleza y recreación familiar en el sector Huilquio.",Superficie habilitada (la); Participación mensual; Actividades programadas,0 ha de parque natural comunal,Diseño terminado; 5 ha habilitadas,15 ha operativas; 30.000 visitas/año,L,Largo (2032-2035),SECPLAN,SECPLAN + DOM,FNDR,FNDR + GORE + Municipal,3,3,0,0,0,0,0
5,,,,Cultura y Turismo,Promoción del Pueblo Gastronómico de Saberes e Identidades de la Cuenca del Río Claro,"Posicionar la gastronomía tradicional como atractivo turístico, creando una marca territorial gastronómica con ferias, rutas culinarias y certificación de productos locales.",Visitantes gastronómicos; Eventos culinarios realizados; Ingresos de emprendedores gastronómicos,0 programas gastronómicos formales,4 eventos/año; 50 emprendedores vinculados,12 eventos/año; 100 emprendedores; marca territorial registrada,M,Mediano (2028-2032),Oficina Turismo,Oficina Turismo + DIDECO,Municipal,Municipal + INDAP + SERCOTEC + GORE,2,3,0,0,0,0,0
6,,,,Cultura y Turismo,Rutas Culturales y Naturales de Rengo,"Crear rutas turísticas culturales y naturales que integren patrimonio histórico, paisaje rural y biodiversidad de la cuenca del Río Claro, con señalética, mapas y plataforma digital.",Rutas creadas y señalizadas; Participación de visitantes; Impacto económico local; Satisfacción de usuarios,0 rutas formalizadas,3 rutas operativas; 2.000 visitantes,6 rutas consolidadas; 8.000 visitantes/año,M,Mediano (2028-2032),Oficina Turismo,Oficina Turismo + SECPLAN + DIDECO + OLN,FNDR,Municipal + FNDR + SERNATUR,8,3,1,0,0,0,1
7,,,OE 1.2 Fortalecer la Identidad Cultural y el Patrimonio Local,Cultura y Turismo,"Café Literario ""Rengo: Entre Cafés y Libros""","Crear un espacio de lectura, conversación y cultura en el centro de Rengo que fomente el hábito lector, la creación literaria y el encuentro ciudadano.",Eventos literarios realizados; Participación mensual; Ingresos por actividades; Satisfacción de usuarios,0 espacios literarios municipales,1 café literario operativo; 12 eventos/año,24 eventos/año; 2.000 participantes/año,M,Mediano (2028-2032),Oficina Turismo,Oficina Turismo + SECPLAN + DIDECO + OLN,Municipal,Municipal + CNCA + Fondart,4,3,1,0,0,0,1
8,,,,Cultura y Turismo,Evaluar Proyecto del Centro Cultural en Av. El Rodeo,"Evaluar Proyecto para un centro cultural de referencia en Av. El Rodeo que albergue salas de exposición, talleres artísticos, auditorio y espacios de creación para artistas locales.",Progreso de construcción (%); Actividades culturales programadas; Participación mensual,0% avance; sin centro cultural comunal,100% diseño; 30% construcción,100% construido; 120 actividades/año; 15.000 asistentes/año,L,Largo (2032-2035),Oficina Turismo,Oficina Turismo + SECPLAN + DIDECO + OLN,FNDR,FNDR + GORE + SUBDERE + Municipal,4,3,1,0,0,0,1
9,,,,Cultura y Turismo,Festival de los Saberes del Rio Claro: Rengo y Rosario,"Realizar un festival anual que celebra las tradiciones, gastronomía, artesanía y cultura del territorio asociado al Río Claro, integrando localidades de Rengo y Rosario.",Asistentes al festival; Satisfacción de participantes; Impacto económico local; Eventos culturales realizados,0 festivales temáticos del Río Claro,1 festival/año; 3.000 asistentes,1 festival consolidado; 8.000 asistentes; $50M impacto económico,C,Corto (2025-2028),DIDECO,DIDECO + Oficina Turismo,FNDR,Municipal + FNDR + GORE + Privados,8,3,0,0,0,0,0
10,,,,Cultura y Turismo,Promoción de la Identidad Cultural y Sentido Pertenencia del Territorio,"Desarrollar campañas de comunicación y actividades que fortalezcan el sentido de pertenencia e identidad cultural de los habitantes de Rengo, destacando tradiciones, personajes y lugares emblemáticos.",Campañas de identidad realizadas; Participación ciudadana; Impacto en sentido de pertenencia,0 campañas de identidad cultural,2 campañas/año; 5.000 alcance,4 campañas/año; 20.000 alcance; 70% reconocimiento,C,Corto (2025-2028),Oficina Turismo,Oficina Turismo + SECPLAN + DIDECO + OLN,Municipal,Municipal + CNCA,11,3,0,0,0,0,0
11,,,,Cultura y Turismo,"Recuperación de la Identidad Cultural ""Rengo Nuestra Historia Comunal""","Rescatar y preservar la identidad cultural e histórica de Rengo mediante proyectos de restauración patrimonial, registro de memoria oral y creación de archivo histórico comunal.",Proyectos de preservación ejecutados; Espacios patrimoniales restaurados; Participación comunitaria,0 proyectos de preservación patrimonial,3 proyectos; 2 espacios restaurados,8 proyectos; 5 espacios restaurados; archivo digital operativo,M,Mediano (2028-2032),Oficina Turismo,Oficina Turismo + SECPLAN + DIDECO + OLN,Municipal,Municipal + CNCA + Fondart + CMN,11,3,0,0,0,0,0
12,,,OE 1.2 Inventario y protección patrimonial,Cultura y Turismo,R7: Ordenanza de Protección del Patrimonio Cultural y Natural,"Crear ordenanza que proteja patrimonio agricola, vitivinicola, arquitectónico e inmaterial de Rengo.",Ordenanza patrimonial; catálogo,Sin ordenanza patrimonial,Ordenanza + catálogo completo,Evaluación estado cada 3 años,M,Mediano (2028-2032),DIDECO,DIDECO + Cultura + Jurídica,Municipal,Municipal + CMN,11,1,1,0,0,0,1
13,,,,Cultura y Turismo,Recuperación y Puesta en Valor del Teatro Municipal de Rengo,"Restaurar y modernizar el histórico Teatro Municipal como espacio de producción artística, eventos culturales y encuentro comunitario, preservando valor patrimonial e incorporando tecnología moderna y accesibilidad universal.",Progreso restauracion %; actividades/ano; asistentes,Teatro deteriorado; 10 registros BIP sin materialización,Diseño definitivo + inicio restauración,Teatro operativo + 50 eventos/ano + 10.000 asistentes,M,Mediano (2028-2032),SECPLAN,SECPLAN + DIDECO Cultura,FNDR,FNDR + CNCA + Municipal,11,1,1,0,0,0,1
14,,,OE 1.3 Ampliar infraestructura deportiva,Deportes y Bienestar,Parques Elige Vivir Sano: Circuitos Deportivos en Sectores Rurales,"Extender Elige Vivir Sano a localidades rurales (Popeta, Lo Cartagena, Chanqueahue, El Retiro) con estaciones de ejercicio adaptadas y monitores comunitarios.",N circuitos rurales; localidades cubiertas; participación,0 circuitos rurales,4 localidades con circuitos,10 localidades + monitores permanentes,M,Mediano (2028-2032),Oficina Turismo,Oficina Turismo + SECPLAN + DIDECO + OLN,FNDR,MINDEP + FNDR + Municipal,3,3,0,0,0,0,0
15,,,,Deportes y Bienestar,Parques Elige Vivir Sano: Infraestructura Deportiva Comunitaria,"Diseñar e instalar circuitos de actividad física al aire libre bajo el programa nacional Elige Vivir Sano (MINDEP) en las principales plazas de Rengo, Rosario y Esmeralda, con máquinas de ejercicio adaptadas para los 8.796 adultos mayores y 7.256 personas con discapacidad de la comuna, señalética de",N parques Elige Vivir Sano; m2 infraestructura deportiva; participación mensual,0 parques Elige Vivir Sano,"3 parques (Rengo, Rosario, Esmeralda)",6 parques + cobertura rural,C,Corto (2025-2028),Oficina Turismo,Oficina Turismo + SECPLAN + DIDECO + OLN,FNDR,MINDEP + FNDR + Municipal,3,2,0,0,1,1,1
215,,,OE 1.3 Fomentar la Recreación y Vida en Comunidad,Salud Recreación y Bienestar Social,"Actualizar las Organizaciones Funcionales y Territoriales con ""Matriz Territorial""","Implementar la Matriz Territorial Comunal como sistema de registro sistematizado de las 330 organizaciones funcionales y territoriales de Rengo, integrando variables de tipo organizacional, cobertura territorial, estado de vigencia y niveles de participación por Unidad Vecinal. La Matriz operará com",Organizaciones catastradas en la Matriz Territorial; % organizaciones con ficha actualizada anualmente; Plataforma digital de registro habilitada (S/N),Sin Matriz Territorial comunal sistematizada; datos organizacionales desactualizados,Matriz Territorial operativa con 100% de organizaciones registradas; actualización semestral,Plataforma digital integrada al sistema municipal; actualización continua; datos abiertos a la ciudadanía,C,Corto (2025-2028),DIDECO,DIDECO + Secretaría Municipal,Municipal,Municipal,11,3,0,0,0,0,0
216,,,,,Apoyar la Equidad Territorial y Organzicional,"Fomentar la Equidad Territorial y Organizacional mediante intervenciones diferenciadas en zonas que acumulan rezago por baja inversión institucional, escasa organización social y desigualdad en el crecimiento territorial. La iniciativa prioriza las 12 Unidades Vecinales rurales donde el 82% de los f",N° de zonas priorizadas con planes de intervención; % inversión en sectores rurales vs urbano; N° de proyectos ejecutados en zonas rezagadas,Sin mecanismo formal de equidad territorial; inversión concentrada en centro urbano de Rengo,3 programas de equidad territorial activos; 8 zonas priorizadas con intervención documentada,Brecha urbano-rural en inversión reducida en 30%; todas las 21 UVs con intervención mínima acreditada,C,Corto (2025-2028),DIDECO,DIDECO + SECPLAN + Alcaldía+ OLN,Municipal,Municipal + GORE + SUBDERE,10,3,0,0,0,0,0
217,,,,,"Promover Capacitaciones a las Organizaciones Funcionales y Territoriales: ""Rengo Participativo y Organizado""","Promover capacitaciones e instancias informativas para las organizaciones funcionales y territoriales de la comuna sobre mecanismos de financiamiento externo: postulación al 8% del FNDR, FONDEVE, subvenciones municipales, fondos del IND, SERNATUR y sectoriales del MINVU y MINEDUC. El programa inclui",N° talleres de capacitación realizados/año; N° organizaciones capacitadas; Monto total postulado a fondos externos; % proyectos aprobados por organizaciones,Sin programa formal de capacitación en postulación a fondos; organizaciones autofinanciadas,4 talleres anuales; 80 organizaciones capacitadas; 20 proyectos postulados a fondos externos,100 organizaciones/año capacitadas; materialización proyectos comunitarios >50%; red de formuladores comunitarios activa,C,Corto (2025-2028),DIDECO,DIDECO + SECPLAN + Secretaría Municipal,Municipal,Municipal + SUBDERE + GORE,11,3,0,0,0,0,0
218,,,,,Promover reuniones con las Organizaciones Funcionales y Territoriales,"Instaurar un calendario formal y sistemático de reuniones entre la Municipalidad de Rengo y las organizaciones funcionales y territoriales de cada una de las 21 Unidades Vecinales del territorio comunal. Las reuniones incluirán levantamiento de necesidades, rendición de cuentas de compromisos anteri",N° reuniones por UV realizadas/año; % UVs con reunión mínima anual; N° de acuerdos implementados con seguimiento,Sin calendario sistemático de reuniones por Unidad Vecinal; instancias ad-hoc no formalizadas,21 UVs con reunión semestral garantizada; 42 reuniones/año con acta y seguimiento formal,Reuniones trimestrales por UV; plataforma digital de seguimiento de compromisos; 80% acuerdos implementados,C,Corto (2025-2028),DIDECO,DIDECO + Alcaldía + OLN,Municipal,Municipal,11,3,0,0,0,0,0
16,,,OE 1.3 Fomentar la Recreación y Vida en Comunidad,Deportes,Calistenia Universal en Zonas Recreativas (REVISAR),"Instalar espacios de calistenia inclusivos y accesibles en áreas verdes y plazas, diseñados para personas con y sin discapacidad, promoviendo ejercicio gratuito al aire libre.",Espacios de calistenia adaptados instalados; Participación de usuarios; Indicadores de inclusión,0 espacios de calistenia inclusivos,3 espacios instalados; 200 usuarios/semana,8 espacios; 500 usuarios/semana; 100% accesibilidad universal,M,Mediano (2028-2032),Depto. Deportes,Depto. Deportes + SECPLAN + DIDECO + OLN,FNDR,Municipal + FNDR + SENADIS,3,3,0,0,0,1,1
17,,,,Deportes,Campeonato Escolar Anual: Futuros Talentos Deportivos,"Organizar un campeonato deportivo anual interescolar que promueva la competencia sana, detecte talentos y fortalezca la convivencia entre establecimientos educacionales de Rengo.",Estudiantes participantes; Escuelas integradas; Talentos detectados; Índice de convivencia escolar,1 campeonato informal; 300 estudiantes,1 campeonato formal/año; 1.000 estudiantes; 15 escuelas,1 campeonato consolidado; 2.000 estudiantes; 20 escuelas; programa talentos,C,Corto (2025-2028),Depto. Deportes,Depto. Deportes + DAEM,Municipal,Municipal + IND + MINEDUC,3,3,1,0,0,0,1
18,,,,Deportes,Escuelas Deportivas de Verano e Invierno,"Organizar escuelas deportivas municipales durante enero-febrero e invierno para niños y jóvenes de 6 a 17 años en recintos deportivos de Rengo, Rosario y localidades rurales, con disciplinas como fútbol, básquetbol, atletismo, natación y artes marciales, garantizando cobertura gratuita en las 21 uni",Participantes por temporada; Actividades ofrecidas; Satisfacción de padres y participantes,1 escuela de verano informal; 100 participantes,2 escuelas (verano/invierno); 400 participantes,2 escuelas consolidadas; 800 participantes; 10 disciplinas; 90% satisfacción,C,Corto (2025-2028),Depto. Deportes,Depto. Deportes + DIDECO,Municipal,Municipal + IND + Privados,3,3,1,0,1,0,1
19,,,,Cultura y Turismo,"Eventos Comunitarios en Espacios Deportivos ""Teatro y Cine al Aire Libre""","Realizar funciones de teatro y cine al aire libre en recintos deportivos y plazas, ampliando el uso de infraestructura existente y democratizando el acceso a la cultura.",Eventos de teatro y cine realizados; Participación por evento; Satisfacción; Uso de espacios deportivos para cultura,0 eventos culturales regulares en espacios deportivos,12 eventos/año; 300 asistentes promedio,24 eventos/año; 500 asistentes promedio; 6 recintos utilizados,C,Corto (2025-2028),DIDECO,DIDECO + Depto. Deportes,Municipal,Municipal + CNCA + Fondart,4,3,1,0,0,0,1
20,,,,Deportes,Fútbol en Rengo: Torneo Regional,"Organizar un torneo regional de fútbol amateur que integre clubes locales y visitantes, fortaleciendo la tradición futbolística de Rengo.",Equipos participantes; Asistentes a partidos; Impacto económico local,Torneos informales sin apoyo municipal,1 torneo formal/año; 20 equipos; 2.000 espectadores,1 torneo consolidado; 32 equipos; 5.000 espectadores; $40M impacto,C,Corto (2025-2028),Depto. Deportes,Depto. Deportes,Municipal,Municipal + IND + Privados,3,3,0,0,1,0,1
21,,,,Cultura y Turismo,Rengo en Movimiento: Domingos Deportivos para Todos,"Programar eventos deportivos y recreativos los domingos en plazas y parques, incluyendo actividades para todas las edades y capacidades, promoviendo vida sana y cohesión social.",Eventos dominicales realizados; Participación promedio; Diversidad etaria de participantes; Satisfacción,0 programas deportivos dominicales regulares,40 domingos/año; 200 participantes promedio,48 domingos/año; 500 participantes promedio,C,Corto (2025-2028),Depto. Deportes,Depto. Deportes + DIDECO,Municipal,Municipal + IND + Dpto. Salud,3,3,0,1,1,1,1
22,,,,Deportes,Rugby en Rengo: Torneo Regional,"Organizar un torneo regional de rugby que promueve esta disciplina emergente, fomentando valores de respeto, trabajo en equipo y vida sana.",Equipos participantes; Participación de jugadores; Impacto en convivencia,0 torneos de rugby en Rengo,1 torneo/año; 8 equipos,1 torneo consolidado; 12 equipos; liga local operativa,M,Mediano (2028-2032),Depto. Deportes,Depto. Deportes,Municipal,Municipal + IND + Privados,3,3,1,0,0,0,1
23,,,,Deportes,Torneo Regional de Básquetbol,"Organizar un torneo regional de básquetbol en Rengo que posicione a la comuna como sede deportiva, generando actividad económica y promoviendo la disciplina.",Equipos participantes; Espectadores; Impacto económico estimado,0 torneos regionales de básquetbol,1 torneo/año; 16 equipos; 1.000 espectadores,1 torneo consolidado; 24 equipos; 3.000 espectadores; $30M impacto,C,Corto (2025-2028),Depto. Deportes,Depto. Deportes,Municipal,Municipal + IND + Privados,3,3,0,0,0,0,0
24,,,,Deportes,Viviendo la Vida en Rengo: Actividad Física para Personas Mayores,"Desarrollar un programa de actividad física adaptada para los 8.796 adultos mayores de la comuna, con sesiones semanales de gimnasia funcional, newcom, pilates, yoga y caminatas guiadas en sedes comunitarias de las 21 unidades vecinales, articulado con CESFAM y monitores deportivos capacitados por M","Programas implementados; Participación mensual adultos mayores; Indicadores de salud (presión, IMC)",2 programas esporádicos; 80 participantes,6 programas permanentes; 400 participantes,10 programas; 800 participantes; 20% mejora indicadores salud,C,Corto (2025-2028),Depto. Deportes,Depto. Deportes + Depto. Salud,Municipal,Municipal + IND + SENAMA,3,3,0,1,1,0,1
25,,,OE 1.4 Ampliar la Oferta Deportiva y la Infraestructura Asociada,Deportes,"Alianzas Deportivas con Entidades ""Bienvenidos al Rengo del Deporte""","Establecer convenios con federaciones deportivas, universidades, empresas y clubes para ampliar la oferta deportiva, captar recursos y profesionalizar la gestión del deporte comunal.",Alianzas formalizadas; Recursos obtenidos por alianzas; Impacto en oferta deportiva,0 convenios deportivos formales,5 alianzas; $50M en recursos externos,12 alianzas; $200M en recursos; 5 nuevas disciplinas,M,Mediano (2028-2032),Depto. Deportes,Depto. Deportes + SECPLAN,Municipal,Municipal + IND + Privados + Universidades,3,2,0,0,0,0,0
26,,,,Deportes,Apoyando las Disciplinas: Mejora Infraestructura Deportiva,"Mejorar y mantener las instalaciones deportivas existentes con reparaciones, equipamiento actualizado, iluminación y accesibilidad universal.",Instalaciones mejoradas; Disciplinas beneficiadas; Satisfacción de usuarios,Sin catastro de estado de instalaciones,Catastro completo; 5 instalaciones mejoradas,15 instalaciones mejoradas; 100% con accesibilidad; 85% satisfacción,M,Mediano (2028-2032),Depto. Deportes,Depto. Deportes + DOM,FNDR,Municipal + FNDR + IND,3,3,0,0,0,0,0
27,,,,Deportes,El Guerrero de Rengo: Complejo Deportivo Multifuncional,"Estudiar, Diseñar y Postular un complejo deportivo multifuncional con canchas techadas, gimnasio, piscina temperada y salas multiuso para la práctica deportiva de toda la comunidad.",Progreso de construccion (%); Usuarios mensuales; Satisfacción de usuarios,0% avance; sin complejo deportivo comunal,100% diseño; 30% construcción,100% construido; 3.000 usuarios/mes; 85% satisfacción,L,Largo (2032-2035),SECPLAN,SECPLAN + DOM + Depto. Deportes,FNDR,FNDR + GORE + IND + Municipal,3,3,0,0,0,0,0
28,,,,Deportes,FONDEPORTE: Becas para Atletas de Alto Rendimiento,"Otorgar becas municipales a atletas destacados de Rengo para financiar entrenamiento, competencias regionales y nacionales, equipamiento y apoyo técnico.",Becas otorgadas; Desempeño competitivo de becados; Talentos en selecciones regionales/nacionales,0 becas deportivas municipales,10 becas/año; 3 atletas en selecciones,20 becas/año; 8 atletas en selecciones; 2 atletas nivel nacional,C,Corto (2025-2028),Depto. Deportes,Depto. Deportes + DAF,Municipal,Municipal + IND + FONDEPORTE,3,3,1,0,0,0,1
29,,,,Deportes,"Formulación de Proyectos ""Construir el Deporte en Rengo""","Desarrollar una cartera de proyectos de infraestructura deportiva con diseños, estudios de factibilidad y postulación a fondos sectoriales y regionales.",Proyectos aprobados por fondos; Espacios deportivos construidos; Participación de beneficiarios,0 proyectos deportivos en cartera FNDR,3 proyectos formulados; 1 aprobado,8 proyectos formulados; 5 aprobados y ejecutados,M,Mediano (2028-2032),SECPLAN,SECPLAN + Depto. Deportes,FNDR,Municipal + FNDR + IND + GORE,9,3,0,0,0,0,0
30,,,,Deportes,Estudiar la Construcción de Polideportivo de Rosario,"Estudiar la construcción de un polideportivo en la localidad de Rosario con canchas multiuso, gimnasio y espacios de recreación para descentralizar la oferta deportiva comunal.",Progreso de construcción (%); Actividades deportivas programadas; Participación mensual,0% avance; sin polideportivo en Rosario,100% diseño; 20% construcción,100% construido; 1.500 usuarios/mes; 8 disciplinas,L,Largo (2032-2035),SECPLAN,SECPLAN + DOM + Depto. Deportes,FNDR,FNDR + GORE + IND + Municipal,3,3,0,0,0,0,0
31,,,,Deportes,Rengo +Activo y +Vivo: Ciclovías y Espacios para Running,"Diseñar y construir ciclovías urbanas y circuitos de running en Rengo y Rosario, conectando barrios con áreas verdes y equipamiento deportivo, promoviendo transporte sustentable y vida activa.",Km de ciclovías construidos; Espacios de running habilitados; Participación de usuarios,0 km de ciclovías; 0 circuitos running,5 km ciclovías; 2 circuitos running,15 km ciclovías; 5 circuitos running; 2.000 usuarios/semana,M,Mediano (2028-2032),SECPLAN,SECPLAN + DOM,FNDR,FNDR + MINVU + Municipal + MOP,3,3,0,0,0,0,0
32,,,,Deportes,Vivimos el Deporte: Escuelas Deportivas Municipales,"Crear escuelas deportivas municipales en diversas disciplinas (fútbol, básquetbol, atletismo, natación, artes marciales) para niños y jóvenes, con entrenadores calificados.",Escuelas deportivas creadas; Participación de niños y jóvenes; Disciplinas ofrecidas,0 escuelas deportivas municipales formales,5 escuelas; 500 inscritos; 5 disciplinas,10 escuelas; 1.500 inscritos; 10 disciplinas,M,Mediano (2028-2032),Depto. Deportes,Depto. Deportes,FNDR,Municipal + IND + FNDR,3,3,1,0,0,0,1
33,,,"OE 1.4 Fortalecer programas de inclusión social para adultos mayores, personas con discapacidad y mi",Salud Recreación y Bienestar Social,"Atenciones Móviles Salud de la Mujer""Rengo Te Cuida""","Poner en operación una unidad móvil especializada en salud de la mujer que recorra las 12 unidades vecinales rurales y sectores periurbanos con menor acceso a servicios, ofreciendo mamografías, PAP, ecografías ginecológicas y controles preventivos coordinados con la red de salud primaria de Rengo.",Número de atenciones ginecológicas móviles; Cobertura de PAP y mamografía; Localidades atendidas,Atención de salud de la mujer concentrada en centros urbanos,1 unidad móvil + operativos mensuales en localidades rurales,2 unidades móviles + cobertura 100% localidades + telemedicina,C,Corto (2025-2028),Depto. Salud Municipal,Depto. Salud Municipal + Oficina de la Mujer,Municipal,Municipal + MINSAL + SERNAM + GORE,3,2,1,1,1,1,1
34,,,,Salud Recreación y Bienestar Social,"Atención Integral de Salud Adultos Mayores Rurales""Salud sin Barreras""","Crear programa especializado de atención integral para adultos mayores en sectores rurales, con equipos itinerantes de geriatría, kinesiología, salud mental y apoyo social.",Adultos mayores rurales atendidos; Frecuencia de visitas equipos itinerantes; Derivaciones oportunas a nivel secundario,Atención geriátrica rural limitada y fragmentada,Equipos itinerantes quincenales en 100% localidades rurales,Atención geriátrica semanal en terreno + tele geriatría + centros satélite,C,Corto (2025-2028),Depto. Salud Municipal,Depto. Salud Municipal + Oficina Adulto Mayor,Municipal,Municipal + SENAMA + MINSAL + GORE,3,2,0,0,1,0,1
35,,,,Salud Recreación y Bienestar Social,Capacitación Continua de Funcionarios de Salud,"Estructurar un programa anual de capacitación y desarrollo profesional para los funcionarios de la red de salud comunal de Rengo, abarcando competencias clínicas actualizadas, gestión sanitaria, tecnologias de informacion en salud y atención centrada en el usuario, con certificación SENCE y seguimie",Horas de capacitación por funcionario/año; Porcentaje de funcionarios capacitados; Evaluación de competencias post-capacitación,Capacitación esporádica sin plan estructurado,Plan anual de capacitación + 40 hrs/funcionario/año + evaluación,Sistema de desarrollo profesional continuo + certificación de competencias,C,Corto (2025-2028),Depto. Salud Municipal,Depto. Salud Municipal + RRHH,Municipal,Municipal + MINSAL + Servicio Salud O'Higgins,3,2,0,0,0,0,0
36,,,,Salud Recreación y Bienestar Social,"Capacitación a Cuidadores""Cuidando al Cuidador""","Crear un programa de formación y apoyo integral dirigido a cuidadores de los 8.796 adultos mayores de la comuna, entregando técnicas de cuidado, manejo del estrés y autocuidado a través de talleres presenciales en sedes vecinales y módulos en línea, con apoyo psicológico y redes de soporte mutuo art",Cuidadores capacitados; Talleres de autocuidado realizados; Índice de sobrecarga del cuidador (Zarit),Apoyo aislado a cuidadores sin programa formal,200 cuidadores capacitados + programa de autocuidado mensual,500 cuidadores en programa + red de apoyo mutuo + respiro programado,C,Corto (2025-2028),Oficina Adulto Mayor,Oficina Adulto Mayor + Depto. Salud,Municipal,Municipal + SENAMA + MINSAL,3,3,0,1,1,0,1
37,,,,Salud Recreación y Bienestar Social,"Centros de Día para Adultos Mayores""Rengo Acompaña""","Crear centros de día para adultos mayores que ofrezcan actividades de estimulación cognitiva, socialización, alimentación, cuidados básicos y respiro para familias cuidadoras durante jornada diurna.",Número de centros de día operativos; Adultos mayores atendidos diariamente; Satisfacción de usuarios y familias,0 centros de día para adultos mayores en la comuna,1 centro de día operativo + 40 adultos mayores atendidos diariamente,3 centros de día + cobertura territorial + 120 adultos mayores atendidos,M,Mediano (2028-2032),Oficina Adulto Mayor,Oficina Adulto Mayor + SECPLAN,FNDR,Municipal + SENAMA + FNDR + GORE,3,3,0,0,1,0,1
38,,,,Salud Recreación y Bienestar Social,Continuidad de Atención de Salud en Sectores Rurales,"Garantizar la continuidad y mejora de la atención de salud primaria en sectores rurales de Rengo, fortaleciendo postas rurales, rondas médicas y servicios móviles para reducir brechas de acceso territorial.",Número de consultas realizadas en postas rurales; Porcentaje de cobertura rural atendida; Frecuencia de rondas médicas mensuales,3 postas rurales operativas con atención parcial,5 postas rurales + rondas médicas semanales en 100% localidades,8 postas rurales equipadas + cobertura 100% población rural,C,Corto (2025-2028),Depto. Salud Municipal,Depto. Salud Municipal + SECPLAN,Municipal,"Municipal + MINSAL + GORE O""Higgins",3,2,0,0,0,0,0
39,,,,Salud Recreación y Bienestar Social,"Convenios Docente Asistencial""Salud y Educación en Sinergia""","Establecer convenios docente-asistenciales con universidades e institutos para que estudiantes de carreras de salud realicen prácticas clínicas en la red de salud comunal, fortaleciendo capacidad resolutiva.",Número de convenios vigentes; Estudiantes en práctica por año; Horas de atención adicional generadas,1 convenio docente-asistencial vigente,4 convenios con universidades + 30 estudiantes anuales,8 convenios + programa permanente + investigación aplicada en salud comunal,M,Mediano (2028-2032),Depto. Salud Municipal,Depto. Salud Municipal + SECPLAN,Municipal,Municipal + Universidades + MINSAL,3,3,0,0,0,0,0
40,,,,Salud Recreación y Bienestar Social,Salud en el Territorio: Servicios Móviles de Salud en Localidades,"Desplegar unidades móviles de salud hacia localidades rurales y periurbanas, ofreciendo atención médica, dental, kinesiología, salud mental y exámenes preventivos directamente en terreno.",Número de operativos móviles realizados por mes; Localidades cubiertas; Atenciones realizadas en terreno,Operativos móviles esporádicos sin programación fija,2 unidades móviles + operativos semanales en 100% localidades,4 unidades móviles + cobertura permanente + telemedicina rural,C,Corto (2025-2028),Depto. Salud Municipal,Depto. Salud Municipal + SECPLAN,Municipal,"Municipal + MINSAL + GORE O""Higgins",3,2,0,0,0,0,0
41,,,,Salud Recreación y Bienestar Social,Espacios de Autocuidado en Centros de Salud (Salud Mental),"Crear espacios de autocuidado y bienestar emocional en centros de salud comunales, con talleres de manejo del estrés, mindfulness, actividad física y apoyo psicológico grupal para usuarios y funcionarios.",Número de espacios de autocuidado implementados; Usuarios atendidos mensualmente; Índice de satisfacción usuaria en salud mental,0 espacios formales de autocuidado en centros de salud,3 espacios operativos en CESFAM principales + talleres semanales,Espacios de autocuidado en 100% centros de salud + programa permanente,C,Corto (2025-2028),Depto. Salud Municipal,Depto. Salud Municipal,Municipal,Municipal + MINSAL + SENDA,3,1,1,1,1,0,1
42,,,,Salud Recreación y Bienestar Social,Implementación EDICEP – Nuevas Estrategias de Salud Primaria (Piloto),"Poner en marcha el modelo EDICEP como piloto en los centros de salud primaria de Rengo, integrando equipos multidisciplinarios de intervención comunitaria, continuidad asistencial y evaluación participativa con la población de 65.786 habitantes, para mejorar indicadores de resolutividad y satisfacci",Número de CESFAM con modelo EDICEP implementado; Tasa de resolución en APS; Satisfacción usuaria,0 centros con modelo EDICEP,2 CESFAM piloto con modelo EDICEP operativo,100% red APS comunal con modelo EDICEP integrado,C,Corto (2025-2028),Depto. Salud Municipal,Depto. Salud Municipal + SECPLAN,Municipal,Municipal + MINSAL + Servicio Salud O'Higgins,3,1,0,0,0,0,0
43,,,,Salud Recreación y Bienestar Social,Implementación de Exámenes Preventivos,"Ampliar la cobertura de exámenes de medicina preventiva (EMPA/EMPAM) en la comuna, con énfasis en detección temprana de enfermedades crónicas, salud mental y factores de riesgo en población vulnerable.",Cobertura EMPA y EMPAM; Tasa de detección temprana de patologías crónicas; Número de exámenes realizados en operativos comunitarios,"Cobertura EMPA 45%, EMPAM 55%","EMPA 70%, EMPAM 80% + operativos en ferias y localidades","EMPA 90%, EMPAM 95% + sistema de seguimiento digital",C,Corto (2025-2028),Depto. Salud Municipal,Depto. Salud Municipal,Municipal,Municipal + MINSAL + FONASA,3,1,0,0,1,0,1
44,,,,Salud Recreación y Bienestar Social,"Programa de Envejecimiento Activo""Rengo Activo""","Desarrollar un programa integral de envejecimiento activo destinado a los 8.796 adultos mayores de Rengo, con talleres semanales de actividad fisica funcional, estimulación cognitiva, participación social, voluntariado senior y acceso a cultura y recreación en las sedes de las 330 organizaciones com",Adultos mayores participantes; Talleres realizados mensualmente; Evaluación funcional de participantes,Actividades dispersas sin programa integral de envejecimiento activo,Programa en 5 sectores + 500 adultos mayores participantes regulares,"Cobertura comunal + centros de envejecimiento activo + 1,500 participantes",C,Corto (2025-2028),Oficina Adulto Mayor,Oficina Adulto Mayor + Depto. Deportes + Depto. Salud,FNDR,Municipal + SENAMA + IND + FNDR,3,3,0,0,1,0,1
45,,,,Salud Recreación y Bienestar Social,"Programa de Nutrición Adultos Mayores""Nutriendo a Nuestros Mayores""","Fortalecer la nutrición de los adultos mayores de Rengo mediante evaluación nutricional individualizada en CESFAM, entrega de complementos alimentarios, talleres de alimentación saludable en sedes vecinales y creación de huertos comunitarios senior en localidades urbanas y rurales de la comuna.",Adultos mayores con evaluación nutricional; Complementos alimentarios entregados; Talleres de alimentación saludable realizados,Programa alimentario complementario (PACAM) con cobertura parcial,100% cobertura PACAM + evaluación nutricional integral + talleres mensuales,Programa nutricional integral + huertos senior + seguimiento personalizado,C,Corto (2025-2028),Depto. Salud Municipal,Depto. Salud Municipal + Oficina Adulto Mayor,Municipal,Municipal + MINSAL + JUNAEB + INTA,2,3,0,0,1,0,1
46,,,,Salud Recreación y Bienestar Social,"Programas Deportivos Comunitarios""Rengo Activo y Saludable""","Activar programas deportivos y de actividad física comunitaria en plazas, parques y los recintos deportivos de Rengo, con enfasis en adultos mayores, personas con discapacidad y familias de sectores vulnerables, contribuyendo a elevar los 1.96 m2/hab de áreas verdes como espacios de vida activa.",Número de programas deportivos comunitarios; Participantes regulares; Cobertura territorial de actividades,Programas deportivos centralizados con cobertura limitada,Programas en 80% sectores + talleres para adultos mayores y PcD,Cobertura 100% territorial + infraestructura deportiva mejorada + ligas comunales,C,Corto (2025-2028),Depto. Deportes,Depto. Deportes + Depto. Salud,FNDR,Municipal + IND + MINDEP + FNDR,3,3,0,0,1,1,1
47,,,,Salud Recreación y Bienestar Social,"Red de Cuidados para Adultos Mayores con Dependencia""Rengo Cuida""","Crear red comunal de cuidados para adultos mayores con dependencia, articulando servicios domiciliarios, respiro para cuidadores, ayudas técnicas y coordinación con red de salud formal.",Adultos mayores dependientes en red de cuidados; Servicios de respiro otorgados; Ayudas técnicas entregadas,Cuidados fragmentados sin red articulada,Red operativa en 5 sectores + 200 familias apoyadas,Red comunal completa + centro de cuidados + 500 familias en programa,M,Mediano (2028-2032),Oficina Adulto Mayor,Oficina Adulto Mayor + Depto. Salud + DIDECO,Municipal,Municipal + SENAMA + MINSAL + MDSF,3,2,0,1,1,0,1
48,,,,Salud Recreación y Bienestar Social,Reforzar Modelo de Salud Familiar,"Fortalecer el Modelo de Salud Familiar en toda la red comunal, consolidando equipos de cabecera, visitas domiciliarias integrales y planes de salud familiar con enfoque biopsicosocial y territorial.",Porcentaje de familias con plan de salud familiar activo; Número de visitas domiciliarias integrales; Cobertura de equipos de cabecera,60% familias inscritas con plan de salud familiar,85% familias con plan activo + visitas domiciliarias programadas,100% familias con plan integral + seguimiento continuo,C,Corto (2025-2028),Depto. Salud Municipal,Depto. Salud Municipal,Municipal,Municipal + MINSAL,3,2,0,1,1,0,1
49,,,,Salud Recreación y Bienestar Social,Rengo Previene: Exámenes y Vacunaciones en Ferias,"Realizar operativos de salud preventiva en ferias libres y espacios comunitarios de alta concurrencia, ofreciendo exámenes rápidos, vacunaciones, toma de presión y educación sanitaria.",Número de operativos en ferias realizados; Personas atendidas por operativo; Tasa de detección de patologías,Operativos esporádicos sin programación sistemática,Operativos quincenales en principales ferias + registro digital,Operativos semanales en toda la comuna + seguimiento de casos detectados,C,Corto (2025-2028),Depto. Salud Municipal,Depto. Salud Municipal,Municipal,Municipal + MINSAL,3,1,0,0,0,0,0
50,,,,Salud Recreación y Bienestar Social,"Salud Mental Adultos Mayores""Rengo Te Escucha""","Crear programa especializado de salud mental para adultos mayores, abordando depresión, ansiedad, duelo, soledad y deterioro cognitivo mediante atención psicológica, grupos terapéuticos y visitas domiciliarias.",Adultos mayores en programa de salud mental; Consultas psicológicas realizadas; Tamizaje de depresión geriátrica aplicado,Atención de salud mental geriátrica sin programa específico,Programa operativo en CESFAM + 300 adultos mayores atendidos/año,Cobertura comunal + equipo geriátrico-psiquiátrico + 800 atendidos/año,C,Corto (2025-2028),Depto. Salud Municipal,Depto. Salud Municipal + Oficina Adulto Mayor,Municipal,Municipal + MINSAL + SENAMA,3,2,0,0,1,0,1
51,,,,Salud Recreación y Bienestar Social,"Servicios de Atención Médica a Domicilio""Salud Cerca de Ti""","Crear programa de atención médica domiciliaria para personas con dependencia severa, adultos mayores postrados y pacientes crónicos que no pueden trasladarse a centros de salud.",Número de pacientes en programa domiciliario; Visitas domiciliarias mensuales; Reducción de hospitalizaciones evitables,Programa domiciliario con cobertura limitada,Cobertura 80% pacientes postrados + equipo multidisciplinario,100% cobertura + telemonitoreo + coordinación con hospital,C,Corto (2025-2028),Depto. Salud Municipal,Depto. Salud Municipal,Municipal,Municipal + MINSAL + Servicio Salud O'Higgins,3,2,0,0,1,0,1
52,,,,Salud Recreación y Bienestar Social,"Sistema Toma de Hora vía Celular y Web""Rengo Sin Espera""","Desplegar un sistema digital de agendamiento de horas médicas vía aplicación móvil y plataforma web para los usuarios de la red de salud comunal de Rengo, eliminando filas presenciales en CESFAM y postas rurales, con confirmacion automatica, recordatorios y modulo de cancelacion para reducir el ause",Porcentaje de horas agendadas digitalmente; Reducción de tiempos de espera; Satisfacción usuaria digital,Agendamiento mayoritariamente presencial y telefónico,60% horas agendadas vía digital + app móvil operativa,90% agendamiento digital + integración con ficha clínica electrónica,C,Corto (2025-2028),Depto. Salud Municipal,Depto. Salud Municipal + Informática,FNDR,Municipal + MINSAL + FNDR,3,2,0,0,0,0,0
53,,,OE 1.5 Reducir consumo de alcohol y drogas mediante prevención y rehabilitación comunitaria,Salud Recreación y Bienestar Social,Apoyo Psicológico en Escuelas,"Fortalecer la dotación de profesionales de salud mental en establecimientos educacionales, implementando programas de apoyo psicológico, detección temprana y derivación oportuna para estudiantes.",Número de psicólogos en establecimientos; Estudiantes atendidos; Tasa de derivación oportuna a red de salud,Cobertura parcial de apoyo psicológico escolar,1 psicólogo por establecimiento municipal + protocolos de detección,Equipo multidisciplinario por establecimiento + programa preventivo integral,C,Corto (2025-2028),DAEM,DAEM + Depto. Salud Municipal + OPD,Municipal,Municipal + MINEDUC + MINSAL,3,2,1,0,0,0,1
54,,,,Salud Recreación y Bienestar Social,Programa de Seguridad Digital para Niños y Adolescentes,"Ejecutar un programa de educación en seguridad digital para niños, niñas y adolescentes en los 32 establecimientos educacionales de la comuna, abordando ciberbullying, grooming, uso responsable de redes sociales y adicciones digitales, con talleres para apoderados y protocolos de intervención escola",Número de establecimientos con programa implementado; NNA capacitados; Casos de ciberbullying reportados y atendidos,0 establecimientos con programa formal de seguridad digital,80% establecimientos municipales con programa + capacitación docentes,100% establecimientos + extensión a comunidad + protocolo de atención,C,Corto (2025-2028),DAEM,DAEM + Depto. Salud + OPD,Municipal,Municipal + SENDA + SUBTEL + MINEDUC,3,3,1,0,0,0,1
55,2,Eje 2: Desarrollo Económico Comunal,OE 2.1 Fortalecer el Ecosistema Productivo y de Emprendimiento Local,Desarrollo Económico Comunal,Alianza Público-Privada: Incubación Proyectos,"Crear un programa de incubación de proyectos productivos con alianzas público-privadas, ofreciendo mentoría, financiamiento semilla y conexión con mercados.",Proyectos incubados; Participación público-privada; Impacto económico,0 programas de incubación local,1 programa; 10 proyectos incubados,1 programa consolidado; 30 proyectos; 15 empresas operativas,M,Mediano (2028-2032),SECPLAN,SECPLAN + OMIL,Municipal,CORFO + Municipal + PPP,8,3,0,0,0,0,0
56,,,,Desarrollo Económico Comunal,Centro Estratégico de Negocios,"Crear un centro de servicios empresariales que ofrezca asesoría legal, contable, financiera y de innovación a emprendedores y empresas de Rengo.",Empresas atendidas; Mejora en competitividad; Satisfacción de usuarios,0 centros de negocios municipales,1 centro operativo; 100 empresas atendidas,1 centro consolidado; 300 empresas/año; 80% satisfacción,M,Mediano (2028-2032),SECPLAN,SECPLAN + OMIL,Municipal,Municipal + CORFO + SERCOTEC + GORE,8,3,0,0,0,0,0
57,,,,Desarrollo Económico Comunal,Creación Centro Emprende Más,"Crear un centro de emprendimiento e innovación que ofrezca incubación, aceleración, mentoría y acceso a redes para startups y emprendedores de Rengo.",Emprendedores atendidos; Negocios creados; Satisfacción de usuarios,0 centros de emprendimiento,1 centro operativo; 50 emprendedores; 10 negocios,1 centro consolidado; 150 emprendedores/año; 30 negocios creados,M,Mediano (2028-2032),SECPLAN,SECPLAN + OMIL,Municipal,CORFO + Municipal + GORE,4,3,0,0,0,0,0
58,,,,Desarrollo Económico Comunal,Desarrollo Espacios de Comercio para Emprendedores,"Crear espacios de comercio tipo vega/abastecimiento para emprendedores locales, con infraestructura adecuada, servicios básicos y gestión asociativa.",Espacios comerciales habilitados; Empresarios beneficiados; Impacto en ventas,0 espacios comerciales municipales para emprendedores,1 espacio; 30 emprendedores,3 espacios; 80 emprendedores; $150M ventas anuales,M,Mediano (2028-2032),SECPLAN,SECPLAN + DIDECO,FNDR,FNDR + Municipal + SERCOTEC,8,3,0,0,0,0,0
59,,,,Desarrollo Económico Comunal,Edificio de Fomento Productivo: Cowork y Capacitación,"Estudiar la construir un edificio de fomento productivo con espacios de coworking, salas de capacitación, laboratorio de prototipado y oficinas de atención a emprendedores.",Progreso de construcción (%); Emprendedores usuarios; Startups creadas,0 espacios de coworking municipal,100% diseño; 30% construcción,100% operativo; 200 emprendedores/año; 20 startups creadas,L,Largo (2032-2035),SECPLAN,SECPLAN + DOM,FNDR,FNDR + CORFO + GORE + Municipal,8,3,1,0,0,0,1
60,,,,Desarrollo Económico Comunal,Feria Permanente de Productores Locales,"Establecer una feria semanal permanente de productores locales con productos agrícolas, artesanales y gastronómicos, fortaleciendo la cadena de valor local.",Ferias semanales realizadas; Ventas totales de productores; Participación de productores,Ferias esporádicas sin periodicidad,48 ferias/año; 40 productores; $80M ventas,48 ferias/año; 80 productores; $200M ventas; marca local,C,Corto (2025-2028),DIDECO,DIDECO + OMIL,Municipal,Municipal + INDAP + SERCOTEC,1,3,0,0,0,0,0
61,,,,Desarrollo Económico Comunal,Fomento a la Inversión,"Diseñar e implementar incentivos fiscales y administrativos para atraer inversiones productivas a Rengo, incluyendo reducción de patentes, ventanilla única y zonificación preferente.",Incentivos implementados; Monto de inversión atraída; Empleos generados,Sin política de incentivos a la inversión,Marco de incentivos aprobado; $300M inversión nueva,Política consolidada; $2.000M inversión acumulada; 200 empleos,M,Mediano (2028-2032),Alcaldía,Alcaldía + SECPLAN + DAF,Municipal,Municipal + CORFO + GORE,8,3,0,0,0,0,0
62,,,,Desarrollo Económico Comunal,Formalización y Regulación de Ferias Locales,"Formalizar y regular las ferias libres y temáticas de Rengo, mejorando condiciones sanitarias, tributarias y de infraestructura para comerciantes y consumidores.",Ferias formalizadas; Recaudación por permisos; Satisfacción de feriantes y usuarios,Ferias con regulación parcial,100% ferias formalizadas; $20M recaudacion,100% ferias reguladas; $50M recaudación; infraestructura mejorada,C,Corto (2025-2028),DOM,DOM + DAF,Municipal,Municipal,8,3,0,0,0,0,0
63,,,,Desarrollo Económico Comunal,Fortaleciendo el Futuro: Apoyo Microempresarios,"Brindar apoyo integral a microempresarios con mentorías, capacitación en formalización, marketing digital y acceso a microcréditos, reduciendo la informalidad económica.",Microempresarios apoyados; Incremento en ventas; Satisfacción de beneficiarios,Sin programa de apoyo a microempresarios,80 microempresarios; 20% aumento ventas,200 microempresarios; 30% formalización; $100M en ventas adicionales,C,Corto (2025-2028),OMIL,OMIL + DIDECO,Municipal,Municipal + SERCOTEC + FOSIS,1,3,1,0,0,0,1
64,,,,Desarrollo Económico Comunal,Rengo Destino de Oportunidades: Atracción de Inversiones,"Desarrollar una estrategia de atracción de inversiones que posicione a Rengo como destino competitivo, ofreciendo facilidades administrativas, información territorial y alianzas público-privadas.",Inversiones atraídas; Monto total invertido; Empleos generados; Diversificación productiva,Sin estrategia de atracción de inversiones,3 inversiones nuevas; $500M monto; 50 empleos,10 inversiones; $3.000M monto; 300 empleos directos,M,Mediano (2028-2032),SECPLAN,SECPLAN + Alcaldía,Municipal,Municipal + CORFO + GORE + PPP,8,3,0,0,0,0,0
65,,,,Desarrollo Económico Comunal,Rengo Impulsa tu Negocio: Fortalecimiento PYMEs,"Apoyar a PYMEs de Rengo con asistencia técnica, capacitación en gestión, acceso a financiamiento y vinculación con mercados, fortaleciendo el tejido productivo local.",PYMEs apoyadas; Crecimiento en ventas de PYMEs; Satisfacción de empresarios,Sin programa municipal de apoyo PYME,50 PYMEs apoyadas; 15% crecimiento promedio,150 PYMEs apoyadas; 25% crecimiento; red empresarial activa,C,Corto (2025-2028),OMIL,OMIL + SECPLAN,Municipal,Municipal + SERCOTEC + CORFO + GORE,8,3,0,0,0,0,0
66,,,OE 2.2 Mejorar la Empleabilidad y la Capacitación Laboral,Desarrollo Económico Comunal,Capacitación en Oficios para Reinserción Laboral,"Desarrollar programas de capacitación en oficios de alta demanda local (electricidad, gasfiteria, soldadura, mecanica, repostería) para personas desempleadas y en situación de vulnerabilidad de Rengo, articulados con SENCE y el sector productivo de las 4.829 empresas comunales para facilitar la rein",Personas capacitadas; Tasa de reinserción laboral; Oficios impartidos,50 personas capacitadas/año vía OMIL,150 personas/año; 55% reinserción; 8 oficios,300 personas/año; 65% reinserción; 15 oficios,C,Corto (2025-2028),OMIL,OMIL,Municipal,SENCE + FOSIS + Municipal,1,3,1,0,0,0,1
67,,,,Desarrollo Económico Comunal,Empoderamiento: Fortalecimiento Jefas de Hogar,"Apoyar a jefas de hogar con programas de emprendimiento, capacitación laboral, cuidado infantil y redes de apoyo para su inserción económica efectiva.",Mujeres beneficiarias; Participación económica activa; Satisfacción de beneficiarias,Programa Jefas de Hogar SERNAM con cobertura limitada,100 mujeres/año; 50% inserción laboral,250 mujeres/año; 65% inserción laboral; red de apoyo operativa,C,Corto (2025-2028),DIDECO,DIDECO + OMIL,Municipal,Municipal + SERNAM + PRODEMU + SENCE,1,3,1,1,0,0,1
68,,,,Desarrollo Económico Comunal,Fuerza Laboral Tengo: Formación SENCE,"Articular con SENCE una oferta de capacitación laboral en oficios demandados por el mercado local y regional de Rengo, priorizando sectores agroindustrial, servicios y comercio donde se concentra el 57% de empleo estacional, con certificación de competencias y vinculación directa con empleadores de ",Personas capacitadas; Tasa de empleo post-capacitación; Cursos realizados,120 capacitados/año vía OMIL,300 capacitados/año; 60% empleo post,600 capacitados/año; 70% empleo post; 30 oficios ofrecidos,C,Corto (2025-2028),OMIL,OMIL,Municipal,SENCE + Municipal + GORE,4,3,1,1,0,0,1
69,,,,Desarrollo Económico Comunal,Programa Capacitación Comerciantes Locales,"Capacitar a comerciantes del centro de Rengo y Rosario en marketing digital, gestión financiera, atención al cliente y comercio electrónico.",Comerciantes capacitados; Incremento en ventas post-capacitación; Satisfacción,0 programas de capacitación para comerciantes,100 comerciantes; 15% aumento ventas,300 comerciantes; 25% aumento ventas; 50% con venta online,C,Corto (2025-2028),OMIL,OMIL + DIDECO,Municipal,SERCOTEC + SENCE + Municipal,4,3,1,0,0,0,1
70,,,OE 2.3 Polos emprendimiento,Desarrollo Económico,Crear Polos Gastronómico y Comercial en Sector El Rodeo,"Diseñar y construir un polo gastronómico y comercial en el sector El Rodeo de Rengo, habilitando infraestructura para restaurantes, locales de productos típicos y espacios de encuentro que potencien la identidad culinaria de la Cuenca del Río Claro y diversifiquen la economía local más allá del empl",Polos comerciales creados; Emprendimientos formalizados; Ingresos generados por polo,Por establecer,Avance 50%,100% implementado,M,Mediano (2028-2032),Dir. Des. Económico,Dir. Des. Económico + Jurídica,Municipal,SERCOTEC + SENCE + Municipal,4,3,0,0,0,0,0
71,,,,Desarrollo Económico,R12: Ordenanza de Desarrollo Económico Local,"Regular fomento productivo, emprendimiento, mercados campesinos, turismo vitivinícola y economía local.",Ordenanza aprobada,Sin ordenanza desarrollo económico,Ordenanza + reglamento ferias,Evaluación impacto,L,Largo (2032-2035),Dir. Des. Económico,Dir. Des. Económico + Jurídica,Municipal,Municipal + CORFO,8,2,0,0,0,0,0
72,,,OE 2.3 Promover la Economía Solidaria y Colaborativa,Desarrollo Económico Comunal,Programa Sinergia Renguina,Crear un programa de intercambio de servicios vecinales y economía colaborativa que fortalezca la cohesión social y optimice recursos comunitarios.,Intercambios de servicios registrados; Participación vecinal; Índice de cohesión social,0 programas de economía colaborativa,1 programa piloto; 200 familias; 500 intercambios,1 programa consolidado; 800 familias; 3.000 intercambios/año,M,Mediano (2028-2032),DIDECO,DIDECO,Municipal,Municipal + FOSIS,1,3,1,0,0,1,1
73,3,Eje 3: Educacion y Capacitacion para el Desarrollo Humano,OE 3.1 Mejorar la Calidad y Convivencia en los Establecimientos Educacionales,Educación y Capacitación,Mejora Integral Trabajo Psicosocial,"Coordinar el trabajo psicosocial del DAEM con redes de infancia, salud y protección social para atención integral de estudiantes y familias vulnerables.",Atenciones integrales realizadas; Bienestar de familias atendidas; Derivaciones efectivas,Coordinación parcial DAEM-redes,Protocolo intersectorial operativo; 500 familias atendidas,1.000 familias/año; red integrada; 90% derivaciones efectivas,C,Corto (2025-2028),DAEM,DAEM + Depto. Salud + DIDECO,Municipal,Municipal + SENAME + Mejor Niñez + MINEDUC,1,3,1,1,1,0,1
74,,,,Educación y Capacitación,Mejora Profesionales Psicosociales,"Fortalecer los equipos psicosociales de establecimientos educacionales municipales con más profesionales (psicólogos, trabajadores sociales, fonoaudiólogos) y mejores condiciones laborales.",Profesionales contratados; Atenciones psicosociales realizadas; Bienestar estudiantil,Equipos psicosociales insuficientes en DAEM,50% aumento dotación; 1.500 atenciones/año,100% cobertura; 3.000 atenciones/año; protocolo unificado,C,Corto (2025-2028),DAEM,DAEM,Municipal,Municipal + SEP + PIE + MINEDUC,3,3,1,1,0,0,1
75,,,,Educación y Capacitación,"Política Comunal de Convivencia Educativa ""Mejor Comunidad""","Diseñar e implementar una política comunal de convivencia educativa que prevenga el bullying, promueva el buen trato y genere ambientes escolares seguros e inclusivos.",Incidentes de violencia escolar; Participación en programas de convivencia; Satisfacción de comunidad educativa,"23,75% NNA con experiencia de bullying",Política aprobada; 15% reducción bullying,8% bullying; 90% escuelas con programa activo; 85% satisfacción,C,Corto (2025-2028),DAEM,DAEM,Municipal,Municipal + MINEDUC + SENDA,4,3,1,0,0,1,1
76,,,,Educación y Capacitación,"Talleres ""Campamentos Invierno/Verano"" y After School","Organizar talleres extracurriculares y campamentos durante vacaciones de invierno y verano, más programas After School en los 32 establecimientos educacionales de Rengo, ofreciendo actividades artísticas, deportivas, científicas y tecnológicas que complementen la formación de estudiantes y apoyen la",Talleres ofrecidos; Participación de estudiantes; Rendimiento académico asociado,Talleres esporádicos sin programa formal,20 talleres/año; 500 estudiantes,40 talleres/año; 1.200 estudiantes; mejora 10% rendimiento,C,Corto (2025-2028),DAEM,DAEM + DIDECO,Municipal,Municipal + MINEDUC + CNCA,4,3,1,0,1,0,1
77,,,OE 3.2 Modernizar la Infraestructura y Equipamiento Educativo,Educación y Capacitación,"Fortalecimiento Educación Parvularia ""Las Semillas de Rengo""","Fortalecer la educación parvularia municipal con mejoras en infraestructura, material didáctico, capacitación de educadoras y ampliación de cobertura.",Mejoras en establecimientos parvularios; Indicadores de desarrollo infantil; Participación de apoderados,"50,9% cobertura preescolar",65% cobertura; 3 jardines mejorados,80% cobertura; 100% jardines municipales mejorados; estándares JUNJI,M,Mediano (2028-2032),DAEM,DAEM,Municipal,Municipal + JUNJI + Integra + MINEDUC,4,3,1,0,0,0,1
78,,,,Educación y Capacitación,Mejoramiento Calidad e Infraestructura Educativa,"Mejorar la infraestructura y equipamiento de establecimientos educacionales municipales, incluyendo reparaciones, laboratorios, bibliotecas y tecnología educativa.",Establecimientos mejorados; Satisfacción de comunidad educativa; Indicadores de calidad educativa,Sin plan de mejoramiento integral,5 establecimientos mejorados; 80% satisfacción,100% establecimientos mejorados; 90% satisfacción; mejora SIMCE,M,Mediano (2028-2032),DAEM,DAEM + DOM,FNDR,FNDR + MINEDUC + Municipal,4,3,0,0,0,0,0
79,,,,Educación y Capacitación,"Potenciar Liceos ""Educación del Futuro""","Modernizar liceos municipales con infraestructura tecnológica, laboratorios, talleres técnico-profesionales y ampliación de cupos para enseñanza media.",Infraestructura modernizada; Resultados académicos; Cupos disponibles en I medio,Liceos con infraestructura desactualizada,2 liceos modernizados; 10% mejora resultados,100% liceos modernizados; 20% mejora SIMCE; ampliación cupos,M,Mediano (2028-2032),DAEM,DAEM + DOM,FNDR,FNDR + MINEDUC + Municipal + FAE,4,3,1,0,0,0,1
80,,,OE 3.3 Fortalecer el Acceso a la Educación Superior y Continua,Educación y Capacitación,Administración Educacional: Traspaso Eficiente,"Gestionar el traspaso de la educación municipal al Servicio Local de Educación Pública (SEP) de manera transparente, participativa y sin interrupciones de servicio.",Procesos de traspaso completados; Transparencia percibida; Satisfacción de funcionarios,Traspaso a SLEP pendiente,Plan de traspaso aprobado; 50% procesos completados,100% traspaso completado; continuidad de servicio; 80% satisfacción,M,Mediano (2028-2032),DAEM,DAEM + Alcaldía,Municipal,Municipal + MINEDUC + SLEP,4,3,0,0,0,0,0
81,,,,Educación y Capacitación,Alianzas Educativas para el Futuro,"Establecer alianzas con universidades, centros de formación técnica e instituciones de investigación para mejorar la calidad educativa y ampliar oportunidades de formación.",Alianzas formalizadas; Proyectos conjuntos; Impacto en calidad educativa,1 alianza parcial con UOH,5 alianzas; 3 proyectos conjuntos,10 alianzas; 8 proyectos; programa de prácticas activo,M,Mediano (2028-2032),DAEM,DAEM + SECPLAN,Municipal,Municipal + MINEDUC + Universidades + GORE,4,3,1,0,0,0,1
82,,,,Educación y Capacitación,"Capacitaciones Adultos ""Rengo Te Capacita""","Ofrecer cursos de capacitación para adultos mayores en alfabetización digital, idiomas, manualidades y habilidades prácticas, promoviendo el aprendizaje permanente.",Adultos mayores capacitados; Participación en cursos; Habilidades adquiridas,0 programas formales de capacitación para adultos mayores,100 adultos mayores/año; 6 cursos,300 adultos mayores/año; 12 cursos; 80% alfabetización digital,C,Corto (2025-2028),DIDECO,DIDECO + OMIL,Municipal,Municipal + SENAMA + SENCE,4,3,0,0,1,1,1
83,,,,Educación y Capacitación,Escuela Empoderamiento para Padres,"Crear una escuela para padres y apoderados con talleres sobre desarrollo infantil, habilidades parentales, convivencia digital y apoyo al aprendizaje en el hogar.",Talleres realizados; Participación de padres y apoderados; Satisfacción de familias,0 programas formales de escuela para padres,12 talleres/año; 300 padres,24 talleres/año; 800 padres; 85% satisfacción,C,Corto (2025-2028),DAEM,DAEM + DIDECO,Municipal,Municipal + MINEDUC + SENDA,4,3,1,1,0,0,1
84,,,,Educación y Capacitación,"Fomento Educación Superior ""Formación para el Futuro""","Crear un programa de orientación vocacional, becas municipales y apoyo a la postulación a beneficios estatales (FUAS, Gratuidad, Becas Chile) para egresados de los establecimientos de Rengo, mejorando el acceso a educación superior desde una comuna con 76% de matrícula municipal y PAES promedio de 8",Matrícula en educación superior; Programas de orientación realizados; Empleabilidad de egresados,39% acceso a educación superior,45% acceso; 300 orientaciones/año,55% acceso; 500 orientaciones/año; 80% empleabilidad egresados,M,Mediano (2028-2032),DAEM,DAEM + OMIL,Municipal,Municipal + MINEDUC + Universidades + JUNAEB,4,3,1,0,0,0,1
85,,,,Educación y Capacitación,Mejoramiento Alianza Preuniversitaria,"Fortalecer el programa preuniversitario municipal con más cupos, tutorías personalizadas y convenios con universidades para facilitar el acceso a educación superior.",Estudiantes en programa; Ingreso a universidades; Satisfacción de beneficiarios,Preuniversitario municipal con cobertura limitada,200 estudiantes/año; 60% ingreso universidad,400 estudiantes/año; 75% ingreso; convenios con 5 universidades,C,Corto (2025-2028),DAEM,DAEM,Municipal,Municipal + MINEDUC + Universidades,4,3,1,0,0,0,1
86,,,,Educación y Capacitación,Rescatando Oficios Tradicionales,"Crear un programa de formación en oficios tradicionales (herrería, talabartería, tejido, alfarería) que preserve saberes ancestrales y genere oportunidades económicas.",Capacitaciones en oficios realizadas; Participación de aprendices; Empleabilidad en oficios,0 programas de oficios tradicionales,3 oficios enseñados; 60 aprendices,8 oficios; 200 aprendices; feria de oficios anual,M,Mediano (2028-2032),DIDECO,DIDECO + OMIL,Municipal,Municipal + CNCA + Fondart + SENCE,4,3,1,0,0,0,1
219,4,"Eje 4: Desarrollo Urbano, Vivienda, Infraestructura, Vialidad y Medio Ambiente",OE 4.1 Actualizar el Plan Regulador Comunal con enfoque de desarrollo sostenible,Vivienda y Urbanismo Comunal,Actualización Odenanza de Espacios Públicos,Actualizar y modernizar la Ordenanza Municipal de Espacios Públicos para incorporar estándares contemporáneos de planificación urbana que permitan desconcentrar el desarrollo territorial del centro histórico hacia sectores periféricos y rurales. La nueva ordenanza establece criterios para la creació,Ordenanza aprobada por Concejo Municipal (S/N); N° de espacios públicos regulados; Superficie m² nuevos espacios planificados; Zonas periféricas con normativa,"Ordenanza de Espacios Públicos desactualizada; áreas verdes 1,96 m²/hab (déficit vs OMS)",Ordenanza nueva aprobada por Concejo; 5 nuevos espacios públicos regulados en instrumento de planificación,Áreas verdes per cápita >= 4 m²/hab; 15 nuevos parques/plazas habilitados; normativa descentralizadora vigente,C,Corto (2025-2028),SECPLAN,SECPLAN + DOM + Concejo Municipal,Municipal,Municipal + MINVU + GORE,11,3,0,0,0,0,0
87,,,,,Ciudad Verde: Planificación Urbana Sostenible,"Actualizar el Plan Regulador Comunal integrando criterios de sostenibilidad, áreas verdes, movilidad sustentable, gestión de riesgos y participación ciudadana en la planificación territorial.",Avance actualización PRC; Superficie áreas verdes (m²/hab); Participación ciudadana en planificación,PRC desactualizado (16 años) + 1.96 m²/hab áreas verdes,PRC actualizado y aprobado + meta 4 m²/hab áreas verdes,PRC implementado + 7 m²/hab áreas verdes + planificación territorial integral,M,Mediano (2028-2032),SECPLAN,SECPLAN + DOM + Depto. Medio Ambiente,Municipal,Municipal + MINVU + SEREMI MINVU + GORE,11,3,0,0,0,0,0
88,,,,,"Desarrollo de Viviendas Sociales""Hogar Digno""","Gestionar y ejecutar proyectos de vivienda social para reducir el déficit habitacional comunal, articulando subsidios MINVU, terrenos municipales y comités de vivienda organizados.",Viviendas sociales construidas; Familias beneficiadas; Reducción déficit habitacional (%),"Déficit habitacional 5,9% (1.401 unidades) + lista de espera extensa",500 viviendas gestionadas + reducción déficit a 20%,"1,500 viviendas + déficit bajo 10% + integración social garantizada",L,Largo (2032-2035),Depto. Vivienda,Depto. Vivienda + SECPLAN + DOM,FNDR,Municipal + MINVU + SERVIU + FNDR + GORE,1,2,0,0,0,0,0
89,,,,,Plan Maestro de Urbanización Sostenible,"Elaborar plan maestro de urbanización sostenible que oriente el crecimiento urbano con infraestructura verde, conectividad, equipamiento comunitario y gestión integrada de recursos hídricos.",Plan maestro elaborado y aprobado; Proyectos derivados en ejecución; Indicadores de sostenibilidad urbana,Sin plan maestro de urbanización sostenible,Plan maestro aprobado + primeros proyectos en ejecución,Plan maestro implementado al 70% + indicadores de sostenibilidad positivos,L,Largo (2032-2035),SECPLAN,SECPLAN + DOM + Depto. Medio Ambiente,Municipal,Municipal + MINVU + MOP + MMA + GORE,6,3,0,0,0,0,0
220,,,OE 4.1 Modernizar la Infraestructura Vial y de Conectividad,Infraestructura Vialidad Comunal y Medio Ambiente,Crecimiento y Resguardo Comunal: Prevención desde los territorios,"Promover un modelo de crecimiento territorial, habitacional y urbano que integre la reserva planificada de suelo para la instalación futura de servicios públicos y equipamiento de emergencia. La iniciativa contempla la incorporación de criterios de resguardo en el Plan Regulador Comunal (PRC), defin",N° de terrenos reservados para servicios de emergencia; PRC actualizado con criterio de resguardo (S/N); N° sectores críticos cubiertos,Sin reserva formal de suelo para emergencia en 4 sectores críticos; sin criterio de resguardo en instrumento de planificación,2 terrenos reservados para cuarteles de Bomberos; PRC con criterio de resguardo incorporado,4 sectores críticos cubiertos con infraestructura de emergencia planificada; suelo resguardado en plan regulador,L,Largo (2032-2035),SECPLAN,SECPLAN + DOM + Alcaldía,FNDR,Municipal + FNDR + GORE + MINVU,11,3,0,0,0,0,0
90,,,,Infraestructura Vialidad Comunal y Medio Ambiente,Ciclovías Conectadas,"Diseñar y construir una red integrada de ciclovías que conectan barrios residenciales con centros de servicios, comercio y equipamiento, promoviendo movilidad sustentable.",Km de ciclovías construidos; Reducción de emisiones estimada; Uso diario de ciclovías,0 km de ciclovías,8 km red básica; 500 usuarios/día,20 km red integrada; 2.000 usuarios/día; -15% emisiones transporte,L,Largo (2032-2035),SECPLAN,SECPLAN + DOM,FNDR,FNDR + MOP + MINVU + Municipal,11,3,0,0,0,0,0
91,,,,Infraestructura Vialidad Comunal y Medio Ambiente,"Mejoramiento de Avenida Libertad ""Rosario que Queremos""","Estudiar, Diseñar y Construir mejoras de Avenida Libertad en Rosario como eje estructurante con ciclovía, veredas amplias, arborización y conectividad con Rengo urbano.",Progreso de construcción (%); Satisfacción vecinal; Conectividad mejorada,0% avance; sin diseño,100% diseño; 30% construcción,100% construida; 85% satisfacción; tiempo de viaje Rosario-Rengo -30%,L,Largo (2032-2035),SECPLAN,SECPLAN + DOM,FNDR,FNDR + MOP + GORE + Municipal,9,3,0,0,0,0,0
92,,,,Infraestructura Vialidad Comunal y Medio Ambiente,"Mejoramiento Ruta H-50 ""Innovación y Seguridad""","Modernizar la Ruta H 50 con mejoras en pavimentación, señalética, iluminación y seguridad vial, mejorando la conectividad intercomunal de Rengo.",Km modernizados; Reducción de accidentes; Satisfacción de usuarios,Ruta H 50 con tramos deteriorados,5 km modernizados; 20% reducción accidentes,100% ruta modernizada; 40% reducción accidentes; señalética completa,M,Mediano (2028-2032),SECPLAN,SECPLAN + DOM,FNDR,MOP + FNDR + GORE,9,3,0,0,0,0,0
93,,,,Infraestructura Vialidad Comunal y Medio Ambiente,"Estudiar, Diseñar e Instalar Caseta de reparación de bicicletas en rutas interiores de la comuna","Estudiar, diseñar e instalar casetas de reparación y mantención de bicicletas en las rutas interiores de la comuna de Rengo, ubicadas en puntos estratégicos de conexión urbano-rural, equipadas con herramientas básicas, infladores y kit de emergencia para fomentar la movilidad sustentable en los 592 ",Km de ciclovías construidas; Estaciones de reparación instaladas; Usuarios ciclistas,Por establecer,Avance 50%,100% implementado,M,Mediano (2028-2032),DOM,DOM + SECPLAN,FNDR,FNDR + MINVU + Municipal,6,4,0,0,0,0,0
94,,,,Infraestructura Vialidad Comunal y Medio Ambiente,"Paraderos Inteligentes ""Todos Conectados""","Instalar paraderos de transporte público con tecnología inteligente (pantallas informativas, carga USB, iluminación solar, WiFi) mejorando la experiencia del usuario.",Paraderos inteligentes instalados; Satisfacción de usuarios; Reducción tiempos de espera percibidos,Paraderos convencionales sin tecnología,10 paraderos inteligentes; 80% satisfacción,30 paraderos; 90% satisfacción; 100% accesibilidad universal,M,Mediano (2028-2032),SECPLAN,SECPLAN + DOM,FNDR,FNDR + MTT + GORE + Municipal,9,3,0,0,0,0,0
95,,,,Infraestructura Vialidad Comunal y Medio Ambiente,Rengo Conectado: Potenciando Movilidad,"Desarrollar una cartera de proyectos integrales de movilidad urbana que incluyan transporte público, ciclovías, veredas accesibles y señalización inteligente para mejorar la conectividad interna.",Proyectos de movilidad ejecutados; Reducción tiempos de desplazamiento; Accesibilidad mejorada,Sin plan integral de movilidad,Plan aprobado; 3 proyectos ejecutados,10 proyectos ejecutados; 20% reducción tiempos; 100% veredas accesibles centro,L,Largo (2032-2035),SECPLAN,SECPLAN + DOM,FNDR,FNDR + MOP + MINVU + MTT + Municipal,9,3,0,0,0,0,0
96,,,,Infraestructura Vialidad Comunal y Medio Ambiente,"Estudio, Diseño y Ejecución de Cartera de Proyecto de Movilidad: Mejoramiento de vías de alta frecuencia y conectividad ","Elaborar un estudio técnico y ejecutar la cartera de proyectos de movilidad que mejore vías de alta frecuencia vehicular y conectividad interna de Rengo, priorizando los ejes que vinculan el centro urbano con Rosario, Esmeralda y localidades rurales, con diseño vial actualizado, señalización y carpe",Km de vías mejoradas; Proyectos ejecutados; Reducción tiempos desplazamiento,Por establecer,Avance 50%,100% implementado,C,Corto (2025-2028),DOM,DOM + SECPLAN,FNDR,FNDR + MINVU + Municipal,6,4,0,0,0,0,0
97,,,,Infraestructura Vialidad Comunal y Medio Ambiente,Estudio de nueva zona de ingreso y salida de Rengo,"Desarrollar un estudio de ingeniería para definir una nueva zona de acceso y salida de Rengo que descomprima los puntos críticos de congestión actuales, evaluando alternativas de conexión con la Ruta 5 Sur y el futuro trazado del Metro Tren, con análisis de flujos vehiculares y diseno geometrico.",Estudio de factibilidad completado; Diseño aprobado; Obra ejecutada (%),Por establecer,Avance 50%,100% implementado,M,Mediano (2028-2032),SECPLAN,SECPLAN + DOM,FNDR,FNDR + MINVU + SERVIU + Municipal,9,3,0,0,0,0,0
98,,,,Infraestructura Vialidad Comunal y Medio Ambiente,Estudiar vías alternativas en la Comuna de Rengo: Desconcentración del Centro - Periferia,"Desarrollar un estudio técnico de factibilidad para vías alternativas que descongestionan el transito en los ejes principales de la comuna, considerando la conexión Rengo-Rosario, los cruces de la Ruta 5 Sur y la integración con el Metrotren, incluyendo propuestas de diseño vial con estándares de se",Indicador de gestión; Indicador de resultado; Indicador de impacto,Por establecer,Avance 50%,100% implementado,M,Mediano (2028-2032),SECPLAN,SECPLAN + DOM,FNDR,FNDR + MINVU + SERVIU + Municipal,9,3,0,0,0,0,0
99,,,,Infraestructura Vialidad Comunal y Medio Ambiente,"Soleras, Calles y Ciclovías ""Construyendo el Rengo""","Ejecutar un programa integral de pavimentación, soleras, cunetas y ciclovías en barrios y sectores con déficit vial, mejorando la calidad de vida y movilidad.",Km de ciclovías construidos; Calles mejoradas; Uso de ciclovías,0 km ciclovías; calles sin pavimentar en periferias,3 km ciclovías; 10 calles pavimentadas,12 km ciclovías; 40 calles; red vial integrada,M,Mediano (2028-2032),SECPLAN,SECPLAN + DOM,FNDR,FNDR + MINVU + SERVIU + Municipal,9,3,0,0,0,0,0
100,,,OE 4.2 Impulsar programas de regeneración barrial y mejoramiento de viviendas,Vivienda y Urbanismo Comunal,Apoyo al Mejoramiento de Viviendas Existentes,"Gestionar subsidios y programas de mejoramiento de viviendas existentes para familias vulnerables, incluyendo ampliación, reparación, mejoramiento de baños, cocinas y habitabilidad general.",Viviendas mejoradas; Subsidios gestionados; Familias beneficiadas; Inversión en mejoramiento,Gestión limitada de subsidios de mejoramiento,300 viviendas mejoradas + gestión activa de subsidios MINVU,"1,000 viviendas mejoradas + programa permanente + estándar de habitabilidad comunal",M,Mediano (2028-2032),Depto. Vivienda,Depto. Vivienda + DIDECO + SECPLAN,FNDR,Municipal + MINVU + SERVIU + FNDR,1,2,0,0,0,0,0
101,,,,Vivienda y Urbanismo Comunal,"Creación y Restauración de Espacios Públicos""Rengo Verde""","Crear nuevos espacios públicos y restaurar los existentes con áreas verdes, mobiliario urbano, iluminación, juegos infantiles inclusivos y diseño participativo con la comunidad.",Espacios públicos creados/restaurados; Superficie de áreas verdes nuevas (m²); Participación comunitaria en diseño,Déficit crítico de áreas verdes: 1.96 m²/hab,15 espacios restaurados + 5 nuevos + meta 3.5 m²/hab,40 espacios restaurados/nuevos + 6 m²/hab + sistema de mantención comunitaria,M,Mediano (2028-2032),SECPLAN,SECPLAN + DOM + Depto. Medio Ambiente + Aseo y Ornato,FNDR,Municipal + MINVU + FNDR + GORE + CONAF,11,3,0,0,0,1,1
102,,,,Vivienda y Urbanismo Comunal,Modernización Vial: Reconstrucción de Calles y Veredas,"Ejecutar plan integral de mejoramiento vial con reconstrucción de calles, veredas, accesibilidad universal, señalética y drenaje en sectores prioritarios de la comuna.",Kilómetros de calles reconstruidos; Veredas con accesibilidad universal; Inversión ejecutada,Infraestructura vial con deterioro significativo en múltiples sectores,20 km de calles reconstruidas + veredas accesibles en centro + drenaje,60 km reconstruidos + 100% veredas accesibles + sistema de drenaje completo,L,Largo (2032-2035),DOM,DOM + SECPLAN + Dirección Tránsito,FNDR,Municipal + MOP + SERVIU + FNDR + GORE,9,2,0,0,0,0,0
103,,,,Vivienda y Urbanismo Comunal,"Proceso de Vivienda Transparente""Postulación Transparente""","Establecer una plataforma digital transparente para la gestión de postulaciones a vivienda social en Rengo, con criterios objetivos de priorización, seguimiento en línea del estado de cada expediente y rendición de cuentas pública a los postulantes, articulando la demanda habitacional con MINVU-SERV",Postulaciones gestionadas en plataforma; Transparencia del proceso (%); Satisfacción de postulantes,Proceso de postulación con baja digitalización y transparencia,Plataforma digital operativa + criterios publicados + seguimiento en línea,Sistema 100% transparente + auditoría externa + 0 reclamos por opacidad,C,Corto (2025-2028),Depto. Vivienda,Depto. Vivienda + Informática + DIDECO,Municipal,Municipal + MINVU + SERVIU,1,3,0,0,0,0,0
104,,,,Vivienda y Urbanismo Comunal,Proyecto Espacio Bisquertt,"Desarrollar proyecto de regeneración urbana del Espacio Bisquertt como polo cultural, deportivo y comunitario, recuperando patrimonio arquitectónico e integrando equipamiento para la comunidad.",Avance del proyecto (diseño/construcción); Superficie habilitada; Usuarios y actividades realizadas,Espacio Bisquertt subutilizado sin proyecto de regeneración,Diseño participativo aprobado + inicio de obras de primera etapa,Espacio Bisquertt completamente habilitado + programación cultural/deportiva permanente,L,Largo (2032-2035),SECPLAN,SECPLAN + DOM + Depto. Cultura + Depto. Deportes,FNDR,Municipal + MINVU + CNCA + FNDR + GORE + MINDEP,11,2,1,0,0,0,1
105,,,,Vivienda y Urbanismo Comunal,"Regularización de Propiedades""Seguridad Jurídica""","Ejecutar un programa de regularizacion de titulos de dominio y saneamiento de propiedades para familias de Rengo que habitan viviendas sin escritura, coordinando con Bienes Nacionales y SERVIU para otorgar seguridad jurídica patrimonial y desbloquear el acceso a subsidios habitacionales y crediticio",Propiedades regularizadas; Familias con título de dominio; Trámites de regularización gestionados,Número significativo de propiedades sin regularizar,300 propiedades regularizadas + convenio con Bienes Nacionales,"1,000 propiedades regularizadas + 100% catastro comunal + programa permanente",M,Mediano (2028-2032),Depto. Vivienda,Depto. Vivienda + Jurídica + DIDECO,Municipal,Municipal + Bienes Nacionales + SERVIU + CBR,1,3,0,0,0,0,0
106,,,OE 4.2 Revitalizar Espacios Públicos y Equipamiento Comunal,Infraestructura Vialidad Comunal y Medio Ambiente,Feria Artesanal San Martín,"Establecer una feria artesanal permanente en el sector San Martín con infraestructura cubierta, servicios básicos y gestión asociativa para artesanos locales.",Artesanos participantes; Ingresos por ventas; Satisfacción de artesanos y visitantes,Feria informal sin infraestructura,1 feria permanente; 30 artesanos; infraestructura básica,1 feria consolidada; 50 artesanos; $60M ventas/año,M,Mediano (2028-2032),DIDECO,DIDECO + DOM,Municipal,Municipal + SERCOTEC + CNCA,1,3,0,0,0,0,0
107,,,,Infraestructura Vialidad Comunal y Medio Ambiente,Mejora Servicios Públicos Básicos,"Instalar y mejorar baños públicos en puntos estratégicos de Rengo y Rosario con diseño accesible, mantenimiento regular y estándares sanitarios.",Baños públicos instalados/mejorados; Satisfacción de usuarios; Cumplimiento mantenimiento,Baños públicos insuficientes y deteriorados,5 baños mejorados/nuevos; protocolo mantenimiento,15 baños operativos; 100% accesibles; 90% satisfacción,C,Corto (2025-2028),DOM,DOM + DAF,FNDR,Municipal + FNDR,6,3,0,0,0,0,0
108,,,,Infraestructura Vialidad Comunal y Medio Ambiente,Programa Municipal Arte Espacios Públicos,"Desarrollar un programa de arte comunitario en espacios públicos de Rengo, Rosario y localidades rurales, con murales participativos, esculturas de artistas locales, intervenciones artísticas temporales y mobiliario urbano creativo que eleve la calidad estética del entorno y fortalezca la identidad ",Proyectos de arte público ejecutados; Participación de artistas y comunidad; Percepción de mejora urbana,0 programas de arte público municipal,5 proyectos; 20 artistas; 3 barrios intervenidos,20 proyectos; 50 artistas; 10 barrios; 80% percepción mejora,M,Mediano (2028-2032),DIDECO,DIDECO + SECPLAN,FNDR,Municipal + CNCA + Fondart + FNDR,11,3,1,0,1,0,1
109,,,,Infraestructura Vialidad Comunal y Medio Ambiente,"Remodelación Plazas ""+Verde +Recreativo""","Transformar plazas y espacios públicos con diseño paisajístico, limpieza, equipamiento recreativo, iluminación LED y accesibilidad universal, creando puntos de encuentro comunitario.",Plazas remodeladas; Satisfacción vecinal; Tasa de utilización,Plazas con deterioro y escaso equipamiento,5 plazas remodeladas; 80% satisfacción,15 plazas; 90% satisfacción; 100% con accesibilidad universal,M,Mediano (2028-2032),SECPLAN,SECPLAN + DOM,FNDR,FNDR + MINVU + Municipal,11,3,1,0,0,0,1
110,,,,Infraestructura Vialidad Comunal y Medio Ambiente,Rengo Ciudad Inclusiva,"Ejecutar un programa integral de accesibilidad urbana en Rengo que beneficie a las 7.256 personas con discapacidad, instalando rampas normadas, cruces peatonales con semáforos sonoros, señalética braille e inclusiva, espacios universalmente accesibles y mobiliario urbano adaptado en el centro cívico",Rampas y cruces adaptados; Espacios inclusivos creados; Satisfacción de PcD,Accesibilidad urbana deficiente,50 rampas; 10 cruces adaptados; 5 espacios inclusivos,200 rampas; 40 cruces; 100% centro accesible; 85% satisfacción PcD,M,Mediano (2028-2032),SECPLAN,SECPLAN + DOM,FNDR,FNDR + SENADIS + MINVU + Municipal,10,3,0,0,1,1,1
111,,,,Infraestructura Vialidad Comunal y Medio Ambiente,Revitalización Mercado y Rodoviario,"Revitalizar el mercado municipal y terminal rodoviario de Rengo, integrando tradición y modernidad con mejoras en infraestructura, servicios y experiencia de usuario.",Visitantes mensuales; Satisfacción de usuarios y comerciantes; Actividad económica generada,Mercado y rodoviario con infraestructura deteriorada,Proyecto de diseño; 20% avance obras,100% revitalizado; 30% más visitantes; 85% satisfacción,M,Mediano (2028-2032),SECPLAN,SECPLAN + DOM + DAF,FNDR,FNDR + GORE + Municipal + PPP,8,3,0,0,0,0,0
112,,,,Infraestructura Vialidad Comunal y Medio Ambiente,Sede UOH Ingeniería - Construcción Transparente,"Apoyar la construcción de la sede de Ingeniería de la Universidad de O""Higgins en Rengo con gestión municipal transparente, coordinación interinstitucional y seguimiento comunitario.",Progreso de construcción (%); Transparencia en gestión; Cumplimiento de plazos,Proyecto UOH en fase de planificación,50% avance construcción; 100% transparencia,100% construida; sede operativa; 1.000 estudiantes/año,M,Mediano (2028-2032),Alcaldía,Alcaldía + SECPLAN,Municipal,MINEDUC + GORE + MOP + Municipal,4,3,1,0,0,0,1
113,,,,Infraestructura Vialidad Comunal y Medio Ambiente,"Zona Gastronómica Rengo ""Conociendo los Sabores""","Crear una zona gastronómica en el centro de Rengo con infraestructura adecuada, regulación sanitaria y promoción turística para emprendedores culinarios.",Establecimientos gastronómicos integrados; Turistas gastronómicos; Ingresos generados,0 zonas gastronómicas formales,1 zona; 15 establecimientos; 2.000 visitantes/mes,1 zona consolidada; 25 establecimientos; 5.000 visitantes/mes,M,Mediano (2028-2032),SECPLAN,SECPLAN + DOM + Oficina Turismo,FNDR,Municipal + SERCOTEC + FNDR,2,3,0,0,0,0,0
114,,,,Infraestructura Vialidad Comunal y Medio Ambiente,"Promoción de Recuperación de Espacios Públicos, Aseo y Ornato","Diseñar y ejecutar un plan de recuperación de espacios públicos deteriorados en las 9 unidades vecinales urbanas de Rengo, incorporando mejoramiento de aseo y ornato, iluminación, mobiliario urbano, paisajismo con especies nativas y participación vecinal en el diseño, elevando los 1.96 m2/hab de áre",M2 de espacios públicos recuperados; Indice satisfacción ciudadana; Intervenciones realizadas,Por establecer,Avance 50%,100% implementado,M,Mediano (2028-2032),DOM,DOM + SECPLAN,FNDR,FNDR + MINVU + Municipal,6,4,0,0,0,0,0
115,,,,Infraestructura Vialidad Comunal y Medio Ambiente,"Zona Gastronómica Rosario ""Sabores Rosarinos""","Crear una zona gastronómica en Rosario que ponga en valor la cocina tradicional local, con infraestructura adecuada y promoción turística.",Visitantes mensuales; Establecimientos gastronómicos; Impacto económico local,0 zonas gastronómicas en Rosario,1 zona; 10 establecimientos,1 zona consolidada; 20 establecimientos; 3.000 visitantes/mes,M,Mediano (2028-2032),SECPLAN,SECPLAN + DOM + Oficina Turismo,FNDR,Municipal + SERCOTEC + FNDR,2,3,0,0,0,0,0
116,,,,Infraestructura Vialidad Comunal y Medio Ambiente,"Estudio, Planificación, Diseño y Ejecución de Cruces Peatonales en Establecimientos educacionales y/o zonas con alta tas","Realizar el estudio, planificación, diseño y ejecución de cruces peatonales seguros en los entornos de los 32 establecimientos educacionales y zonas de alta movilidad peatonal de Rengo, con demarcación horizontal, semaforización, reductores de velocidad y señalética preventiva que proteja a estudian",Km de vías mejoradas; Proyectos ejecutados; Reducción tiempos desplazamiento,Por establecer,Avance 50%,100% implementado,C,Corto (2025-2028),DOM,DOM + SECPLAN,FNDR,FNDR + MINVU + Municipal,6,4,0,0,0,0,0
117,,,OE 4.3 Desarrollar red de ciclovías y promover movilidad sustentable,Vivienda y Urbanismo Comunal,Parque Urbano Las Delicias (Rosario),"Estudiar el diseño el Parque Urbano Las Delicias en sector Rosario, como espacio de recreación, deporte, áreas verdes, juegos infantiles y encuentro comunitario con diseño inclusivo y sostenible.",Avance de diseño y factibilidad; Superficie de área verde (m²); Usuarios del parque,Terreno disponible sin proyecto de parque,Diseño aprobado + inicio de construcción + primera etapa habilitada,Parque completo operativo + equipamiento deportivo + áreas verdes consolidadas,L,Largo (2032-2035),SECPLAN,SECPLAN + DOM + Depto. Medio Ambiente,FNDR,Municipal + MINVU + FNDR + GORE + MINDEP,3,3,0,0,0,1,1
118,,,,Vivienda y Urbanismo Comunal,Red de Transporte Público y Movilidad Sustentable,"Gestionar mejoramiento del transporte público comunal con nuevas rutas, frecuencias, paraderos accesibles, ciclovías y promoción de movilidad sustentable conectando localidades con centro urbano.",Rutas de transporte público; Ciclovías construidas (km); Paraderos accesibles; Frecuencia de servicios,Transporte público insuficiente + 0 km de ciclovías formales,3 nuevas rutas + 5 km ciclovías + paraderos accesibles en centro,Red integrada de transporte + 20 km ciclovías + movilidad eléctrica + 100% paraderos accesibles,L,Largo (2032-2035),Dirección Tránsito,Dirección Tránsito + SECPLAN + DOM,FNDR,Municipal + MTT + DTPR + FNDR + GORE,9,3,0,0,0,0,0
119,,,OE 4.3 Movilidad urbana sustentable,Mitigación Climática,Plan Comunal de Movilidad Sustentable y Baja en Carbono,"Diseñar e implementar plan de movilidad que priorice transporte público eléctrico, movilidad activa e infraestructura ciclo-inclusiva.",Plan de Movilidad aprobado; km ciclovías; % flota pública electrica,Sin plan de movilidad sustentable; dependencia vehículo privado,Plan aprobado + 5 km ciclovías,15 km ciclovías + inicio electrificación flota,M,Mediano (2028-2032),Tránsito,Tránsito + SECPLAN + DOM,FNDR,Municipal + MTT + GORE + FNDR,11,2,0,0,0,1,1
120,,,OE 4.3 Promover el Desarrollo Rural y la Sostenibilidad Ambiental,Infraestructura Vialidad Comunal y Medio Ambiente,"Desarrollo Rural Integral ""Rengo Apoya al Mundo Rural""","Ejecutar un programa de desarrollo rural integral que mejore caminos vecinales, conectividad digital, acceso a agua potable y servicios básicos en las 12 unidades vecinales rurales de Rengo, articulando inversiones de SUBDERE, MOP e INDAP con las prioridades levantadas en la etnografía territorial d",Proyectos rurales ejecutados; Mejora en calidad de vida rural; Servicios básicos ampliados,Sector rural con carencias de servicios básicos,5 proyectos rurales; 500 familias beneficiadas,15 proyectos; 2.000 familias; 95% agua potable; 90% alcantarillado,L,Largo (2032-2035),SECPLAN,SECPLAN + DOM + DIDECO,FNDR,FNDR + MOP + SUBDERE + INDAP + Municipal,6,3,0,0,0,0,0
121,,,,Infraestructura Vialidad Comunal y Medio Ambiente,Modernización Alumbrado LED,"Reemplazar el alumbrado público convencional por tecnología LED de alta eficiencia en toda la comuna, reduciendo consumo energético y mejorando la seguridad nocturna.",Luminarias LED instaladas; Reducción consumo energético (%); Mejora percepción de seguridad,Alumbrado convencional en mayoría de la comuna,40% luminarias LED; 25% reducción consumo,100% LED; 50% reducción consumo; 80% percepción seguridad mejorada,M,Mediano (2028-2032),DOM,DOM + DAF,FNDR,FNDR + Ministerio Energía + Municipal,7,3,1,0,1,0,1
122,,,,Infraestructura Vialidad Comunal y Medio Ambiente,Reforestación y Corredores Verdes,"Ejecutar un programa de reforestación con especies nativas en zonas urbanas y rurales de la comuna, creando corredores verdes que conecten áreas naturales del Río Claro con parques urbanos, mejorando la biodiversidad comunal y contribuyendo a elevar los 1.96 m2/hab de áreas verdes en los 592 km2 del",Árboles plantados; Corredores verdes creados (km); Participación comunitaria en reforestación,"1,96 m²/hab áreas verdes; cobertura vegetal degradada",5.000 árboles; 3 corredores; 3 m²/hab,20.000 árboles; 8 corredores; 5 m²/hab; biodiversidad +30%,L,Largo (2032-2035),SECPLAN,SECPLAN + DOM,FNDR,CONAF + Ministerio Medio Ambiente + FNDR + Municipal,13,3,0,0,0,0,0
123,,,,Infraestructura Vialidad Comunal y Medio Ambiente,Rengo Verde y Limpio: Energías Renovables,"Diseñar un plan de sostenibilidad ambiental que incorpore paneles solares en edificios públicos municipales, puntos limpios de reciclaje en las 21 unidades vecinales, programas de compostaje comunitario y medición de huella de carbono institucional, posicionando a Rengo como comuna comprometida con ",Energía renovable instalada (kW); Residuos reciclados (%); Puntos de reciclaje habilitados,0 kW solar en edificios municipales; reciclaje informal,50 kW solar; 15% reciclaje; 10 puntos limpios,200 kW solar; 30% reciclaje; 25 puntos limpios; huella carbono -20%,M,Mediano (2028-2032),SECPLAN,SECPLAN + DOM,FNDR,FNDR + Ministerio Energía + Ministerio Medio Ambiente + Municipal,7,3,0,0,0,0,0
124,,,OE 4.3 Red Ciclovías Comunal,Infraestructura y MA,Mejoramiento y Modernización de Paraderos en Ruta 5 Sur y Ejes Viales,"Modernizar paraderos de transporte público en Ruta 5 Sur y ejes H-50/H-60 con diseño estandarizado, iluminación solar, paneles informativos, bancas ergonómicas, accesibilidad universal y protección climática.",N paraderos modernizados; satisfacción usuarios; accesibilidad,6 paraderos rurales estado Regular,15 paraderos modernizados Ruta 5 y H-50,30 paraderos + info tiempo real,C,Corto (2025-2028),DOM,DOM + Dir. Transito,FNDR,FNDR + MTT + Municipal,9,2,0,0,0,0,0
125,,,,Infraestructura y MA,Plan de Seguridad Vial en Cruces Críticos de Ruta 5,"Diseñar e instalar pasarelas peatonales, semaforización inteligente, iluminación LED, reductores de velocidad y señalética preventiva en los cruces críticos donde la Ruta 5 Sur intersecta la trama urbana de Rengo, reduciendo la siniestralidad vial y protegiendo a ciclistas y peatones del sector.",N cruces intervenidos; reducción accidentes %; pasarelas,Cruces críticos sin intervencion sistematica,5 cruces intervenidos + 2 pasarelas,10 cruces + semaforización inteligente,C,Corto (2025-2028),DOM,DOM + Dir. Transito,FNDR,FNDR + MOP + Municipal,3,2,1,0,0,0,1
126,,,,Infraestructura y MA,Rutas Inter-Urbanas: Conectividad Vial Rengo-Rosario-Esmeralda,"Sistema de rutas inter-urbanas que conecte los 3 centros urbanos (Rengo 42.238, Rosario 12.000, Esmeralda 3.391) y localidades rurales, mejorando vialidad, señalización, iluminación y seguridad en ejes H-50, H-60 y caminos secundarios.",Km rutas mejoradas; reducción tiempo desplazamiento; accidentes,Rutas sin plan integrado,20 km mejoradas + señalización,50 km + sistema transporte multimodal,M,Mediano (2028-2032),DOM,DOM + Dir. Transito + SECPLAN,FNDR,FNDR + MOP + MTT + Municipal,9,2,0,0,0,0,0
127,,,OE 4.3 Promover el Desarrollo Rural y la Sostenibilidad Ambiental,Infraestructura Vialidad Comunal y Medio Ambiente,Estudio y Planificación para Mejoramientos en Sistemas de Agua Potable (Servicio Sanitario Rural) en zonas con déficit h,"Elaborar un estudio técnico y plan de mejoramiento de los sistemas de agua potable rural (Servicios Sanitarios Rurales) en las localidades de la comuna con déficit hídrico, evaluando capacidad de captación, almacenamiento y distribución para garantizar el abastecimiento seguro en las 12 unidades vec",N de sistemas mejorados; Cobertura agua potable rural (%); Población beneficiada,Por establecer,Avance 50%,100% implementado,C,Corto (2025-2028),DOM,DOM + SECPLAN,FNDR,FNDR + MINVU + Municipal,6,4,0,0,0,0,0
128,,,,Infraestructura Vialidad Comunal y Medio Ambiente,Estudio y Planificación Proyectos SAR / CESFAM en el Sector Esmeralda,"Desarrollar el estudio de factibilidad y planificación para la instalación de un SAR (Servicio de Atención Primaria de Urgencia Rural) y/o CESFAM en el sector Esmeralda, evaluando demanda sanitaria, localización óptima, dotación profesional y modelo de gestión que descomprima la red de salud actual ",Estudios de factibilidad completados; Proyectos diseñados; Población beneficiada,Por establecer,Avance 50%,100% implementado,C,Corto (2025-2028),DOM,DOM + SECPLAN,FNDR,FNDR + MINVU + Municipal,6,4,0,0,0,0,0
129,,,OE 4.5 Plan Riesgo Hídrico Río Claro,Infraestructura y MA,R9: Ordenanza de Gestión de Riesgos y Emergencias,"Protocolos normativos ante sismos, inundaciones, sequías y eventos climáticos extremos (Ley 21.364).",Ordenanza aprobada; protocolos,Sin ordenanza emergencias,Ordenanza + mapas riesgo + 2 simulacros,4 simulacros/ano + actualización,C,Corto (2025-2028),Protección Civil,Protección Civil + DSP,Municipal,Municipal + SENAPRED,11,2,0,0,0,0,0
130,,,,Adaptacion Climatica,Sistema Comunal de Alerta Temprana e Infraestructura Verde,"Desplegar un sistema comunal de alerta temprana que integre monitoreo hidrometeorológico en la cuenca del Río Claro, comunicación efectiva con la población, soluciones basadas en naturaleza para mitigación de inundaciones y franjas de amortiguación ribereña, conforme al plan de riesgo hídrico comuna",SAT operativo; N SBN implementadas; km franjas ribereñas,Sin SAT; sin SBN implementadas,SAT disenado + 3 SBN piloto,SAT operativo + 10 SBN + franjas ribereñas,M,Mediano (2028-2032),Protección Civil,Protección Civil + Aseo y Ornato + SECPLAC,Municipal,Municipal + SENAPRED + MOP + GORE,11,2,0,0,0,0,0
131,,,OE 4.6 Fortalecer gestión ambiental comunal y adaptación al cambio climático,Vivienda y Urbanismo Comunal,Hogares Eficientes: Rehabilitación Energética de Viviendas,"Ejecutar un programa de rehabilitación energética de viviendas existentes en Rengo con aislación térmica de muros y techumbre, recambio de calefactores a leña por equipos certificados, mejoramiento de envolvente térmica y educación en eficiencia energética, priorizando hogares vulnerables y zonas de",Viviendas rehabilitadas energéticamente; Reducción de consumo energético; Familias beneficiadas,Programa de recambio de calefactores limitado,500 viviendas rehabilitadas + programa de aislación térmica masivo,"2,000 viviendas + estándar de eficiencia energética comunal + energía renovable",M,Mediano (2028-2032),Depto. Vivienda,Depto. Vivienda + Dpto. Medio Ambiente + SECPLAN,Municipal,Municipal + MINVU + MMA + Ministerio Energía + GORE,7,3,0,0,0,0,0
132,,,,Vivienda y Urbanismo Comunal,Programa de Rehabilitación Energética de Viviendas,"Ampliar programa de rehabilitación energética con enfoque en viviendas de familias vulnerables, integrando aislación, calefacción eficiente, paneles solares y educación en eficiencia energética.",Viviendas con rehabilitación energética completa; Ahorro energético promedio; Paneles solares instalados,Intervenciones energéticas puntuales sin programa integral,400 viviendas con rehabilitación integral + 100 paneles solares,"1,500 viviendas + comunidades energéticas + net billing comunal",L,Largo (2032-2035),Depto. Vivienda,Depto. Vivienda + Dpto. Medio Ambiente + SECPLAN,Municipal,Municipal + Ministerio Energía + MMA + MINVU + GORE,7,3,0,0,0,0,0
133,,,OE 4.6 Gestión ambiental integral,Infraestructura y MA,Parque Natural y Recreativo Huilquio de Rengo,"Desarrollar Parque Natural y Recreativo Huilquio como espacio de conservación, recreación y educación ambiental en zona rural sur, con senderos interpretativos, áreas de picnic, infraestructura deportiva y protección de ecosistemas nativos.",Hectáreas parque; senderos km; visitantes/ano; especies protegidas,Sin parque natural comunal,Diseño aprobado + 20% construcción,Parque operativo + 15.000 visitantes/año,L,Largo (2032-2035),SECPLAN,SECPLAN + Unidad MA (por crear),FNDR,FNDR + MMA + Municipal + PPP,11,3,0,0,0,0,0
134,,,OE 4.6 Planes gestión ambiental,Gestión Climática,Sede UOH Ingeniería - Construcción Transparente,"Crear unidad formal con equipo técnico dedicado (coordinador + profesional de apoyo), presupuesto basal y dependencia de SECPLAN, como condición sine qua non del PACCC.",Unidad creada con dotación operativa; N medidas PACCC con avance verificado,Sin Unidad de CC; PACCC sin tracción institucional,Unidad creada + 3 medidas PACCC en ejecución,Unidad consolidada + 70% medidas con avance,C,Corto (2025-2028),SECPLAC,SECPLAC + Alcaldía,Municipal,Municipal + GORE + MMA,13,2,0,0,0,0,0
135,,,,Adaptacion Climatica,Plan Comunal de Seguridad Hídrica y Gobernanza del Agua,"Constituir Mesa Técnica de Agua que articule DGA, CNR, INDAP, Juntas de Vigilancia y OUA con el municipio para gobernanza hídrica comunal.",Mesa Técnica constituida; N predios con tecnologías eficientes; hectáreas con riego tecnificado,Sin gobernanza hídrica comunal; 6 decretos escasez,Mesa Técnica operativa + 50 predios con riego eficiente,Modelo gobernanza hídrica consolidado + 200 predios,C,Corto (2025-2028),SECPLAC,SECPLAC + Aseo y Ornato + DGA,Municipal,Municipal + CNR + INDAP + GORE,6,2,0,0,0,0,0
136,,,,Mitigación Climática,Programa de Eficiencia Energetica y Gestion de Residuos Circular,"Promover techos solares en edificios públicos, sistema comunal de reciclaje domiciliario fortalecido y evaluación de biodigestores para residuos agropecuarios.",% reducción consumo eléctrico municipal; toneladas recicladas/ano; EN edificios con paneles solares,Sin estrategia energética municipal; centros reciclaje en microbasurales,3 edificios con paneles + 500 ton recicladas/año,10 edificios + 2.000 ton + biodigestores evaluados,M,Mediano (2028-2032),Aseo y Ornato,Aseo y Ornato + DOM + SECPLAC,Municipal,Municipal + SEREMI Energía + Ley REP,7,3,0,0,0,0,0
137,,,,Adaptacion Climatica,Programa de Restauración Ecológica y Protección del Bosque Esclerófilo,"Restaurar al menos 70% de áreas forestales incendiadas priorizando bosque esclerófilo, proteger humedales rurales y crear corredores biológicos.",% áreas incendiadas restauradas; hectáreas reforestadas; humedales protegidos,"Perdida 7,2 ha/año; 36,41% erosión; sin áreas protegidas",30% restaurado + 2 humedales protegidos,70% restaurado + corredores biológicos,M,Mediano (2028-2032),Aseo y Ornato,Aseo y Ornato + CONAF + SECPLAC,Municipal,Municipal + CONAF + MMA + FPA,13,2,0,0,0,0,0
138,5,Eje 5: Seguridad Publica y Gestion de Riesgos y Emergencias,OE 5.1 Aumentar la percepción de seguridad de NNA en espacios públicos,Seguridad Pública Orden Público y Recuperación de Espacios Públicos,Aplicación Móvil de Seguridad / SOSAFE,"Desplegar y masificar la aplicación móvil de seguridad ciudadana SOSAFE en las 21 unidades vecinales de Rengo, permitiendo a los 65.786 habitantes reportar delitos, emergencias y situaciones sospechosas en tiempo real con geolocalización, integrando las alertas a la central de monitoreo DSP y las 80",Usuarios registrados en app; Reportes generados; Tiempo de respuesta ante alertas,Sin aplicación de seguridad ciudadana implementada,"App operativa + 10,000 usuarios registrados + integración con central de monitoreo","20,000 usuarios + sistema predictivo + integración con Carabineros",C,Corto (2025-2028),Dirección Seguridad Pública,Dirección Seguridad Pública + Informática,FNDR,Municipal + SPD + FNDR,9,3,1,0,0,0,1
139,,,,Seguridad Pública Orden Público y Recuperación de Espacios Públicos,Campañas de Educación y Prevención del Delito,"Desarrollar campañas comunicacionales de prevención del delito, autocuidado, denuncia segura y cultura de paz, utilizando medios tradicionales, redes sociales y actividades comunitarias.",Campañas realizadas; Alcance en redes sociales; Participantes en actividades presenciales,Campañas esporádicas sin estrategia comunicacional integrada,4 campañas anuales + presencia permanente en redes + talleres comunitarios,Estrategia comunicacional integral + evaluación de impacto + cultura preventiva instalada,C,Corto (2025-2028),Dirección Seguridad Pública,Dirección Seguridad Pública + Comunicaciones,Municipal,Municipal + SPD + SENDA,16,1,1,0,1,0,1
140,,,,Seguridad Pública Orden Público y Recuperación de Espacios Públicos,"Red Comunitaria""Rengo Yo Cuido Mi Barrio""","Crear y fortalecer red de comités vecinales de seguridad ciudadana que articulen vigilancia comunitaria, comunicación con Carabineros y PDI, y prevención situacional en barrios de la comuna.",Comités vecinales de seguridad activos; Reuniones mensuales de coordinación; Reducción de denuncias por sector,Comités vecinales dispersos sin articulación formal,30 comités activos + coordinación mensual con Carabineros,60 comités + red digital de comunicación + reducción 20% denuncias,C,Corto (2025-2028),Dirección Seguridad Pública,Dirección Seguridad Pública + DIDECO,Municipal,Municipal + SPD + Carabineros + PDI,11,2,0,0,0,0,0
141,,,,Seguridad Pública Orden Público y Recuperación de Espacios Públicos,Transformación Comunitaria: Recuperación de Espacios Públicos,"Recuperar y transformar espacios públicos deteriorados o abandonados mediante diseño urbano seguro (CPTED), iluminación, mobiliario, áreas verdes y apropiación comunitaria para prevención situacional.",Espacios públicos recuperados; Superficie intervenida (m²); Percepción de seguridad en espacios recuperados,Espacios públicos deteriorados sin estrategia CPTED,10 espacios recuperados + iluminación LED en sectores críticos,30 espacios recuperados + 100% sectores con iluminación + apropiación comunitaria,M,Mediano (2028-2032),Dirección Seguridad Pública,Dirección Seguridad Pública + DOM + SECPLAN,FNDR,Municipal + SPD + FNDR + MINVU,11,2,0,0,1,0,1
142,,,OE 5.2 Reducir la violencia intrafamiliar con enfoque integral de protección,Seguridad Pública Orden Público y Recuperación de Espacios Públicos,Centro de Atención Integral a Víctimas,"Crear centro de atención integral para víctimas de violencia intrafamiliar y delitos, ofreciendo apoyo psicológico, jurídico, social y acompañamiento en procesos de denuncia y reparación.",Víctimas atendidas integralmente; Tiempo promedio de respuesta; Tasa de seguimiento de casos,Atención fragmentada en distintas reparticiones sin centro integrado,1 centro operativo + equipo multidisciplinario + 300 atenciones/año,Centro consolidado + sucursales en localidades + 600 atenciones/año,M,Mediano (2028-2032),Dirección Seguridad Pública,Dirección Seguridad Pública + Oficina de la Mujer,Municipal,Municipal + SERNAM + SPD + GORE,5,2,1,1,0,0,1
143,,,OE 5.3 Reducir robos violentos y delitos de mayor connotación social,Seguridad Pública Orden Público y Recuperación de Espacios Públicos,"Cámaras de Televigilancia""Todo Rengo Seguro""","Expandir y modernizar la red de cámaras de televigilancia comunal con tecnología de alta definición, visión nocturna y conexión a central de monitoreo 24/7 para disuasión y apoyo a investigación.",Cámaras operativas; Cobertura territorial (%); Contribución al esclarecimiento de delitos,Red de cámaras limitada y tecnología desactualizada,80 cámaras HD + central de monitoreo 24/7 + cobertura sectores críticos,200 cámaras inteligentes + cobertura 100% urbano + analítica de video,M,Mediano (2028-2032),Dirección Seguridad Pública,Dirección Seguridad Pública + Informática,FNDR,Municipal + SPD + FNDR + GORE,11,2,0,0,1,0,1
144,,,,Seguridad Pública Orden Público y Recuperación de Espacios Públicos,Fortalecimiento de Formación y Equipamiento en Seguridad,"Fortalecer la formación profesional y el equipamiento del personal de seguridad municipal, incluyendo capacitación en derechos humanos, mediación, tecnología y dotación de vehículos e implementos.",Personal capacitado; Horas de formación anual; Equipamiento renovado; Vehículos operativos,Equipamiento básico y capacitación esporádica,100% personal capacitado + renovación 50% equipamiento + 4 vehículos nuevos,Programa formación continua + equipamiento completo + flota renovada,C,Corto (2025-2028),Dirección Seguridad Pública,Dirección Seguridad Pública + RRHH,FNDR,Municipal + SPD + FNDR,16,1,0,0,0,0,0
145,,,,Seguridad Pública Orden Público y Recuperación de Espacios Públicos,Fortalecimiento de Seguridad en Zonas Comerciales,"Fortalecer la seguridad en zonas comerciales de Rengo centro y Rosario mediante patrullajes a pie de inspectores municipales DSP, ampliación de cámaras de televigilancia conectadas a la central de monitoreo, mejoramiento de iluminación pública y botones de pánico en locales, coordinando con las 4.82",Locales comerciales protegidos; Denuncias en zonas comerciales; Botones de pánico instalados,Seguridad en zonas comerciales sin plan específico,Plan operativo en centro de Rengo + 50 botones de pánico + patrullajes,Cobertura en 100% zonas comerciales + sistema integrado + reducción 40% delitos,C,Corto (2025-2028),Dirección Seguridad Pública,Dirección Seguridad Pública + Desarrollo Económico,Municipal,Municipal + SPD + Cámara de Comercio,8,2,0,0,1,0,1
146,,,,Seguridad Pública Orden Público y Recuperación de Espacios Públicos,"Fortalecimiento de Vigilancia""Plan Cuadrante Preventivo""","Fortalecer el plan cuadrante de vigilancia preventiva municipal, ampliando cobertura territorial, frecuencia de patrullajes y coordinación operativa con Carabineros en sectores de mayor incidencia delictiva.",Cuadrantes operativos; Frecuencia de patrullajes por sector; Reducción de delitos por cuadrante,Patrullajes sin sistematización por cuadrantes,8 cuadrantes operativos + patrullajes diarios + mapa de calor delictual,15 cuadrantes + patrullajes 24/7 + sistema predictivo de patrullaje,C,Corto (2025-2028),Dirección Seguridad Pública,Dirección Seguridad Pública,Municipal,Municipal + SPD + Carabineros,16,1,0,0,1,0,1
147,,,,Seguridad Pública Orden Público y Recuperación de Espacios Públicos,Inversión Estratégica en Vehículos de Seguridad,"Renovar y ampliar la flota de vehículos de seguridad municipal, incluyendo patrullas, motocicletas, bicicletas y vehículos especializados para mejorar cobertura y capacidad de respuesta territorial.",Vehículos operativos; Tiempo de respuesta promedio; Cobertura territorial de patrullaje,Flota vehicular limitada y con alto desgaste,Renovación 60% flota + 4 vehículos nuevos + 6 motocicletas,Flota completa renovada + vehículos eléctricos + 100% cobertura territorial,M,Mediano (2028-2032),Dirección Seguridad Pública,Dirección Seguridad Pública + Administración,FNDR,Municipal + SPD + FNDR,16,1,0,0,1,0,1
148,,,,Seguridad Pública Orden Público y Recuperación de Espacios Públicos,Red Inteligente de Prevención con Inteligencia Artificial,"Desarrollar una red inteligente de prevención del delito que integre inteligencia artificial, análisis predictivo de los 5.620 casos anuales registrados y reconocimiento de patrones delictuales, generando alertas tempranas que permitan a la DSP y Carabineros focalizar recursos preventivos en puntos ",Alertas predictivas generadas; Precisión del sistema; Reducción de delitos en zonas focalizadas,Sin sistema de análisis predictivo del delito,Sistema piloto operativo + análisis de datos históricos + primeras alertas,Sistema IA integrado + reducción 25% delitos en zonas focalizadas,L,Largo (2032-2035),Dirección Seguridad Pública,Dirección Seguridad Pública + Informática,FNDR,Municipal + SPD + FNDR + Universidades,9,2,0,0,0,0,0
149,,,,Seguridad Pública Orden Público y Recuperación de Espacios Públicos,Refuerzo de Seguridad en Áreas Comerciales,"Complementar el plan de seguridad en áreas comerciales con estrategias de prevención situacional, diseño urbano seguro, mejoramiento de accesos y coordinación público-privada para entornos comerciales seguros.",Áreas comerciales intervenidas con CPTED; Mejoras de infraestructura realizadas; Satisfacción de comerciantes,Áreas comerciales periféricas sin intervención de seguridad,5 áreas comerciales intervenidas + mejoras de iluminación y accesos,100% áreas comerciales con CPTED + evaluación periódica de seguridad,M,Mediano (2028-2032),Dirección Seguridad Pública,Dirección Seguridad Pública + DOM + SECPLAN,FNDR,Municipal + SPD + FNDR + MINVU,8,3,0,0,0,0,0
150,,,,Seguridad Pública Orden Público y Recuperación de Espacios Públicos,Sistema Integrado de Seguridad Pública,"Articular un sistema integrado de seguridad pública que conecte las 80 cámaras de televigilancia, la central de monitoreo DSP creada en 2022, los patrullajes preventivos municipales y la coordinación operativa en tiempo real con Carabineros y PDI, cubriendo zonas residenciales, comerciales y rurales",Delitos de mayor connotación social; Tiempo de respuesta ante emergencias; Cobertura de televigilancia,Sistema de seguridad fragmentado sin integración tecnológica,Central de monitoreo 24/7 + 50 cámaras + coordinación integrada,Sistema inteligente con IA + 150 cámaras + reducción 30% delitos,M,Mediano (2028-2032),Dirección Seguridad Pública,Dirección Seguridad Pública + Informática,FNDR,Municipal + SPD + FNDR + Carabineros + PDI,11,2,0,0,1,0,1
151,,,"OE 5.3 Reducir robos , micro tráfico, incivilidades, exceso de velocidad y delitos de mayor connotac",Seguridad Pública Orden Público y Recuperación de Espacios Públicos,Reducción de presencia de Rucos y Asentamientos Informales en Espacios Públicos,"Ejecutar un programa coordinado entre DSP, DOM y DIDECO para la intervención social y urbanística en asentamientos informales y campamentos de la comuna, articulando soluciones habitacionales con MINVU-SERVIU, apoyo psicosocial, reinserción laboral y recuperación de los espacios públicos afectados.",N de asentamientos intervenidos; Personas derivadas a programas sociales; Espacios recuperados,Por establecer,Avance 50%,100% implementado,M,Mediano (2028-2032),Dir. Seguridad Publica,Dir. Seguridad Publica,Sectorial,Municipal + FNSP + Sectorial,5,3,1,1,0,0,1
152,,,,Seguridad Pública Orden Público y Recuperación de Espacios Públicos,Inversión en equipamiento de seguridad pública: Pistola de Radar y Dron para Carabineros,"Adquirir y poner en operación equipamiento tecnológico para la seguridad publica comunal, incluyendo pistolas de radar para control de velocidad en vías críticas y drones de vigilancia aérea para Carabineros, fortaleciendo la fiscalización de tránsito y la capacidad de patrullaje en los 592 km2 del ",Equipos adquiridos; Operativos realizados con tecnología; Reducción infracciones (%),Por establecer,Avance 50%,100% implementado,M,Mediano (2028-2032),Dirección Seguridad Pública,Dirección Seguridad Pública + Informática,Municipal,Municipal + Carabineros,11,2,1,1,0,0,1
153,,,OE 5.4 Convivencia escolar,Seguridad Pública,R6: Ordenanza de Seguridad y Convivencia Ciudadana,"Marco normativo integral para convivencia vecinal, uso espacio público y prevención conductas antisociales.",Ordenanza aprobada,Sin ordenanza convivencia,Ordenanza con protocolos,Evaluación percepción bienal,M,Mediano (2028-2032),DSP,DSP + Jurídica,Municipal,Municipal + SENDA + OLN,11,2,1,1,0,0,1
154,,,OE 5.4 Mejorar convivencia escolar y reducir bullying en establecimientos educacionales,Seguridad Pública Orden Público y Recuperación de Espacios Públicos,"Programa de Seguridad Escolar""Protegiendo Nuestro Futuro""","Fortalecer la seguridad escolar en los 32 establecimientos educacionales de Rengo mediante protocolos de prevención actualizados, equipos de mediación de conflictos, programas de prevención de bullying y ciberbullying, y coordinación permanente con Carabineros para garantizar entornos escolares segu",Establecimientos con programa implementado; Casos de bullying reportados y atendidos; Índice de convivencia escolar,Protocolos de seguridad escolar parciales sin programa integral,100% establecimientos municipales con programa + mediadores escolares,Programa extendido a establecimientos subvencionados + reducción 50% bullying,C,Corto (2025-2028),DAEM,DAEM + Dirección Seguridad Pública + OPD,Municipal,Municipal + MINEDUC + SPD + Carabineros,4,2,1,0,0,0,1
221,,,OE 5.5 Implementar plan comunal de gestión del riesgo de desastres conforme Ley 21.364,Plan Comunal de Emergencia (Gestión de Emergencias y Desastres),Relaciones Público - Privada: Compromiso con la Prevención,"Establecer vínculos formales de coordinación y trabajo conjunto entre la Municipalidad de Rengo y las empresas de servicios básicos presentes en el territorio (ESSBIO, CGE, ISAVIAS), mediante convenios de colaboración orientados a la prevención de emergencias. Los acuerdos definirán protocolos compa",N° convenios firmados con empresas privadas; N° campañas conjuntas de prevención/año; N° protocolos de coordinación activos y vigentes,Sin convenios formales con empresas de servicios básicos; sin protocolos conjuntos de prevención,"3 convenios activos (ESSBIO, CGE, ISAVIAS); 2 campañas conjuntas/año; protocolo unificado aprobado",5+ empresas integradas al Plan Comunal de Emergencia; simulacros anuales conjuntos; protocolo de respuesta activo,C,Corto (2025-2028),Dirección Seguridad Pública,Dirección Seguridad Pública + DIDECO + Alcaldía,Municipal,Municipal + Aportes privados (RSE),11,3,0,0,0,0,0
222,,,,Plan Comunal de Emergencia (Gestión de Emergencias y Desastres),"Capacitaciones Preventivas: Rengo Preparado, Rengo Seguro","Promover la capacitación integral en gestión del riesgo de desastres para las organizaciones funcionales y territoriales de Rengo, abordando los ciclos de prevención, reacción, mitigación y recuperación ante incendios urbanos, rurales y emergencias hídricas. El programa articula la acción conjunta e",N° organizaciones capacitadas en prevención/año; % ciudadanía con conocimiento del Plan de Emergencias; N° simulacros realizados/año; N° brigadas preventivas creadas,6% ciudadanía conoce Plan Comunal de Emergencias; sin programa formal de capacitación comunitaria,100 organizaciones capacitadas; 30% ciudadanía conoce el plan; 2 simulacros comunales/año,60% ciudadanía capacitada en prevención; 21 UVs con brigadas preventivas activas; 4 simulacros/año,C,Corto (2025-2028),Dirección Seguridad Pública,Dirección Seguridad Pública + Bomberos + Carabineros + DIDECO,Municipal,Municipal + SENAPRED,11,3,1,0,0,0,1
155,,,,Plan Comunal de Emergencia (Gestión de Emergencias y Desastres),Activación COGRID Preventivo y Reactivo,"Activar y mantener operativo el Comité de Gestión del Riesgo de Desastres (COGRID) comunal conforme a la Ley 21.364, con sesiones preventivas mensuales, protocolos reactivos ante emergencias, coordinación con SENAPRED y actualización permanente del plan comunal de emergencias para los 65.786 habitan",Sesiones preventivas del COGRID realizadas; Tiempo de activación reactiva; Instituciones participantes,COGRID con activación solo reactiva sin sesiones preventivas regulares,COGRID con sesiones mensuales preventivas + protocolos actualizados,COGRID modelo regional + sistema de alerta temprana + coordinación permanente,C,Corto (2025-2028),Dirección Protección Civil,Dirección Protección Civil + Alcaldía,Municipal,Municipal + SENAPRED + Carabineros + Bomberos + Salud,11,3,0,0,0,0,0
156,,,,Plan Comunal de Emergencia (Gestión de Emergencias y Desastres),Centro de Gestión Social y Emergencias,"Crear centro de gestión social y emergencias que integre coordinación operativa, atención a damnificados, gestión de albergues y articulación de ayuda humanitaria en un espacio físico dedicado.",Centro operativo; Capacidad de albergue; Tiempo de activación de ayuda humanitaria,Sin centro dedicado para gestión de emergencias,Centro operativo habilitado + capacidad para 200 personas + protocolos,Centro de gestión modelo + redundancia operativa + capacidad 500 personas,M,Mediano (2028-2032),Dirección Protección Civil,Dirección Protección Civil + SECPLAN + DIDECO,FNDR,Municipal + SENAPRED + FNDR + GORE,11,2,0,0,0,0,0
157,,,,Plan Comunal de Emergencia (Gestión de Emergencias y Desastres),Coordinación Interinstitucional para Emergencias,"Fortalecer la coordinación interinstitucional para gestión de emergencias mediante convenios, protocolos conjuntos y ejercicios periódicos con Carabineros, Bomberos, Salud, SENAPRED y Fuerzas Armadas.",Convenios interinstitucionales vigentes; Ejercicios conjuntos realizados; Protocolos de coordinación actualizados,Coordinación ad hoc sin convenios formales permanentes,Convenios con 100% instituciones clave + 2 ejercicios conjuntos anuales,Sistema de coordinación permanente + centro de mando unificado + interoperabilidad,C,Corto (2025-2028),Dirección Protección Civil,Dirección Protección Civil + Alcaldía,Municipal,Municipal + SENAPRED + Carabineros + Bomberos + FFAA + Salud,11,3,0,0,0,0,0
158,,,,Plan Comunal de Emergencia (Gestión de Emergencias y Desastres),Establecimiento de Presupuesto Fijo para Emergencias,"Establecer partida presupuestaria fija anual para gestión de emergencias y desastres, garantizando recursos permanentes para prevención, respuesta y recuperación conforme Ley 21.364.",Presupuesto anual asignado a emergencias; Porcentaje del presupuesto municipal; Ejecución presupuestaria,Sin partida presupuestaria fija para emergencias,Partida fija equivalente al 2% presupuesto municipal + fondo de reserva,3% presupuesto municipal + fondo de contingencia + seguros comunales,C,Corto (2025-2028),Dirección Protección Civil,Dirección Protección Civil + Finanzas + Alcaldía,Municipal,Municipal,11,2,0,0,0,0,0
159,,,,Plan Comunal de Emergencia (Gestión de Emergencias y Desastres),"Fortalecimiento de Capacidad de Respuesta""Rengo Resiliente""","Fortalecer la capacidad de respuesta comunal ante emergencias y desastres mediante equipamiento, capacitación de brigadas, simulacros periódicos y articulación con SENAPRED y organismos de primera respuesta.",Brigadas capacitadas; Simulacros realizados al año; Tiempo de activación del COE comunal,Capacidad de respuesta básica sin plan estructurado según Ley 21.364,Plan comunal aprobado + 10 brigadas + 4 simulacros anuales,Sistema integral de respuesta + certificación SENAPRED + brigadas en 100% localidades,C,Corto (2025-2028),Dirección Protección Civil,Dirección Protección Civil + SECPLAN,Municipal,Municipal + SENAPRED + GORE + Bomberos + Cruz Roja,11,2,0,0,0,0,0
160,,,,Plan Comunal de Emergencia (Gestión de Emergencias y Desastres),"Integración de Tecnologías para Emergencias""Rengo Inteligente""","Desplegar tecnologías de monitoreo y alerta temprana para la gestión de emergencias en Rengo, incluyendo sensores de nivel de agua en el Río Claro, estaciones meteorológicas automáticas, sistemas de alerta masiva por SMS y sirenas, y drones de reconocimiento para evaluación rápida de daños en los 59",Sensores y estaciones instalados; Alertas tempranas emitidas; Cobertura del sistema de alerta masiva,Sin sistema tecnológico de monitoreo de riesgos,5 estaciones meteorológicas + sistema de alerta masiva SMS + sensores en cauces,Red completa de monitoreo + drones + sistema predictivo de riesgos,M,Mediano (2028-2032),Dirección Protección Civil,Dirección Protección Civil + Informática,FNDR,Municipal + SENAPRED + FNDR + DMC + DGA,9,3,0,0,0,0,0
161,,,,Plan Comunal de Emergencia (Gestión de Emergencias y Desastres),"Inversión Estratégica en Equipos de Emergencia""Rengo Estratégico""","Adquirir y mantener equipamiento especializado de emergencia incluyendo vehículos de rescate, motobombas, generadores, equipos de comunicación y herramientas de primera respuesta.",Equipos de emergencia adquiridos; Estado operativo del equipamiento; Capacidad de respuesta simultánea,Equipamiento de emergencia básico e insuficiente,Renovación 70% equipamiento + 2 vehículos de rescate + generadores,Equipamiento completo según estándar SENAPRED + mantenimiento preventivo,M,Mediano (2028-2032),Dirección Protección Civil,Dirección Protección Civil + Administración,FNDR,Municipal + SENAPRED + FNDR + GORE,11,2,0,0,0,0,0
162,,,,Plan Comunal de Emergencia (Gestión de Emergencias y Desastres),Mantenimiento de Infraestructura Crítica,"Establecer un programa de mantenimiento preventivo y mejoramiento de infraestructura crítica comunal, abarcando puentes, caminos rurales, sistemas de drenaje y redes de agua potable en las 12 unidades vecinales rurales, con cronograma anual de inspecciones y priorización de intervenciones según vuln",Infraestructura crítica catastrada; Intervenciones de mantenimiento preventivo; Reducción de daños por emergencias,Mantenimiento reactivo sin catastro de infraestructura crítica,Catastro 100% infraestructura crítica + plan de mantenimiento preventivo anual,Sistema de gestión de activos + mantenimiento predictivo + inversión en resiliencia,M,Mediano (2028-2032),DOM,DOM + Dirección Protección Civil + SECPLAN,FNDR,Municipal + MOP + FNDR + GORE,9,3,0,0,0,0,0
163,,,,Plan Comunal de Emergencia (Gestión de Emergencias y Desastres),"Mapeo de Zonas de Evacuación""Rengo Seguro""","Elaborar y difundir mapeo completo de zonas de evacuación, rutas seguras, puntos de encuentro y albergues comunales, con señalética en terreno, material digital y capacitación comunitaria.",Zonas de evacuación mapeadas; Señalética instalada; Población informada sobre rutas de evacuación,Mapeo parcial de zonas de evacuación sin señalética ni difusión,Mapeo 100% comuna + señalética en terreno + difusión digital y comunitaria,Mapeo dinámico actualizado + app de evacuación + simulacros con rutas + albergues equipados,C,Corto (2025-2028),Dirección Protección Civil,Dirección Protección Civil + SECPLAN + DOM,FNDR,Municipal + SENAPRED + FNDR,11,2,0,0,0,0,0
164,,,,Plan Comunal de Emergencia (Gestión de Emergencias y Desastres),"Plan de Apoyo Psicológico Post-Desastre""Rengo Recupera""","Crear plan de apoyo psicológico post-desastre para atención de salud mental de damnificados, brigadas de primera respuesta y comunidad afectada, con equipos especializados en crisis.",Profesionales capacitados en primera ayuda psicológica; Personas atendidas post-emergencia; Protocolos de atención de crisis activos,Sin plan formal de apoyo psicológico post-desastre,Plan operativo + 20 profesionales capacitados + protocolo de activación,Equipo permanente de crisis + red de apoyo comunitario + seguimiento a largo plazo,C,Corto (2025-2028),Depto. Salud Municipal,Depto. Salud Municipal + Dirección Protección Civil,Municipal,Municipal + MINSAL + SENAPRED,3,3,0,0,0,0,0
165,,,,Plan Comunal de Emergencia (Gestión de Emergencias y Desastres),Planificación de Prevención por Temporada de Emergencia,Desarrollar planes operativos diferenciados por temporada (invierno: inundaciones/temporales; verano: incendios forestales/sequía) con activación anticipada de recursos y alertas preventivas.,Planes estacionales elaborados; Actuaciones preventivas realizadas; Daños evitados respecto a temporadas anteriores,Respuesta reactiva sin planificación estacional preventiva,Planes operativos invierno y verano + activación preventiva 30 días antes,Sistema de planificación estacional integrado + evaluación de riesgos dinámico,C,Corto (2025-2028),Dirección Protección Civil,Dirección Protección Civil,Municipal,Municipal + SENAPRED + CONAF + DOH,11,2,0,0,0,0,0
166,,,,Plan Comunal de Emergencia (Gestión de Emergencias y Desastres),Programa de Educación Comunitaria en Gestión de Desastres,"Ejecutar un programa permanente de educación comunitaria en gestión de riesgos y desastres, con talleres en las 330 organizaciones comunitarias, simulacros vecinales semestrales, material educativo adaptado y formación de líderes comunitarios como monitores de preparación ante emergencias en cada un",Talleres comunitarios realizados; Líderes comunitarios formados; Vecinos participantes en simulacros,Educación en gestión de desastres esporádica sin programa formal,Programa en 100% JJVV + 50 líderes comunitarios formados + simulacros anuales,Cultura de prevención instalada + 150 líderes + simulacros semestrales en toda la comuna,C,Corto (2025-2028),Dirección Protección Civil,Dirección Protección Civil + DIDECO,Municipal,Municipal + SENAPRED + ONEMI,4,3,0,0,0,0,0
167,,,,Plan Comunal de Emergencia (Gestión de Emergencias y Desastres),"Red de Voluntariado ""Voluntarios por Rengo""","Crear y formalizar red comunal de voluntariado para emergencias, con capacitación certificada, seguro de accidentes, equipamiento básico y protocolos de activación para apoyo a primera respuesta.",Voluntarios registrados y capacitados; Activaciones de la red; Horas de voluntariado en emergencias,Voluntariado espontáneo sin red formal ni capacitación,100 voluntarios capacitados + protocolo de activación + seguro de accidentes,300 voluntarios + red territorial + certificación SENAPRED + equipamiento,C,Corto (2025-2028),Dirección Protección Civil,Dirección Protección Civil + DIDECO,Municipal,Municipal + SENAPRED + Cruz Roja + Bomberos,11,3,1,0,0,0,1
168,6,"Eje 6: Innovación, Modernizacion y Optimizacion de la Gestión Municipal",OE 6.1 Implementar sistema de monitoreo y evaluación de planes y programas municipales,Gobernanza Institucional,Promoción de Sistematización de la Información Municipal y Social,"Crear un sistema centralizado de gestión documental y sistematización de la información municipal que integre datos de todas las direcciones, facilite la trazabilidad de decisiones y alimente el tablero de indicadores KPI del PLADECO, fortaleciendo la gestión basada en evidencia entre los 939 funcio",Sistema de información implementado; Bases de datos integradas; Reportes automatizados generados,Por establecer,Avance 50%,100% implementado,M,Mediano (2028-2032),DOM,DOM + SECPLAN,FNDR,FNDR + MINVU + Municipal,6,4,0,0,0,0,0
169,,,,Innovación Modernización y Optimización de la Gestión Municipal,Juzgado de Policía Local Innovador,"Modernizar el Juzgado de Policía Local con digitalización de expedientes, sistema de gestión de causas, mediación prejudicial, atención ciudadana mejorada y reducción de tiempos procesales.",Causas ingresadas y resueltas; Tiempo promedio de resolución; Mediaciones exitosas; Satisfacción usuaria,Gestión tradicional con expedientes físicos y tiempos prolongados,Expediente digital + mediación prejudicial + reducción 30% tiempos,Juzgado modelo + resolución en línea + justicia local accesible y eficiente,M,Mediano (2028-2032),Juzgado Policía Local,Juzgado Policía Local + Informática,Municipal,Municipal + Poder Judicial + SUBDERE,16,1,0,0,1,0,1
170,,,,Innovación Modernización y Optimización de la Gestión Municipal,"Mapa Comunal de Problemáticas""Observando la Realidad"": Promover el trabajo municipal a nivel Unidades Vecinales (Villas ","Crear sistema de mapeo georeferenciado de problemáticas comunales que permita visualizar, priorizar y monitorear necesidades territoriales en tiempo real con participación ciudadana.",Problemáticas georeferenciadas; Sectores priorizados; Intervenciones realizadas según mapa,Sin sistema de mapeo georeferenciado de problemáticas,Plataforma GIS operativa + catastro de problemáticas + actualización trimestral,Sistema en tiempo real + reportes ciudadanos integrados + planificación territorial basada en datos,C,Corto (2025-2028),SECPLAN,SECPLAN + Informática + DIDECO,Municipal,Municipal + SUBDERE + IGM,9,3,0,0,0,0,0
171,,,,Innovación Modernización y Optimización de la Gestión Municipal,Optimización Institucional: Menor Burocracia,"Simplificar y rediseñar procesos administrativos municipales para reducir burocracia, tiempos de tramitación y requisitos innecesarios, mejorando la experiencia del ciudadano y la eficiencia interna.",Procesos rediseñados; Reducción de tiempos de tramitación; Documentos eliminados por simplificación,Procesos burocráticos sin rediseño formal,Rediseño de 20 procesos críticos + reducción 40% tiempos + ventanilla única,100% procesos optimizados + automatización + cero papel en procesos internos,C,Corto (2025-2028),Administración Municipal,Administración Municipal + SECPLAN + Informática,Municipal,Municipal + SUBDERE,16,1,0,0,0,0,0
172,,,,Innovación Modernización y Optimización de la Gestión Municipal,"Planificación Estratégica Integral""Municipio Coordinado""","Establecer un sistema de planificación estratégica integral que articule PLADECO 2025-2035, presupuesto municipal, planes sectoriales de las 13 unidades municipales y evaluacion de gestion en una plataforma unificada de seguimiento, alineando recursos e indicadores con las 200 politicas del plan com",Planes articulados en plataforma; Porcentaje de cumplimiento de metas PLADECO; Evaluaciones trimestrales realizadas,Planificación sectorial desarticulada sin sistema de seguimiento,Plataforma de seguimiento operativa + evaluación trimestral + tablero de gestión,Sistema integral de planificación + evaluación en tiempo real + mejora continua,C,Corto (2025-2028),SECPLAN,SECPLAN + Administración Municipal,Municipal,Municipal + SUBDERE,16,2,0,0,0,0,0
173,,,,Innovación Modernización y Optimización de la Gestión Municipal,Planificación Estratégica por Servicio: Municipio Coordinado y Eficiente,"Elaborar planes estratégicos por dirección y departamento de las 13 unidades municipales, alineados al PLADECO 2025-2035, con indicadores de gestión diferenciados, metas anuales verificables y evaluacion de desempeno por servicio que alimente el IIGAM, actualmente en 57% de cumplimiento.",Direcciones con plan estratégico; Indicadores de gestión definidos; Evaluaciones de desempeño realizadas,Gestión sin planes estratégicos por dirección,100% direcciones con plan estratégico + indicadores + evaluación anual,Sistema de gestión por resultados + benchmarking municipal + mejora continua,C,Corto (2025-2028),SECPLAN,SECPLAN + Administración Municipal + RRHH,Municipal,Municipal + SUBDERE,16,1,0,0,0,0,0
174,,,,Innovación Modernización y Optimización de la Gestión Municipal,Recuperación Responsable: Proyectos Rezagados,"Identificar, evaluar y reactivar proyectos municipales rezagados o paralizados, estableciendo plan de recuperación con plazos, responsables y recursos para completar inversiones pendientes.",Proyectos rezagados catastrados; Proyectos reactivados; Inversión recuperada (pesos),Sin catastro formal de proyectos rezagados,Catastro completo + reactivación de 80% proyectos viables + plan de recuperación,100% proyectos rezagados resueltos + sistema de alerta temprana de retrasos,C,Corto (2025-2028),SECPLAN,SECPLAN + DOM + Administración Municipal,FNDR,Municipal + FNDR + GORE + Ministerios sectoriales,16,1,0,0,0,0,0
175,,,,Innovación Modernización y Optimización de la Gestión Municipal,Supervisión y Evaluación: Calidad Administrativa,"Crear unidad de supervisión y evaluación de calidad administrativa que realice auditorías de procesos, encuestas de satisfacción y mejoramiento continuo de servicios municipales.",Auditorías de procesos realizadas; Índice de satisfacción ciudadana; No conformidades resueltas,Sin unidad formal de supervisión y calidad,Unidad operativa + auditorías semestrales + encuesta anual de satisfacción,Sistema de calidad certificado + mejora continua + satisfacción >80%,C,Corto (2025-2028),Administración Municipal,Administración Municipal + Contraloría Interna,Municipal,Municipal + SUBDERE,16,1,0,1,0,0,1
176,,,OE 6.1 Unidad M&E PLADECO,Innovación Municipal,Fortalecimiento Unidad de Control Interno,"Dotar a Control Interno de recursos, atribuciones y personal para cumplir mandato legal de fiscalización.",Unidad fortalecida; plan anual auditoria,Unidad sin recursos ni atribuciones,3+ profesionales y plan anual,Auditoría integral anual,C,Corto (2025-2028),Contraloría Interna,Contraloría Interna + Alcaldía,Municipal,Municipal,16,1,0,0,0,0,0
177,,,,Planificación Estratégica,Integración PACCC en PLADECO: Coherencia Climática Explícita,"Incorporar la variable climática como dimensión estructurante del PLADECO, no como eje sectorial residual, articulando indicadores MRV del PACCC con el sistema de seguimiento PLADECO.",Capítulo climático en PLADECO; indicadores MRV integrados; matriz coherencia cruzada,PACCC vigente sin articulación con PLADECO,Capítulo climático + 5 indicadores MRV,Primera actualización sincronizada PACCC-PLADECO,C,Corto (2025-2028),SECPLAN,SECPLAN + Aseo y Ornato + Unidad CC,Municipal,Municipal,13,2,0,0,0,0,0
178,,,,Gestión Administrativa,Sistema de Evaluación de Ejecución Presupuestaria y Plan de Compras,"Establecer un sistema de informes trimestrales de ejecución presupuestaria y cumplimiento del plan de compras que comparar lo planificado versus lo ejecutado por cada dirección municipal, con tasa de ejecucion, alertas de desviación y retroalimentación al Concejo para fortalecer la disciplina fiscal",Tasa ejecución Plan Compras; % ejecución presupuestaria; reportes trimestrales,Sin medición de ejecución,Tasa ejecución >= 75% + 4 reportes/ano,Tasa ejecución >= 90% + Plan Inversiones Comunal,C,Corto (2025-2028),DAF,DAF + SECPLAN,Municipal,Municipal,16,2,0,0,0,0,0
179,,,OE 6.2 Actualizar Política RRHH,Innovación Municipal,Actualización Integral Política de Recursos Humanos,"Actualizar Política RRHH (Decreto 1248/2018) con genero, bienestar laboral, competencias digitales y plan sucesión.",Política actualizada y aprobada,Decreto 1248/2018 (7 años),Política con 7 brechas cerradas,Evaluación bienal + indicadores,C,Corto (2025-2028),RRHH,RRHH + Administracion,Municipal,Municipal,5,3,0,1,0,0,1
180,,,,Protección Derechos Laborales,Actualización Protocolo Acoso conforme Ley Karin (N 21.643),"Actualizar Protocolo de Prevención del Acoso (Dec. 1807/2023) incorporando violencia en el trabajo, extensión a terceros, capacitación semestral obligatoria y registro de denuncias.",Protocolo actualizado; % personal capacitado; N denuncias gestionadas en plazo,Protocolo de nov-2023 pre-Ley Karin; 5 brechas críticas,Protocolo actualizado + 100% capacitados,2 capacitaciones semestrales/ano + registro digital,C,Corto (2025-2028),Asesoría Jurídica,Asesoría Jurídica + RRHH,Municipal,Municipal,5,3,0,0,0,0,0
181,,,,Desarrollo Capital Humano,Diagnóstico de Brechas de Competencias y Plan Multi-Fuente de Capacitación,Realizar diagnóstico de competencias del personal y desarrollar plan de capacitación con fuentes diversificadas (SUBDERE + recursos propios + convenios universitarios).,Informe de brechas aprobado; N convenios universitarios; plan multi-fuente aprobado,Sin diagnóstico de brechas; fuente única SUBDERE; reglamento 2011,Diagnóstico + 1 convenio + reglamento actualizado,Plan multi-fuente + 2 convenios + 55% profesionalización,M,Mediano (2028-2032),RRHH,RRHH + SECPLAN + DAF,Municipal,Municipal + SUBDERE + SENCE + universidades regionales,4,2,0,0,0,0,0
182,,,,Innovación Municipal,Plan Convivencia Laboral y Cumplimiento Ley Karin (21.643),"Capacitación universal Ley 21.643, protocolos denuncia segura, intervención microagresiones y seguimiento casos.",100% capacitados; protocolo operativo,43% desconoce Ley Karin; 170+ sumarios,100% capacitados + protocolo + canal,Evaluación clima anual,C,Corto (2025-2028),RRHH,RRHH + Jurídica,Municipal,Municipal,5,2,0,0,0,0,0
183,,,,Innovación Municipal,Plan de Profesionalizacion y Capacitacion Continua,"Programa de profesionalización progresiva de 34,5% a 55% al 2035 con convenios universitarios y SENCE.",% profesionales; N capacitaciones/año,"34,5% profesionalización",45% + plan capacitación anual,55% + certificaciones,M,Mediano (2028-2032),RRHH,RRHH + SECPLAN,Municipal,Municipal + SUBDERE + SENCE,4,2,0,0,0,0,0
184,,,OE 6.2 Fortalecer capacidades del recurso humano municipal mediante capacitación y desarrollo profes,Innovación Modernización y Optimización de la Gestión Municipal,"Equipo de Gobierno, Administración y Gestión","Fortalecer el equipo directivo y de gestión municipal mediante selección por competencias, capacitación en liderazgo público, evaluación de desempeño y desarrollo de carrera funcionaria.",Directivos capacitados en gestión pública; Evaluaciones de desempeño realizadas; Mejora en indicadores de gestión,Capacitación directiva esporádica sin plan de desarrollo,100% equipo directivo con plan de desarrollo + evaluación anual + capacitación,Sistema de alta dirección pública local + carrera funcionaria + liderazgo de excelencia,C,Corto (2025-2028),Alcaldía,Alcaldía + RRHH + Administración Municipal,Municipal,Municipal + SUBDERE + Academia,16,1,0,0,0,0,0
185,,,,Innovación Modernización y Optimización de la Gestión Municipal,Modernización del Código de Ética Municipal,"Actualizar y fortalecer el código de ética municipal, implementando sistema de declaración de intereses, capacitación en probidad, canal de denuncias y comité de ética con participación ciudadana.",Código de ética actualizado; Funcionarios capacitados en probidad; Denuncias gestionadas por canal ético,Código de ética desactualizado sin mecanismos de control,Código actualizado + 100% funcionarios capacitados + canal de denuncias operativo,Sistema de integridad institucional + evaluación periódica + cultura ética instalada,C,Corto (2025-2028),Administración Municipal,Administración Municipal + RRHH + Jurídica,Municipal,Municipal + Contraloría,16,1,0,0,0,0,0
186,,,OE 6.3 Implementar sistema ERP y transformación digital de la gestión municipal,Innovación Modernización y Optimización de la Gestión Municipal,"Edificio Municipal Consistorial ""Rosario Unido""","Estudiar la construcción o remodelar edificio municipal consistorial que integre servicios municipales, accesibilidad universal, eficiencia energética y espacios ciudadanos en infraestructura moderna y funcional.",Avance de proyecto (diseño/construcción); Servicios integrados; Satisfacción ciudadana con infraestructura,Infraestructura municipal dispersa y deteriorada,Diseño aprobado + inicio de construcción/remodelación,Edificio consistorial operativo + 100% servicios integrados + accesibilidad universal,L,Largo (2032-2035),SECPLAN,SECPLAN + DOM + Administración Municipal,FNDR,Municipal + FNDR + GORE + SUBDERE,9,3,0,0,0,0,0
187,,,,Innovación Modernización y Optimización de la Gestión Municipal,Innovación Municipal: Rengo Digital,"Desplegar una estrategia de transformación digital municipal que integre sistema ERP, tramites en línea, firma electrónica avanzada, expediente digital, atencion virtual ciudadana y modernización tecnológica de procesos internos de las 13 unidades municipales, elevando el IIGAM desde el actual 57% d",Trámites digitalizados; Usuarios de plataforma digital; Reducción de tiempos de tramitación,Trámites mayoritariamente presenciales sin ERP integrado,ERP operativo + 60% trámites en línea + firma electrónica + expediente digital,100% trámites digitales + IA en gestión + municipio paperless,M,Mediano (2028-2032),Informática,Informática + Administración Municipal + SECPLAN,FNDR,Municipal + SUBDERE + FNDR + CORFO,9,2,0,0,0,0,0
223,,,OE 6.3 Plataforma digital participación,Mapeo Digital,Crear Cartografias Digitales para convertirse en suministros para las Instituciones Públicas en la Comuna,"Desarrollar una plataforma de cartografía digital institucional que integre las 21 Unidades Vecinales del territorio comunal en capas temáticas de riesgo, infraestructura, equipamiento público y variables socioeconómicas. El sistema GIS municipal permitirá a SECPLAN, DOM, Bomberos, DIDECO y organism","N° de cartografías digitales temáticas creadas; N° instituciones con acceso al sistema GIS; Capas temáticas disponibles (UV, riesgo, infraestructura)",Sin sistema de cartografía digital institucional integrado; información territorial en formato análogo,Plataforma GIS municipal operativa; 5 cartografías temáticas disponibles; 8 instituciones con acceso,21 UVs mapeadas digitalmente; plataforma de datos abiertos al público; 15 instituciones integradas,M,Mediano (2028-2032),SECPLAN,SECPLAN + Unidad de Informática + DOM,Municipal,Municipal + GORE + SUBDERE,9,4,0,0,0,0,0
188,,,,Transformación Digital,Plan de Implementación Ley 21.180 de Transformación Digital,"Articular con SGD el acceso a activos digitales transversales (Doc Digital, Domicilio Digital Único) y preparar las fases de comunicación electrónica obligatoria.",% procedimientos digitalizados; Encargado TIC designado; EN activos SGD implementados,Sin Encargado TIC; sin plan Ley 21.180,Encargado TIC + Doc Digital operativo + 50% procedimientos,100% procedimientos + interoperabilidad + domicilio digital,C,Corto (2025-2028),Informatica,Informatica + Administracion + SECPLAN,Municipal,Municipal + SGD + SUBDERE,9,2,0,0,0,0,0
189,,,,Transformación Digital,Plataforma Vecino Digital y Participación Ciudadana Online,"Desarrollar plataforma digital de participación que permita reportar problemas, hacer seguimiento de solicitudes y acceder a registros municipales, con SLA definidos.",Plataforma operativa; N reclamos gestionados; tiempo promedio respuesta,Sin Plataforma Vecino Digital; Ventanilla Única basica,Plataforma operativa + SLA < 5 días,Integración con App móvil + > 1.000 usuarios activos,M,Mediano (2028-2032),Informática,Informática + SECPLAN + Innovación y Gestión,Municipal,Municipal + SUBDERE + SGD,9,2,0,0,0,0,0
190,,,,Transparencia Digital,Publicación Digital de Sesiones del Concejo y Boletines Ciudadanos,"Publicar actas y video de sesiones del Concejo Municipal periódicamente, e implementar boletines informativos digitales con suscripción ciudadana.",Sesiones publicadas; N suscriptores boletín; frecuencia publicacion,Sin sesiones online; sin boletines digitales,100% sesiones publicadas + boletín mensual,Video sesiones + boletín quincenal + > 2.000 suscriptores,C,Corto (2025-2028),Secretaria Municipal,Secretaria Municipal + Comunicaciones,Municipal,Municipal,16,1,0,0,0,0,0
191,,,OE 6.4 Crear Unidad Medio Ambiente,Innovación Municipal,Actualización Reglamento Organización Interna Municipal,"Modificar Reglamento (Decreto 1778/2018, mod. 1287/2022) para crear Unidad MA, elevar Des. Económico a Dirección y reestructurar organigrama.",Reglamento actualizado,3 brechas estructurales,Unidad MA + Dir. Des. Económico,Evaluación alineamiento,C,Corto (2025-2028),Alcaldía,Alcaldía + Jurídica + Concejo,Municipal,Municipal,16,2,0,0,0,0,0
192,,,,Innovación Municipal,Creación Unidad de Medio Ambiente Municipal,"Constituir formalmente la Unidad de Medio Ambiente en el Reglamento Municipal de Rengo, dotándola de profesionales especializados, presupuesto asignado y un plan de acción climática comunal que aborde gestión de residuos, calidad del aire, protección de ecosistemas del Río Claro y educación ambienta",Unidad creada; Plan Climático,Sin Unidad MA,Unidad con 2+ profesionales + Plan,Evaluación ambiental bienal,C,Corto (2025-2028),Alcaldía,Alcaldía + SECPLAN,Municipal,Municipal + MMA,13,2,0,0,0,0,0
193,,,,Innovación Municipal,R5: Ordenanza de Medio Ambiente y Sustentabilidad,"Crear ordenanza que regule áreas verdes, arbolado urbano, calidad del aire, gestión Rio Claro y adaptacion climatica.",Ordenanza ambiental aprobada,Sin ordenanza ambiental,Ordenanza + Plan Climático,Evaluación impacto cada 3 años,M,Mediano (2028-2032),Unidad MA,Unidad MA + SECPLAN,FNDR,Municipal + MMA + FNDR,6,3,0,0,0,0,0
194,,,OE 6.4 Fortalecer gestión ambiental y eficiencia en uso de recursos municipales,Innovación Modernización y Optimización de la Gestión Municipal,Modernización de Cuadrillas de Aseo y Ornato,"Modernizar operación de cuadrillas de aseo y ornato municipal con planificación por rutas optimizadas, equipamiento renovado, uniformes, capacitación y sistema de reporte ciudadano de necesidades.",Rutas de aseo optimizadas; Tiempo de respuesta ante reportes; Satisfacción ciudadana con aseo,Cuadrillas con operación tradicional sin optimización de rutas,Rutas optimizadas + equipamiento renovado + app de reporte ciudadano,Sistema inteligente de gestión de aseo + vehículos eléctricos + ISO 14001,C,Corto (2025-2028),Dirección Aseo y Ornato,Dirección Aseo y Ornato + Administración,Municipal,Municipal + SUBDERE,11,2,1,0,0,0,1
195,,,OE 6.5 Direccion Desarrollo Economico,Innovación Municipal,Creación Dirección de Desarrollo Económico Local,"Elevar el actual Departamento de Desarrollo Económico a Dirección Municipal con planta profesional especializada, presupuesto propio y plan estratégico orientado a fortalecer las 4.829 empresas comunales, reducir la estacionalidad del 57% del empleo y articular la oferta formativa con la demanda pro",Dirección creada y operativa,Departamento sin rango,Dirección con 5+ profesionales y PC DEL,Evaluacion gestion,C,Corto (2025-2028),Alcaldía,Alcaldía + Jurídica,Municipal,Municipal,8,2,0,0,0,0,0
196,,,OE 6.5 Promover desarrollo económico local y emprendimiento comunitario,Innovación Modernización y Optimización de la Gestión Municipal,Alianzas Estratégicas Público-Privado-Sociedad Civil,"Establecer alianzas estratégicas con sector privado, academia y sociedad civil para cofinanciar proyectos, transferir tecnología, desarrollar emprendimiento y fortalecer tejido productivo comunal.",Alianzas formalizadas; Inversión privada apalancada; Proyectos conjuntos ejecutados,Alianzas público-privadas esporádicas sin estrategia,10 alianzas estratégicas + mesa público-privada permanente,20 alianzas + ecosistema de innovación + inversión privada significativa,M,Mediano (2028-2032),SECPLAN,SECPLAN + Desarrollo Económico + Alcaldía,Municipal,Municipal + Sector Privado + Universidades + CORFO,8,2,0,0,0,0,0
197,,,,Innovación Modernización y Optimización de la Gestión Municipal,Mejoramiento de Juzgado de Policía Local: Atención Web y Presencial,"Promover procesos de atención y resolución de casos por internet para la mejora de la atención, desconcentración de atención a público y enriquecer experiencia usuaria.",Plataforma web implementada; Casos resueltos en línea (%); Tiempo promedio resolucion,Por establecer,Avance 50%,100% implementado,M,Mediano (2028-2032),SECPLAN,SECPLAN + Alcaldía,Municipal,Municipal + SUBDERE,16,2,0,0,0,0,0
198,,,,Innovación Modernización y Optimización de la Gestión Municipal,"Atención Integral al Ciudadano: Asesoría Jurídica, Contable y Social","Crear oficina de atención integral al ciudadano que ofrezca asesoría jurídica, contable, social y orientación en trámites públicos de manera gratuita para vecinos de Rengo.",Atenciones realizadas por tipo; Casos resueltos; Satisfacción de usuarios,Asesoría fragmentada en distintas dependencias,"Oficina integral operativa + 1,000 atenciones anuales + evaluación satisfacción","Red de oficinas + atención digital + 3,000 atenciones anuales + convenios universidades",C,Corto (2025-2028),DIDECO,DIDECO + Jurídica + Administración Municipal,Municipal,Municipal + Universidades + Colegios Profesionales,1,3,0,0,0,0,0
199,,,,Innovación Modernización y Optimización de la Gestión Municipal,"Desconcentración de Servicios""Rengo Atiende en el territorio""","Descentralizar servicios municipales hacia localidades rurales mediante oficinas satélite, atención itinerante y plataformas digitales para trámites, permisos y consultas sin necesidad de trasladarse al centro.",Localidades con servicio municipal desconcentrado; Trámites realizados en localidades; Satisfacción ciudadana rural,Servicios municipales concentrados en edificio central,5 oficinas satélite + atención itinerante mensual en 100% localidades,10 oficinas + plataforma digital de trámites + 100% servicios accesibles remotamente,M,Mediano (2028-2032),Administración Municipal,Administración Municipal + SECPLAN + Informática,FNDR,Municipal + SUBDERE + FNDR,9,3,0,0,0,0,0
200,,,OE 6.6 Fortalecer la cuenta pública y la rendición de cuentas participativa,Innovación Modernización y Optimización de la Gestión Municipal,Alianza Estratégica con Servicios Públicos: Transparencia,"Establecer convenios de colaboración con servicios públicos (SII, Registro Civil, FONASA, ChileAtiende) para descentralizar trámites estatales en dependencias municipales y mejorar acceso ciudadano.",Convenios con servicios públicos; Trámites estatales disponibles en la comuna; Usuarios atendidos,Presencia limitada de servicios públicos en la comuna,Convenios con 5 servicios públicos + ChileAtiende en Rengo,10+ servicios públicos disponibles + plataforma integrada + atención completa,M,Mediano (2028-2032),Administración Municipal,Administración Municipal + Alcaldía + SECPLAN,Municipal,Municipal + Servicios Públicos + SUBDERE,16,2,0,0,0,0,0
201,,,,Innovación Modernización y Optimización de la Gestión Municipal,Gobierno Abierto Municipal: Co Creación de Políticas,"Establecer un modelo de gobierno abierto municipal con publicación de datos en formato abierto, presupuestos participativos vinculantes, consultas ciudadanas y plataformas digitales de creación de políticas públicas, fortaleciendo la participación de las 330 organizaciones comunitarias en la gestión",Datos abiertos publicados; Consultas ciudadanas realizadas; Propuestas ciudadanas incorporadas a gestión,Participación ciudadana limitada a consultas formales,Portal de datos abiertos + 4 consultas anuales + presupuesto participativo,Gobierno abierto integral + co creación permanente + índice de participación alto,M,Mediano (2028-2032),SECPLAN,SECPLAN + Comunicaciones + DIDECO,Municipal,Municipal + SUBDERE + Sociedad Civil,16,2,0,0,0,0,0
202,,,,Innovación Modernización y Optimización de la Gestión Municipal,Observatorio Ciudadano de Transparencia Municipal,"Crear observatorio ciudadano de transparencia municipal que monitoree gestión, presupuesto, contrataciones y cumplimiento de compromisos con participación de sociedad civil organizada.",Informes de observatorio publicados; Organizaciones participantes; Recomendaciones implementadas por el municipio,Sin observatorio ciudadano de transparencia,Observatorio operativo + 10 organizaciones participantes + informes semestrales,Observatorio consolidado + 30 organizaciones + incidencia en gestión + reconocimiento nacional,M,Mediano (2028-2032),SECPLAN,SECPLAN + DIDECO + Comunicaciones,Municipal,Municipal + Sociedad Civil + Universidades + Consejo para la Transparencia,16,2,0,0,0,0,0
203,,,,Innovación Modernización y Optimización de la Gestión Municipal,Plataforma de Participación Ciudadana,"Crear plataforma digital de participación ciudadana para consultas, propuestas, votaciones, presupuesto participativo y seguimiento de proyectos con transparencia y acceso universal.",Usuarios registrados en plataforma; Consultas ciudadanas realizadas; Propuestas ciudadanas implementadas,Participación ciudadana principalmente presencial sin plataforma digital,"Plataforma operativa + 5,000 usuarios + presupuesto participativo digital","15,000 usuarios + participación vinculante + co creación de políticas permanente",M,Mediano (2028-2032),SECPLAN,SECPLAN + Comunicaciones + Informática + DIDECO,FNDR,Municipal + SUBDERE + FNDR,16,2,1,0,0,0,1
204,,,,Innovación Modernización y Optimización de la Gestión Municipal,"Transparencia y Probidad ""0 Tolerancia a la Corrupción""","Fortalecer políticas de transparencia activa y pasiva, implementando auditorías internas periódicas, sistema de control interno, publicación proactiva de información y canal de denuncias ciudadano.",Índice de transparencia municipal; Auditorías realizadas; Solicitudes de transparencia atendidas en plazo,Cumplimiento básico de transparencia activa,100% transparencia activa + auditorías semestrales + canal de denuncias,Certificación de transparencia + auditorías con estándares internacionales,C,Corto (2025-2028),Administración Municipal,Administración Municipal + Contraloría Interna + Jurídica,Municipal,Municipal + Consejo para la Transparencia,16,1,0,0,0,0,0
205,,,OE 6.6 Rendición cuentas pública,Gobernanza Institucional,Activación COSOC y Mecanismos de Participación Ciudadana,Constituir y activar el Consejo Comunal de Organizaciones de la Sociedad Civil (COSOC) y los mecanismos de participación de la Ley 20.500.,COSOC constituido y sesionando; EN audiencias públicas anuales,Sin COSOC activo ni mecanismos formales,COSOC + 4 sesiones + 2 audiencias/ano,6+ sesiones + consultas ciudadanas regulares,C,Corto (2025-2028),Secretaria Municipal,Secretaria Municipal + DIDECO,Municipal,Municipal,16,2,0,0,0,0,0
206,,,,Gobernanza Institucional,Aprobación Código de Ética Municipal,"Formalizar mediante decreto alcaldicio el Codigo de Etica municipal, definido como elemento mínimo del Sistema de Integridad pero aun pendiente de aprobación.",Código aprobado por decreto; % funcionarios que lo conocen,Código referenciado pero no aprobado,Código aprobado + 100% difundido,Evaluación adherencia bienal,C,Corto (2025-2028),Oficial de Integridad,Oficial de Integridad + CSI + Jurídica,Municipal,Municipal,16,1,0,0,0,0,0
207,,,,Innovación Municipal,Matriz de Riesgo de Probidad e Integridad Municipal,Diseñar matriz de riesgos de probidad que identifique y mitigue riesgos de corrupción en todas las direcciones.,Matriz aprobada y operativa,Sin matriz de riesgo de probidad,Matriz en 100% direcciones,Evaluación anual + auditoria interna,C,Corto (2025-2028),Contraloría Interna,Contraloría Interna + Jurídica,Municipal,Municipal,16,1,0,0,0,0,0
208,,,,Innovación Municipal,Protocolo Anticorrupción y Conflicto de Intereses,"Protocolo de prevención, detección y sanción de actos contrarios a la probidad con canal de denuncias.",Protocolo aprobado; canal denuncias,Sin protocolo anticorrupción formal,Protocolo institucionalizado + 100% capacitados,Evaluación anual; reporte CPLT y CGR,C,Corto (2025-2028),Contraloría Interna,Contraloría Interna + Jurídica,Municipal,Municipal,16,1,0,0,0,0,0
209,,,,Innovación Municipal,R1: Texto Refundido de Derechos Municipales,"Elaborar un Texto Refundido que consolide las 12 o más modificaciones acumuladas en la Ordenanza de Derechos Municipales de Rengo, generando un instrumento jurídico único, actualizado y de fácil consulta para funcionarios, contribuyentes y fiscalizadores, mejorando la certeza jurídica y la recaudaci",Texto refundido aprobado,12+ modificaciones dispersas,Texto refundido publicado,Actualización cada 5 años,C,Corto (2025-2028),Jurídica,Jurídica + SECPLAN,Municipal,Municipal,16,1,0,0,0,0,0
210,,,,Innovación Municipal,R3: Modernización Ordenanza de Aseo y Ornato,"Actualizar ordenanza de 1996 incorporando reciclaje, economía circular y gestión diferenciada de residuos.",Ordenanza actualizada,Ordenanza de 1996 sin actualizar,Ordenanza con reciclaje aprobada,Evaluación bienal,C,Corto (2025-2028),Aseo y Ornato,Aseo y Ornato + Jurídica,Municipal,Municipal,11,2,0,0,0,0,0
211,,,,Innovación Municipal,R4: Catastro Normativo Digital,Crear repositorio digital accesible con toda la normativa municipal sistematizada y buscador ciudadano.,Portal normativo operativo,Sin repositorio digital,Portal con 100% normativa,Actualización continua,C,Corto (2025-2028),Informática,Informática + Jurídica,Municipal,Municipal + SUBDERE,16,1,0,0,0,0,0
212,,,,Gobernanza Institucional,Renovación Convenio con Contraloría y Modelo de Madurez de Integridad,Evaluar renovación del Convenio CGR (Cláusula Sexta permite nuevos convenios) y adoptar modelo de madurez del sistema de integridad propuesto por la Contraloría.,Convenio renovado o cerrado; nivel en modelo madurez CGR; reportes semestrales CSI,Convenio sin cierre formal; sin monitoreo post-Taller ÁGIL,Cierre formal + evaluación renovación + 2 reportes CSI,Nivel 3 modelo madurez + convenio vigente + auditorias integridad,M,Mediano (2028-2032),Contraloría Interna,Contraloría Interna + Oficial de Integridad,Municipal,Municipal + CGR,16,1,0,0,0,0,0
213,,,,Gobernanza Institucional,Sistema de Monitoreo y Evaluación Institucional Integrado,"Establecer un tablero de indicadores institucionales con metas anuales que articule PLADECO, Plan de Salud, PADEM, Plan de Seguridad y demás instrumentos de gestión bajo mecanismos comunes de seguimiento, alimentando la rendición de cuentas pública y el IIGAM con datos verificables de las 13 unidade",N instrumentos en Nivel 3+ de madurez; reportes trimestrales publicados,1 de 16 dimensiones en Nivel 3 (6%),6 de 16 en Nivel 3 (37%),12 de 16 en Nivel 3 (75%),C,Corto (2025-2028),SECPLAN,SECPLAN + Innovacion y Gestion,Municipal,Municipal,16,2,0,0,0,0,0
224,,,,Gobernanza Institucional,"Actualización Plan de Compras Públicas Institucionales: Más Eficiencia, Menos Discrecionalidad","Elaborar un Plan Anual de Compras Públicas estructurado por los 6 Ejes Estratégicos y 32 Objetivos Específicos del PLADECO Rengo 2025-2035, vinculando cada licitación y adquisición directamente a las iniciativas del plan comunal. El instrumento incorpora criterios de eficiencia, trazabilidad y reduc",Plan de Compras estructurado por ejes PLADECO (S/N); % licitaciones vinculadas a iniciativas PLADECO; N° compras trazables a OE específico; Ejecución de inversión (%),"Plan de Compras aprobado sin articulación con ejes PLADECO; ejecución de inversión 32,2%",Plan de Compras estructurado 100% por ejes PLADECO; ejecución inversión >= 55%; trazabilidad formal,Sistema de compras integrado al ERP municipal; ejecución inversión >= 70%; trazabilidad PLADECO-gasto 100%,C,Corto (2025-2028),SECPLAN,SECPLAN + DAF + Alcaldía,Municipal,Municipal,16,2,0,0,0,0,0
214,,,,Gobernanza Institucional,Innovación Sistema de Entrega de Certificados de Disponibilidad Presupuestaria:,Promover la entrega de Certificados de Disponibilidad Presupuestaria en base a los Ejes del Pladeco - Objetivo Estratégico - Áreas Programas para un correcto seguimiento - ejecución del PLADECO,Sistema digital implementado; Certificados emitidos digitalmente (%); Tiempo emisión reducido,Por establecer,Avance 50%,100% implementado,M,Mediano (2028-2032),SECPLAN,SECPLAN + Alcaldía,Municipal,Municipal + SUBDERE,16,2,0,0,0,0,0
225,,,,Gobernanza Institucional,"""Instituciones Capaces y Fuertes""","Fortalecer la capacidad operativa de las unidades municipales y servicios públicos dependientes mediante la adquisición planificada de insumos, equipamiento técnico y materiales de trabajo. La iniciativa responde al diagnóstico que identifica carencias materiales críticas reportadas por funcionarios",N° unidades municipales con equipamiento mínimo adecuado; % satisfacción funcionarios con recursos materiales; Presupuesto ejecutado en insumos técnicos/año,Sin diagnóstico formal de necesidades de insumos técnicos por unidad; carencias materiales reportadas por funcionarios,13 unidades municipales con equipamiento mínimo adecuado; mejora 30% satisfacción en recursos,100% unidades con equipamiento estandarizado; sistema de gestión de activos activo; renovación planificada,C,Corto (2025-2028),DAF,DAF + Alcaldía + Administración Municipal,Municipal,Municipal + SUBDERE,16,2,0,0,0,0,0
